Date,AR
2013-04-29,0.9552250376868502
2013-04-30,0.9551980154056888
2013-05-01,0.9543599211359134
2013-05-02,0.9548522364782024
2013-05-03,0.954916293248554
2013-05-06,0.9543494539036782
2013-05-07,0.9540852640835156
2013-05-08,0.9541474909196366
2013-05-09,0.9541273401503344
2013-05-10,0.9542348264078128
2013-05-13,0.9543023133422136
2013-05-14,0.953993778345544
2013-05-15,0.9540527086807714
2013-05-16,0.9538803983796428
2013-05-17,0.9531758416063628
2013-05-20,0.9529994545439016
2013-05-21,0.9523166325928528
2013-05-22,0.9527416894724662
2013-05-23,0.9526700048327036
2013-05-24,0.9529436505559516
2013-05-28,0.9529752766816136
2013-05-29,0.9527724774005556
2013-05-30,0.9524764145171224
2013-05-31,0.9524774967165416
2013-06-03,0.9503168493348362
2013-06-04,0.950677228733377
2013-06-05,0.951159470931634
2013-06-06,0.9499412408115654
2013-06-07,0.9498862809131994
2013-06-10,0.9494860630900488
2013-06-11,0.9492592256328068
2013-06-12,0.9491561050314944
2013-06-13,0.949402048059567
2013-06-14,0.949666700799314
2013-06-17,0.9494462922837786
2013-06-18,0.950036729687736
2013-06-19,0.9501835896266588
2013-06-20,0.951625118778088
2013-06-21,0.9499500552367904
2013-06-24,0.9501857880646708
2013-06-25,0.9496331115192616
2013-06-26,0.9490961575166068
2013-06-27,0.9486816477772976
2013-06-28,0.9491175249496208
2013-07-01,0.9472377967815144
2013-07-02,0.9476726788530482
2013-07-03,0.9476186072961092
2013-07-05,0.948126954365881
2013-07-08,0.9476265767588392
2013-07-09,0.9476704596903596
2013-07-10,0.9471769277416184
2013-07-11,0.94749976294546
2013-07-12,0.9475049187223218
2013-07-15,0.947012356587126
2013-07-16,0.9470125569842096
2013-07-17,0.947209882561862
2013-07-18,0.946960205357106
2013-07-19,0.947591233838184
2013-07-22,0.9471140081763176
2013-07-23,0.9465555100787224
2013-07-24,0.945790149841451
2013-07-25,0.9457891979253384
2013-07-26,0.9455961485616255
2013-07-29,0.9442376437438006
2013-07-30,0.9442012468299056
2013-07-31,0.944157789956655
2013-08-01,0.9465385184223224
2013-08-02,0.946556783942164
2013-08-05,0.9451061902312444
2013-08-06,0.9454205521846338
2013-08-07,0.9453257600980618
2013-08-08,0.945404673129346
2013-08-09,0.9454112145558357
2013-08-12,0.9452835731955256
2013-08-13,0.944989185132004
2013-08-14,0.945093840100967
2013-08-15,0.946467472687332
2013-08-16,0.9462415029823844
2013-08-19,0.946260641786503
2013-08-20,0.9457961392218368
2013-08-21,0.9458711790677738
2013-08-22,0.9464380952706636
2013-08-23,0.9461360559977692
2013-08-26,0.9460071812946336
2013-08-27,0.9472895119028808
2013-08-28,0.9475029624643514
2013-08-29,0.9472769061709776
2013-08-30,0.946308789446334
2013-09-03,0.9463439425840584
2013-09-04,0.9478836027655756
2013-09-05,0.9478665650035252
2013-09-06,0.9469415522547592
2013-09-09,0.9475349316798448
2013-09-10,0.9480128333891178
2013-09-11,0.9479247484800404
2013-09-12,0.9478777946969684
2013-09-13,0.9477304631708336
2013-09-16,0.9473268120823998
2013-09-17,0.9474624606503684
2013-09-18,0.9475436044925778
2013-09-19,0.9474960432671368
2013-09-20,0.947374944668414
2013-09-23,0.9473778263909406
2013-09-24,0.9471891626644656
2013-09-25,0.9466159181471924
2013-09-26,0.9464311469583536
2013-09-27,0.9462088816245482
2013-09-30,0.9457669843815144
2013-10-01,0.9461847597224428
2013-10-02,0.9461025912190848
2013-10-03,0.947040326863624
2013-10-04,0.9470927390481924
2013-10-07,0.9475467908028208
2013-10-08,0.9480945805414844
2013-10-09,0.9475764476806516
2013-10-10,0.9491721509908028
2013-10-11,0.9493042341048048
2013-10-14,0.9495620136291856
2013-10-15,0.94969097004328
2013-10-16,0.9498351610627096
2013-10-17,0.9502829802981256
2013-10-18,0.9505647206195922
2013-10-21,0.9495926629091904
2013-10-22,0.9496210293381808
2013-10-23,0.9505373607847452
2013-10-24,0.9504918677096796
2013-10-25,0.9502190802034084
2013-10-28,0.950361581954154
2013-10-29,0.9511707077242508
2013-10-30,0.950740128593305
2013-10-31,0.950353382520686
2013-11-01,0.9499777942831408
2013-11-04,0.949647267831833
2013-11-05,0.9476777108880626
2013-11-06,0.9463898418284684
2013-11-07,0.947211066861226
2013-11-08,0.9479198658787372
2013-11-11,0.9478287057403992
2013-11-12,0.9470528151541636
2013-11-13,0.9471446332608048
2013-11-14,0.946778785340978
2013-11-15,0.9457045517304769
2013-11-18,0.9457090161572748
2013-11-19,0.9457778269388796
2013-11-20,0.9456585220663126
2013-11-21,0.9460296837517738
2013-11-22,0.9461782464731902
2013-11-25,0.9461002086490136
2013-11-26,0.9457901307873334
2013-11-27,0.9457286045896606
2013-11-29,0.9456670932203022
2013-12-02,0.945327289982164
2013-12-03,0.9461311773701292
2013-12-04,0.9462687230483428
2013-12-05,0.946427948843504
2013-12-06,0.9463536154582572
2013-12-09,0.946141222152665
2013-12-10,0.9462435895914516
2013-12-11,0.946826950169603
2013-12-12,0.94697367182094
2013-12-13,0.9464590343091408
2013-12-16,0.9460375873085642
2013-12-17,0.9466746952756392
2013-12-18,0.9466933470428428
2013-12-19,0.9467084018196614
2013-12-20,0.946016346349884
2013-12-23,0.9458712859520034
2013-12-24,0.94580771086572
2013-12-26,0.9458189580170302
2013-12-27,0.9447954266132844
2013-12-30,0.9429245739292124
2013-12-31,0.9429192637225532
2014-01-02,0.9437257131019482
2014-01-03,0.9431574064656704
2014-01-06,0.9432164020964998
2014-01-07,0.9433262885777632
2014-01-08,0.943655744333066
2014-01-09,0.9435563268602012
2014-01-10,0.9435898589773588
2014-01-13,0.9447249647092004
2014-01-14,0.9450612448931032
2014-01-15,0.9450459646493492
2014-01-16,0.9451478360066872
2014-01-17,0.945294431081103
2014-01-21,0.9456341394108204
2014-01-22,0.946914284482325
2014-01-23,0.9469192260756798
2014-01-24,0.9486264768378508
2014-01-27,0.9489658615774736
2014-01-28,0.949085658660302
2014-01-29,0.9502220408516198
2014-01-30,0.9503435956406971
2014-01-31,0.950093900836856
2014-02-03,0.9522923624888484
2014-02-04,0.952536632239329
2014-02-05,0.952447238716316
2014-02-06,0.9523986891676478
2014-02-07,0.952221685095044
2014-02-10,0.9524913290295656
2014-02-11,0.952564294788574
2014-02-12,0.9525744806915186
2014-02-13,0.9526056177783648
2014-02-14,0.9522922539876048
2014-02-18,0.9511083087643246
2014-02-19,0.9512442987818044
2014-02-20,0.9510535843555612
2014-02-21,0.9500995528881768
2014-02-24,0.950258422338546
2014-02-25,0.9502265026741076
2014-02-26,0.949911187696691
2014-02-27,0.9499311284060444
2014-02-28,0.9496155512591004
2014-03-03,0.9494114120603796
2014-03-04,0.9501869101825992
2014-03-05,0.9501270365983352
2014-03-06,0.9500944662281624
2014-03-07,0.9500595129044168
2014-03-10,0.9500410735967644
2014-03-11,0.9502074377422336
2014-03-12,0.9502168859562108
2014-03-13,0.9505489510128536
2014-03-14,0.949828206418142
2014-03-17,0.9495651454325494
2014-03-19,0.949607760829856
2014-03-20,0.949766539476055
2014-03-21,0.9494753801299008
2014-03-24,0.9496800276822112
2014-03-25,0.9494736821206168
2014-03-26,0.9496627965115813
2014-03-27,0.9496163819755956
2014-03-28,0.9505462878005708
2014-03-31,0.950020640366316
2014-04-01,0.9500469712141254
2014-04-02,0.9501921913859084
2014-04-03,0.9497841109254628
2014-04-04,0.9506578298868104
2014-04-07,0.9506171160049568
2014-04-08,0.950722103104128
2014-04-09,0.950872711127974
2014-04-10,0.9506601929744424
2014-04-11,0.9505625172881962
2014-04-14,0.9495104041557136
2014-04-15,0.9495852347678632
2014-04-16,0.9494954259795814
2014-04-17,0.949745563367716
2014-04-21,0.9493994596939443
2014-04-22,0.9496093868717804
2014-04-23,0.9494626946671018
2014-04-24,0.9489504454743736
2014-04-25,0.9491260263917368
2014-04-28,0.9486178836881952
2014-04-29,0.949449968780564
2014-04-30,0.9490984467857948
2014-05-01,0.94861007640241
2014-05-02,0.9484682976981385
2014-05-05,0.9485667641317314
2014-05-06,0.9490907031548906
2014-05-07,0.9484227650685376
2014-05-08,0.948053063181535
2014-05-09,0.9478450625547218
2014-05-12,0.9480741476987394
2014-05-13,0.9474536503002168
2014-05-14,0.9472241606924936
2014-05-15,0.9469248123714512
2014-05-16,0.9470592442120402
2014-05-19,0.9470704672487816
2014-05-20,0.9467008596893826
2014-05-21,0.9468248423326872
2014-05-22,0.9466891616762814
2014-05-23,0.9465990725537776
2014-05-27,0.9465756732683418
2014-05-28,0.9465210550786234
2014-05-29,0.9466788485879566
2014-05-30,0.946525586968452
2014-06-02,0.9462178059269162
2014-06-03,0.9458625058799304
2014-06-04,0.9458350681166424
2014-06-05,0.945768357939612
2014-06-06,0.9460049904305636
2014-06-09,0.9453214251930788
2014-06-10,0.9450630988690092
2014-06-11,0.9445998992161476
2014-06-12,0.9444600577222568
2014-06-13,0.9444481648097832
2014-06-16,0.9442117308732544
2014-06-17,0.9438364765168754
2014-06-18,0.9424851142583868
2014-06-19,0.9427997714900674
2014-06-20,0.942438818081938
2014-06-23,0.9422676586156046
2014-06-24,0.9430361763423132
2014-06-25,0.9434722768735584
2014-06-26,0.943699005102458
2014-06-27,0.9434845016623477
2014-06-30,0.9433967617111976
2014-07-01,0.9436412767996668
2014-07-02,0.9430736071177102
2014-07-03,0.9433526238164462
2014-07-07,0.9428404134938462
2014-07-08,0.9432994894948132
2014-07-09,0.9429298344451652
2014-07-10,0.9430474496466504
2014-07-11,0.9429238532501708
2014-07-14,0.942986953794712
2014-07-15,0.9427657568131464
2014-07-16,0.942865638734692
2014-07-17,0.9442301981470554
2014-07-18,0.9447890869099064
2014-07-21,0.9450760480840588
2014-07-22,0.9455791733234052
2014-07-23,0.9456499067442744
2014-07-24,0.9461078853260566
2014-07-25,0.9461241983225388
2014-07-28,0.9461354160458766
2014-07-29,0.945700673721136
2014-07-30,0.9451835212158258
2014-07-31,0.9463995399108462
2014-08-01,0.9466402577098356
2014-08-04,0.9465557530604192
2014-08-05,0.9457819041347842
2014-08-06,0.9456140409160368
2014-08-07,0.9457428101824612
2014-08-08,0.945937214950496
2014-08-11,0.946183590736682
2014-08-12,0.946108595825832
2014-08-13,0.9452710567092582
2014-08-14,0.945192807148502
2014-08-15,0.9451492102214966
2014-08-18,0.9458833859633082
2014-08-19,0.9458325918136288
2014-08-20,0.9452044653560264
2014-08-21,0.9452610919079732
2014-08-22,0.9454202611358322
2014-08-25,0.9439135075967612
2014-08-26,0.9435208310667824
2014-08-27,0.9437301968024804
2014-08-28,0.9439917064799112
2014-08-29,0.9439555126249374
2014-09-02,0.9435757980427352
2014-09-03,0.943529989219379
2014-09-04,0.943572016995048
2014-09-05,0.9429785345247552
2014-09-08,0.9425662901857798
2014-09-09,0.943078055659624
2014-09-10,0.9430963366654012
2014-09-11,0.9428966125383854
2014-09-12,0.9435317392612383
2014-09-15,0.9429812093559058
2014-09-16,0.942820915146416
2014-09-17,0.9429393560657832
2014-09-18,0.9433974804286694
2014-09-19,0.9431799953453096
2014-09-22,0.9439686330327752
2014-09-23,0.9440628592903064
2014-09-24,0.9442262133328913
2014-09-25,0.9446115777821624
2014-09-26,0.9452079860308096
2014-09-29,0.9448039463522228
2014-09-30,0.944005667330438
2014-10-01,0.9441912799816
2014-10-02,0.9432527951330918
2014-10-03,0.9427490317137456
2014-10-06,0.9419886907019308
2014-10-07,0.9427299136295796
2014-10-08,0.9422256100451432
2014-10-09,0.943578722851504
2014-10-10,0.9428949776464668
2014-10-13,0.9402022618738932
2014-10-14,0.9393950760505272
2014-10-15,0.9359774361158388
2014-10-16,0.9342350330868732
2014-10-17,0.931226883223938
2014-10-20,0.9317916522078064
2014-10-21,0.9320047289292596
2014-10-22,0.9322118756886124
2014-10-23,0.9333075344899844
2014-10-24,0.9330396572429188
2014-10-27,0.9331098390970778
2014-10-28,0.933696554770256
2014-10-29,0.9336759884874
2014-10-30,0.9339454502252136
2014-10-31,0.9349174812366232
2014-11-03,0.9349600453604988
2014-11-04,0.9355620498868936
2014-11-05,0.9342564591547295
2014-11-06,0.9334056306607444
2014-11-07,0.933352013700734
2014-11-10,0.933479335311575
2014-11-11,0.9332182503602364
2014-11-12,0.933259815605922
2014-11-13,0.9323861907747988
2014-11-14,0.932239418864249
2014-11-17,0.9318656853208848
2014-11-18,0.93201228400826
2014-11-19,0.9315226747494948
2014-11-20,0.931139823246033
2014-11-21,0.9310079219588328
2014-11-24,0.9312061119872522
2014-11-25,0.931164749430427
2014-11-26,0.9312927662680952
2014-11-28,0.9300140177665106
2014-12-01,0.9304997705616548
2014-12-02,0.9304909347349646
2014-12-03,0.9307297666276974
2014-12-04,0.9308703089642468
2014-12-05,0.9307016487958653
2014-12-08,0.9311744549236016
2014-12-09,0.9285384738826202
2014-12-10,0.9301349503468176
2014-12-11,0.930290157033504
2014-12-12,0.9299383142577924
2014-12-15,0.9303278123724732
2014-12-16,0.9290391542114472
2014-12-17,0.9309204403227364
2014-12-18,0.9301624126170364
2014-12-19,0.9300043359085812
2014-12-22,0.9300628960506738
2014-12-23,0.9299820134497816
2014-12-24,0.9299144531056016
2014-12-26,0.9299758999300312
2014-12-29,0.9299176071136492
2014-12-30,0.9297089617915416
2014-12-31,0.9300635312618768
2015-01-02,0.9299748321591148
2015-01-05,0.9298627242164694
2015-01-06,0.9305304878101816
2015-01-07,0.9310378555816314
2015-01-08,0.9316619279589596
2015-01-09,0.9312437054974856
2015-01-12,0.9306629579363164
2015-01-13,0.930437068267263
2015-01-14,0.9304086796885348
2015-01-15,0.9310252618698434
2015-01-16,0.931688165141003
2015-01-20,0.931054159158128
2015-01-21,0.9305721300614764
2015-01-22,0.9301655042947246
2015-01-23,0.9295168810959118
2015-01-26,0.9293103692946166
2015-01-27,0.927091505510863
2015-01-28,0.9267467325261086
2015-01-29,0.927018638079025
2015-01-30,0.9245963249450996
2015-02-02,0.9242789692881188
2015-02-03,0.9246285082777272
2015-02-04,0.9245755291487951
2015-02-05,0.9248399949567896
2015-02-06,0.9249350184125712
2015-02-09,0.924863908742698
2015-02-10,0.9245921071809098
2015-02-11,0.9242848025267634
2015-02-12,0.9248892332861616
2015-02-13,0.9252411401875992
2015-02-17,0.9249357262373248
2015-02-18,0.9247513251679886
2015-02-19,0.9247484786294948
2015-02-20,0.9244903137673072
2015-02-23,0.9244942180004898
2015-02-24,0.9248140843039994
2015-02-25,0.9246966260864168
2015-02-26,0.9247567623767284
2015-02-27,0.924809038461602
2015-03-02,0.9238676068067544
2015-03-03,0.9240755651586536
2015-03-04,0.9241268040959072
2015-03-05,0.9242533150616152
2015-03-06,0.9245925532394672
2015-03-09,0.9244603297101464
2015-03-10,0.9245638531495656
2015-03-11,0.9233946297236948
2015-03-12,0.9241773023065676
2015-03-13,0.924213166406046
2015-03-16,0.9233175091141894
2015-03-17,0.922852472250994
2015-03-18,0.9229032947510234
2015-03-19,0.9226442517779226
2015-03-20,0.9225487852891004
2015-03-23,0.9227039342414994
2015-03-24,0.9220137308569722
2015-03-25,0.9235912102864378
2015-03-26,0.923772459823293
2015-03-27,0.9236740025153046
2015-03-30,0.9239777119329364
2015-03-31,0.923673724044426
2015-04-01,0.923760646419016
2015-04-02,0.9226772727387136
2015-04-06,0.921940656074591
2015-04-07,0.921831131614967
2015-04-08,0.9212835122141286
2015-04-09,0.9179640587975976
2015-04-10,0.9172425632857748
2015-04-13,0.9171829145611188
2015-04-14,0.9172208678325976
2015-04-15,0.9169613805415092
2015-04-16,0.9170557136747506
2015-04-17,0.918051587529636
2015-04-20,0.9183514658193592
2015-04-21,0.9181468485898752
2015-04-22,0.918427057149688
2015-04-23,0.9178443450247
2015-04-24,0.9175135028512212
2015-04-27,0.9176542145829658
2015-04-28,0.9173211341125675
2015-04-29,0.9175738991216428
2015-04-30,0.9187209392437798
2015-05-01,0.9187554909040058
2015-05-04,0.9180010455315664
2015-05-05,0.919533684760296
2015-05-06,0.9190647695860686
2015-05-07,0.9193311551313298
2015-05-08,0.9185702833458028
2015-05-11,0.9189377690959484
2015-05-12,0.9191894346015536
2015-05-13,0.919090882917736
2015-05-14,0.9193580871718277
2015-05-15,0.919299303878396
2015-05-18,0.9190390398963064
2015-05-19,0.9190718212561992
2015-05-20,0.9191420617361477
2015-05-21,0.9189300718755944
2015-05-22,0.9186842039428844
2015-05-26,0.9192005562761748
2015-05-27,0.9197230679991556
2015-05-28,0.9200293034228628
2015-05-29,0.9203287132786891
2015-06-01,0.9203539045417908
2015-06-02,0.9202309607450436
2015-06-03,0.9202971378532452
2015-06-04,0.920627557824861
2015-06-05,0.9203937020358604
2015-06-08,0.9205199726523604
2015-06-09,0.920468461824324
2015-06-10,0.9209584555881084
2015-06-11,0.9209348218135756
2015-06-12,0.9208400661679008
2015-06-15,0.9210374993407898
2015-06-16,0.9211180242535368
2015-06-17,0.9210817561928474
2015-06-18,0.9216609656389936
2015-06-19,0.921449981052914
2015-06-22,0.921519521267828
2015-06-23,0.9213502930891287
2015-06-24,0.9216534467807233
2015-06-25,0.9216911112961652
2015-06-26,0.9215307607725368
2015-06-29,0.9236562466878224
2015-06-30,0.9239630997599988
2015-07-01,0.923586069771954
2015-07-02,0.9240330961192158
2015-07-06,0.9236423400395254
2015-07-07,0.9234857442328794
2015-07-08,0.9244026109094006
2015-07-09,0.924701738263257
2015-07-10,0.9253155683750988
2015-07-13,0.9260209403647174
2015-07-14,0.9264745736234712
2015-07-15,0.9253917494740136
2015-07-16,0.9246833699090437
2015-07-17,0.9231713037546292
2015-07-20,0.9225937882466893
2015-07-21,0.922635932513908
2015-07-22,0.9217811627510136
2015-07-23,0.9217719079724704
2015-07-24,0.9225511243019328
2015-07-27,0.9231354059678138
2015-07-28,0.9233030780945108
2015-07-29,0.9212691133200184
2015-07-30,0.9211365164389722
2015-07-31,0.920427774688116
2015-08-03,0.9208153350475852
2015-08-04,0.9209597016570942
2015-08-05,0.92073871909644
2015-08-06,0.9208369278846004
2015-08-07,0.9208462278693894
2015-08-10,0.921536921670434
2015-08-11,0.9216947065193104
2015-08-12,0.9216886649513634
2015-08-13,0.921826372735663
2015-08-14,0.921492934725332
2015-08-17,0.9216354352700764
2015-08-18,0.921977878663614
2015-08-19,0.9223279023430044
2015-08-20,0.9247476953194838
2015-08-21,0.9216910478182286
2015-08-24,0.927023994342425
2015-08-25,0.9264780700076614
2015-08-26,0.9276760914911836
2015-08-27,0.9287897464977668
2015-08-28,0.9286340407790962
2015-08-31,0.9284800315452152
2015-09-01,0.930718206106154
2015-09-02,0.9313972855175322
2015-09-03,0.9314531892052624
2015-09-04,0.9312192956937408
2015-09-08,0.9327080846944372
2015-09-09,0.9332266821544148
2015-09-10,0.9332423379967224
2015-09-11,0.9339650692911264
2015-09-14,0.934019376041512
2015-09-15,0.9342875867233136
2015-09-16,0.9342792501543774
2015-09-17,0.9345768069404216
2015-09-18,0.9349775872811652
2015-09-21,0.9347524542943376
2015-09-22,0.9350643152068684
2015-09-23,0.9343421696381192
2015-09-24,0.9341647178803232
2015-09-25,0.9333692432730424
2015-09-28,0.9363450125243292
2015-09-29,0.9354591048249356
2015-09-30,0.9367022312296104
2015-10-01,0.9364228383764688
2015-10-02,0.9372419355903372
2015-10-05,0.936947762318828
2015-10-06,0.9361614534565996
2015-10-07,0.934988066699902
2015-10-08,0.93493286000947
2015-10-09,0.9357403766369644
2015-10-12,0.9363301811902748
2015-10-13,0.9384823239808836
2015-10-14,0.9395404816932782
2015-10-15,0.9418524825030504
2015-10-16,0.9414673116070394
2015-10-19,0.9408518092141652
2015-10-20,0.9407916977165665
2015-10-21,0.940040647685604
2015-10-22,0.9399940670140406
2015-10-23,0.9394600899755916
2015-10-26,0.9399826866699028
2015-10-27,0.9391755247888924
2015-10-28,0.9377744417010454
2015-10-29,0.9367974181369542
2015-10-30,0.9369250193743436
2015-11-02,0.9370576482533606
2015-11-03,0.9373461098365052
2015-11-04,0.93725828861659
2015-11-05,0.9372427432966212
2015-11-06,0.9368970656312728
2015-11-09,0.9371699599264092
2015-11-10,0.9371784350509488
2015-11-11,0.9378407007823184
2015-11-12,0.93813965839029
2015-11-13,0.9384049857018
2015-11-16,0.9382927323703764
2015-11-17,0.9386237858762232
2015-11-18,0.9396446963831218
2015-11-19,0.9396568292917882
2015-11-20,0.9400061653162765
2015-11-23,0.939785757302891
2015-11-24,0.939450484579448
2015-11-25,0.9405755534100572
2015-11-27,0.9406410122491512
2015-11-30,0.9408298721995728
2015-12-01,0.9408856821476888
2015-12-02,0.9410119255416352
2015-12-03,0.9418415097615684
2015-12-04,0.9416799692038232
2015-12-07,0.9432294414827096
2015-12-08,0.942478831552934
2015-12-09,0.9424970750107584
2015-12-10,0.9423160469200718
2015-12-11,0.9432102668980282
2015-12-14,0.9430023933379258
2015-12-15,0.9426554034019944
2015-12-16,0.9428804672355944
2015-12-17,0.9431644563326216
2015-12-18,0.9434418561829786
2015-12-21,0.9437155647498888
2015-12-22,0.9438508475551248
2015-12-23,0.943946633585394
2015-12-24,0.9439555823595872
2015-12-28,0.9438257950916444
2015-12-29,0.944026009327894
2015-12-30,0.9442559870666551
2015-12-31,0.9440927403135312
2016-01-04,0.944578305802957
2016-01-05,0.9441049107043462
2016-01-06,0.9437344315066516
2016-01-07,0.9450596953554432
2016-01-08,0.9450548763875436
2016-01-11,0.9450002790329096
2016-01-12,0.9448282892877568
2016-01-13,0.9464249771139834
2016-01-14,0.946722680877515
2016-01-15,0.9476455111079466
2016-01-19,0.9470588636373952
2016-01-20,0.9450031670866466
2016-01-21,0.944992312957664
2016-01-22,0.9463788814865856
2016-01-25,0.9474549491718806
2016-01-26,0.9472354879908432
2016-01-27,0.947061047743878
2016-01-28,0.9470669093718448
2016-01-29,0.947831086365793
2016-02-01,0.947767321782862
2016-02-02,0.9485323041805792
2016-02-03,0.9480895820941112
2016-02-04,0.9480164980704548
2016-02-05,0.9486111309323086
2016-02-08,0.949041001706852
2016-02-09,0.9490319357783232
2016-02-10,0.9487433682991204
2016-02-11,0.9483379239379276
2016-02-12,0.9487823187445568
2016-02-16,0.9493846640647386
2016-02-17,0.9498956807284838
2016-02-18,0.94983776715142
2016-02-19,0.9497140754596454
2016-02-22,0.9499652140608909
2016-02-23,0.9500516993708356
2016-02-24,0.9501878818089566
2016-02-25,0.9502574879745864
2016-02-26,0.9499028356841412
2016-02-29,0.9497443711553222
2016-03-01,0.950413200698036
2016-03-02,0.9501064508641188
2016-03-03,0.9495532674357288
2016-03-04,0.9495021362176242
2016-03-07,0.9483548752713744
2016-03-08,0.9483484605966794
2016-03-09,0.9485357386477072
2016-03-10,0.9482784284411994
2016-03-11,0.9488481030661992
2016-03-14,0.9489865900854216
2016-03-15,0.9480422210238846
2016-03-16,0.9484439633318714
2016-03-17,0.9475421174687444
2016-03-18,0.9474316702079824
2016-03-21,0.9474543226954784
2016-03-22,0.9469525334484024
2016-03-23,0.94649689291925
2016-03-24,0.9464579953308276
2016-03-28,0.9462136638221916
2016-03-29,0.9455164336799058
2016-03-30,0.9455601996841508
2016-03-31,0.9454274587632664
2016-04-01,0.9453464874368864
2016-04-04,0.945371294941739
2016-04-05,0.945600142713137
2016-04-06,0.9461193721179064
2016-04-07,0.9463909455942318
2016-04-08,0.9464776407211786
2016-04-11,0.946554151581971
2016-04-12,0.9465967283994388
2016-04-13,0.9464730400950138
2016-04-14,0.9461848890721576
2016-04-15,0.9459204205040712
2016-04-18,0.946061247951238
2016-04-19,0.9458704163175332
2016-04-20,0.9458681474359528
2016-04-21,0.9461805954353673
2016-04-22,0.9447778876682916
2016-04-25,0.944837621434245
2016-04-26,0.9440750295327522
2016-04-27,0.9436767575077178
2016-04-28,0.9439065532635632
2016-04-29,0.9439478558522028
2016-05-02,0.9437593504251154
2016-05-03,0.9441666937287602
2016-05-04,0.94421366349339
2016-05-05,0.9441622613402612
2016-05-06,0.9443467890619188
2016-05-09,0.9443264872135329
2016-05-10,0.9444848797103385
2016-05-11,0.9444600559521704
2016-05-12,0.9443666798612456
2016-05-13,0.9444728038234328
2016-05-16,0.9446950712127894
2016-05-17,0.944857235933972
2016-05-18,0.944839871874069
2016-05-19,0.9448969672083996
2016-05-20,0.94458063283402
2016-05-23,0.9443795980569696
2016-05-24,0.9448034306683164
2016-05-25,0.944814373114152
2016-05-26,0.9447782555610374
2016-05-27,0.944817798467033
2016-05-31,0.9449542428668573
2016-06-01,0.9446281290739884
2016-06-02,0.9449935800331262
2016-06-03,0.9449842553319036
2016-06-06,0.944908822777434
2016-06-07,0.9445621980144804
2016-06-08,0.9444555925904208
2016-06-09,0.944467000619381
2016-06-10,0.9446598608173926
2016-06-13,0.944752554648196
2016-06-14,0.944790011492825
2016-06-15,0.9444864300496134
2016-06-16,0.9445711920943328
2016-06-17,0.9443298721102152
2016-06-20,0.9443500268180216
2016-06-21,0.9440939775917886
2016-06-22,0.9441231658213172
2016-06-23,0.9445645939515078
2016-06-24,0.9459855647525562
2016-06-27,0.9462917251652307
2016-06-28,0.9467927608847436
2016-06-29,0.947461247177508
2016-06-30,0.947738435643975
2016-07-01,0.947883693535444
2016-07-05,0.94747157325543
2016-07-06,0.9475345397707712
2016-07-07,0.9471616281254008
2016-07-08,0.9472360665553984
2016-07-11,0.9470710933368096
2016-07-12,0.9471511852453104
2016-07-13,0.9471391750488224
2016-07-14,0.9478357674570358
2016-07-15,0.948004583313959
2016-07-18,0.9479954320276132
2016-07-19,0.9483959977031288
2016-07-20,0.9484133196577412
2016-07-21,0.948262036454136
2016-07-22,0.94820598622943
2016-07-25,0.9481731157238512
2016-07-26,0.9481056882350416
2016-07-27,0.9479434348202936
2016-07-28,0.9481356270007458
2016-07-29,0.9481557818713638
2016-08-01,0.9479895054418268
2016-08-02,0.9480395883572628
2016-08-03,0.9479223561905086
2016-08-04,0.947995405432718
2016-08-05,0.9479029886903548
2016-08-08,0.9477885032544944
2016-08-09,0.947827265554247
2016-08-10,0.9478146897075076
2016-08-11,0.9478746296794438
2016-08-12,0.947833829228764
2016-08-15,0.947755218675802
2016-08-16,0.9477083250713322
2016-08-17,0.9467285447497722
2016-08-18,0.9487316211425116
2016-08-19,0.9466303113924666
2016-08-22,0.9470670520639556
2016-08-23,0.9475760461375295
2016-08-24,0.9474088305479916
2016-08-25,0.9475373214099744
2016-08-26,0.9478099762268296
2016-08-29,0.946763997251318
2016-08-30,0.9466219208308536
2016-08-31,0.9467073032878888
2016-09-01,0.9470217230801272
2016-09-02,0.9462962910531778
2016-09-06,0.9461158180034852
2016-09-07,0.945989116011973
2016-09-08,0.9459492220930976
2016-09-09,0.9472579867854052
2016-09-12,0.947391105461206
2016-09-13,0.94749898565561
2016-09-14,0.9476463565203684
2016-09-15,0.9476531527452202
2016-09-16,0.947836656415968
2016-09-19,0.947070442685656
2016-09-20,0.9469647539444864
2016-09-21,0.9471620417731332
2016-09-22,0.947598560547308
2016-09-23,0.946318442836428
2016-09-26,0.9467694684192224
2016-09-27,0.9466347737513142
2016-09-28,0.9466973620639396
2016-09-29,0.9465613110947796
2016-09-30,0.946278694628091
2016-10-03,0.946235255719406
2016-10-04,0.9462454368061328
2016-10-05,0.9464048098115946
2016-10-06,0.9464278140409174
2016-10-07,0.9464030327265918
2016-10-11,0.9468914620511072
2016-10-12,0.946246218026446
2016-10-13,0.9463675446705508
2016-10-14,0.9463719782506048
2016-10-17,0.9464738367212328
2016-10-18,0.9466191186746526
2016-10-19,0.9471383492259626
2016-10-20,0.9479945178110238
2016-10-21,0.9480658601116496
2016-10-24,0.94870314504376
2016-10-25,0.9494495677473168
2016-10-26,0.9497663491312276
2016-10-27,0.9495607638798912
2016-10-28,0.9492075219492178
2016-10-31,0.9491099542638262
2016-11-01,0.9492476276480358
2016-11-02,0.9494020401175118
2016-11-03,0.9495669022924
2016-11-04,0.9488941205368052
2016-11-07,0.9500237740657052
2016-11-08,0.9500603857241464
2016-11-09,0.9482679918888308
2016-11-10,0.9454332679674414
2016-11-14,0.9411648628046614
2016-11-15,0.940304711548926
2016-11-16,0.9402233914383362
2016-11-17,0.940193013998843
2016-11-18,0.9400171046650412
2016-11-21,0.9401803489863574
2016-11-22,0.9402628771164352
2016-11-23,0.9400453550871696
2016-11-25,0.9400464047283348
2016-11-28,0.9402029343860931
2016-11-29,0.940139232022856
2016-11-30,0.9392705883716208
2016-12-01,0.9397620135801408
2016-12-02,0.9398346788133076
2016-12-05,0.9399174838505288
2016-12-06,0.9396252547582784
2016-12-07,0.939508245314628
2016-12-08,0.9377195408668964
2016-12-09,0.938559757169532
2016-12-12,0.9381293799806556
2016-12-13,0.937071864079418
2016-12-14,0.936844443886074
2016-12-15,0.9368502686145216
2016-12-16,0.9369015943831784
2016-12-19,0.9368544712342596
2016-12-20,0.936737548986236
2016-12-22,0.9366927612577204
2016-12-23,0.9364798082821704
2016-12-27,0.9362957909817836
2016-12-28,0.9362167854798114
2016-12-29,0.9350802879111632
2016-12-30,0.9351577106855417
2017-01-03,0.9347360445950318
2017-01-04,0.9329253732939192
2017-01-05,0.9314641200865884
2017-01-06,0.9308706699593609
2017-01-09,0.9308981939105444
2017-01-10,0.9277197194156386
2017-01-11,0.9274174303946944
2017-01-12,0.9272044510038864
2017-01-13,0.9280261346186596
2017-01-17,0.929801657871609
2017-01-18,0.930220659685588
2017-01-19,0.9290440675968834
2017-01-20,0.9279143273639338
2017-01-23,0.9275306537858
2017-01-24,0.9274863655946272
2017-01-25,0.9283127625327164
2017-01-26,0.9260418831701736
2017-01-27,0.9260387125461642
2017-01-30,0.9246847388189664
2017-01-31,0.9247498892468996
2017-02-01,0.924511373377244
2017-02-02,0.9224112101196412
2017-02-03,0.921336270175515
2017-02-06,0.9210980296579736
2017-02-07,0.9209917281613814
2017-02-08,0.9212886545496416
2017-02-09,0.9205614541475426
2017-02-10,0.9188830926897829
2017-02-13,0.9187448677096092
2017-02-14,0.9187339796674532
2017-02-15,0.9188834002676922
2017-02-16,0.9189496809082646
2017-02-17,0.918908578857057
2017-02-21,0.9188365823467064
2017-02-22,0.9188553547821334
2017-02-23,0.9190452549706782
2017-02-24,0.9193589276590566
2017-02-27,0.91965108610928
2017-02-28,0.9195899012597888
2017-03-01,0.9209454557205926
2017-03-02,0.9213465715704264
2017-03-03,0.9226037139657276
2017-03-06,0.921663157483506
2017-03-07,0.9217339066746584
2017-03-08,0.9217431229036084
2017-03-09,0.9200950441950492
2017-03-10,0.920165116154745
2017-03-13,0.9208687578147928
2017-03-14,0.9208591478274264
2017-03-15,0.9218926540898004
2017-03-16,0.9217210148888084
2017-03-17,0.92177858489939
2017-03-20,0.9218046382036048
2017-03-21,0.923161184377287
2017-03-22,0.92293256861766
2017-03-23,0.9225319775226968
2017-03-24,0.9218100926503124
2017-03-27,0.9219491708589992
2017-03-28,0.9222573038214468
2017-03-29,0.9227085791709632
2017-03-30,0.9225205109344858
2017-03-31,0.9218289293868837
2017-04-03,0.921359705944412
2017-04-04,0.9205713067118976
2017-04-05,0.9207337274462186
2017-04-06,0.9204725551056704
2017-04-07,0.920269838921323
2017-04-10,0.9191651455475316
2017-04-11,0.918202065223177
2017-04-12,0.9183888944401392
2017-04-13,0.9186143936202852
2017-04-17,0.9195402699757969
2017-04-18,0.9193989340396642
2017-04-19,0.9193469587725868
2017-04-20,0.9227094848060928
2017-04-21,0.922772967999411
2017-04-24,0.9244660078704076
2017-04-25,0.9254603374627552
2017-04-26,0.924582141365121
2017-04-27,0.924015068289674
2017-04-28,0.9230545584392404
2017-05-01,0.9220448873836152
2017-05-02,0.9214197361710644
2017-05-03,0.9214931691029064
2017-05-04,0.9214028881879875
2017-05-05,0.9214880652147576
2017-05-08,0.9216440939730164
2017-05-09,0.9208905651895656
2017-05-10,0.9208657354423244
2017-05-11,0.921079459903116
2017-05-12,0.9204348601745196
2017-05-15,0.91951769428671
2017-05-16,0.9195124440216688
2017-05-17,0.9220777779566364
2017-05-18,0.9215386824266656
2017-05-19,0.9214310933177896
2017-05-22,0.9201033186965876
2017-05-23,0.92018928681635
2017-05-24,0.9201266291449428
2017-05-25,0.9194386171091724
2017-05-26,0.9195969028071558
2017-05-30,0.9197056870258312
2017-05-31,0.9196645787751944
2017-06-01,0.9196662356847902
2017-06-02,0.9194782668216024
2017-06-05,0.9196265379339804
2017-06-06,0.9195937832754492
2017-06-07,0.9194812636698292
2017-06-08,0.9176886144210912
2017-06-09,0.9110399355673624
2017-06-12,0.9108110017961104
2017-06-13,0.9109413418508374
2017-06-14,0.9111889955833746
2017-06-15,0.9118102870349438
2017-06-16,0.911457349998064
2017-06-19,0.911453379355506
2017-06-20,0.9118976996640829
2017-06-21,0.90934355288272
2017-06-22,0.9040608304407104
2017-06-23,0.8986380971000807
2017-06-26,0.8982861090862053
2017-06-27,0.8954171088597718
2017-06-28,0.8950466197525864
2017-06-29,0.893965745653622
2017-06-30,0.8928628184310972
2017-07-03,0.890786714003996
2017-07-05,0.8894564128903021
2017-07-06,0.8877512473176223
2017-07-07,0.8880501947948769
2017-07-10,0.8866036082734284
2017-07-11,0.8865070447578727
2017-07-12,0.8871643314449545
2017-07-13,0.8873482455150417
2017-07-14,0.8871940788019965
2017-07-17,0.8869951560751084
2017-07-18,0.8863246202074524
2017-07-19,0.886558234447106
2017-07-20,0.8863121094705277
2017-07-21,0.8862760910854185
2017-07-24,0.8862065622589502
2017-07-25,0.8862064098053627
2017-07-26,0.8859884776133441
2017-07-27,0.8859905006823304
2017-07-28,0.8864588810197325
2017-07-31,0.8853408578222296
2017-08-01,0.8852084814758417
2017-08-02,0.8842357973056348
2017-08-03,0.8832923891681128
2017-08-04,0.8832837706796491
2017-08-07,0.8831142314566232
2017-08-08,0.8829028864901978
2017-08-09,0.8826558558646853
2017-08-10,0.884233043183725
2017-08-11,0.883669218987145
2017-08-14,0.884421400797731
2017-08-15,0.8843880631080199
2017-08-16,0.884447461056691
2017-08-17,0.88633525421008
2017-08-18,0.8863907921127782
2017-08-21,0.8863685505233907
2017-08-22,0.8863399742154001
2017-08-23,0.8864461066302386
2017-08-24,0.8861473023453454
2017-08-25,0.8860050256001976
2017-08-28,0.8861619828715246
2017-08-29,0.8860146747135955
2017-08-30,0.8858866218267099
2017-08-31,0.8862604356960918
2017-09-01,0.8862816773083112
2017-09-05,0.8872196118786365
2017-09-06,0.8872709879902757
2017-09-07,0.8810759993664259
2017-09-08,0.8796885630170528
2017-09-11,0.8784631456258843
2017-09-12,0.8788305829768128
2017-09-13,0.8778616786338003
2017-09-14,0.8777713411362428
2017-09-15,0.878643923060587
2017-09-18,0.8785705022823498
2017-09-19,0.8775092893215434
2017-09-20,0.8764011778740923
2017-09-21,0.8756559336024108
2017-09-22,0.874537230518252
2017-09-25,0.873412758606865
2017-09-26,0.8733690410891717
2017-09-27,0.8726723736287557
2017-09-28,0.8718578505436193
2017-09-29,0.871281167914217
2017-10-02,0.8710449776317031
2017-10-03,0.870780134138434
2017-10-04,0.8706511071116371
2017-10-05,0.869955511904483
2017-10-06,0.869388460745354
2017-10-09,0.86651768649143
2017-10-10,0.8665683934210936
2017-10-11,0.865864438806327
2017-10-12,0.8659108684478187
2017-10-13,0.8657445189065364
2017-10-16,0.8655550863102591
2017-10-17,0.8655960293678259
2017-10-18,0.8652587624044812
2017-10-19,0.8654674302319474
2017-10-20,0.8654061547364456
2017-10-23,0.8654309106736235
2017-10-24,0.8649831146006022
2017-10-25,0.8644685402910007
2017-10-26,0.8643725386779798
2017-10-27,0.8613379408389219
2017-10-30,0.8597616396820328
2017-10-31,0.8581239766067996
2017-11-01,0.8578299605268142
2017-11-02,0.8587760514437515
2017-11-03,0.8528003428937683
2017-11-06,0.8529183985655758
2017-11-07,0.8502172234776514
2017-11-08,0.8577242499022533
2017-11-09,0.8629329445260407
2017-11-10,0.8667376832024342
2017-11-13,0.8678925684806136
2017-11-14,0.8683398359908997
2017-11-15,0.8682707105054609
2017-11-16,0.8713387424471782
2017-11-17,0.8706235122844033
2017-11-20,0.8703852368362816
2017-11-21,0.8719739529315673
2017-11-22,0.8719010363652779
2017-11-24,0.8710347697516495
2017-11-27,0.8712408603776328
2017-11-28,0.8718037938178292
2017-11-29,0.8676293036009571
2017-11-30,0.8663850375447527
2017-12-01,0.8654148381220597
2017-12-04,0.8641392657885643
2017-12-05,0.8643893020195422
2017-12-06,0.8648998194155716
2017-12-07,0.8657011649566332
2017-12-08,0.864913790574323
2017-12-11,0.8658286699068349
2017-12-12,0.8649150237838239
2017-12-13,0.8643974661433312
2017-12-14,0.8646694591802903
2017-12-15,0.8665359221796725
2017-12-18,0.8671683694288247
2017-12-19,0.8674478076732641
2017-12-20,0.8668559148261645
2017-12-21,0.8667754111080587
2017-12-22,0.8667034020703317
2017-12-26,0.8647922413842891
2017-12-27,0.864994089067105
2017-12-28,0.8651572990113062
2017-12-29,0.8659774867667501
2018-01-02,0.8653689266834742
2018-01-03,0.8663687965264343
2018-01-04,0.8677012275029105
2018-01-05,0.8679027572468467
2018-01-08,0.8685981825850713
2018-01-09,0.8685671880991935
2018-01-10,0.8683060388541888
2018-01-11,0.8691358614659993
2018-01-12,0.868213314326338
2018-01-16,0.8688093934528818
2018-01-17,0.8690880719581049
2018-01-18,0.8689315342236446
2018-01-19,0.8690333252624708
2018-01-22,0.8677273428032315
2018-01-23,0.8667189212969094
2018-01-24,0.8668886385932139
2018-01-25,0.8670086862328293
2018-01-26,0.8636949764367813
2018-01-30,0.8662213255389067
2018-01-31,0.8658330039475008
2018-02-01,0.8649067312400498
2018-02-02,0.8692772783286046
2018-02-05,0.880675848086065
2018-02-06,0.8806471040345701
2018-02-07,0.8795459069707521
2018-02-08,0.8866893054835128
2018-02-09,0.8871896769194642
2018-02-12,0.8875539895112499
2018-02-13,0.8873764479015491
2018-02-14,0.8896203824001199
2018-02-15,0.8904195685695756
2018-02-16,0.8897630028483032
2018-02-20,0.889409093160206
2018-02-21,0.889063057699424
2018-02-22,0.8890431267238498
2018-02-23,0.8908966063999221
2018-02-26,0.8916073556391108
2018-02-27,0.8916775452509937
2018-02-28,0.891886143089151
2018-03-01,0.8908743473006947
2018-03-02,0.8905710388306912
2018-03-05,0.8909601288617724
2018-03-06,0.8910692936681918
2018-03-07,0.8907463081235095
2018-03-08,0.8901801455901891
2018-03-09,0.8920562287581317
2018-03-12,0.8916974726711324
2018-03-13,0.8919111271015986
2018-03-14,0.8920578322013896
2018-03-15,0.8923503589165064
2018-03-16,0.8921294827296126
2018-03-19,0.891109557982625
2018-03-20,0.8913144464970115
2018-03-21,0.8910354039117208
2018-03-22,0.8950975275452726
2018-03-23,0.8987945623235261
2018-03-26,0.9022190108857226
2018-03-27,0.9044923959444128
2018-03-28,0.9042105266174376
2018-03-29,0.9052010275542234
2018-04-02,0.9094872696484751
2018-04-03,0.9099730886014848
2018-04-04,0.9110890347952842
2018-04-05,0.9116158957959364
2018-04-06,0.9137668136801438
2018-04-09,0.913683753643232
2018-04-10,0.916261316359122
2018-04-11,0.9161915699523386
2018-04-12,0.9163604702914816
2018-04-13,0.9162033081790548
2018-04-16,0.916453139822602
2018-04-17,0.9171600963045448
2018-04-18,0.9169800817671604
2018-04-19,0.91722089787316
2018-04-20,0.916819357038724
2018-04-23,0.9166789520388472
2018-04-24,0.9168297913991332
2018-04-25,0.9169526677206205
2018-04-26,0.9177604198033974
2018-04-27,0.91781620707046
2018-04-30,0.9185525285822962
2018-05-01,0.9185346307287192
2018-05-02,0.9176996068989566
2018-05-03,0.9175947017720896
2018-05-04,0.9185197972971318
2018-05-07,0.918622261315648
2018-05-08,0.9185680588499916
2018-05-09,0.918858449654648
2018-05-10,0.9191662200280912
2018-05-11,0.9191494261916924
2018-05-14,0.9189934706162896
2018-05-15,0.916432554248848
2018-05-16,0.9162924897002545
2018-05-17,0.9157226277079316
2018-05-18,0.91542600883202
2018-05-21,0.9155169166093228
2018-05-22,0.9153441791902264
2018-05-23,0.9154572441924
2018-05-24,0.9154385645956078
2018-05-25,0.915825532898359
2018-05-29,0.9151618350210324
2018-05-30,0.9162203917969328
2018-05-31,0.9159691664827472
2018-06-01,0.9166007931499806
2018-06-04,0.9166029277355944
2018-06-05,0.916393810237636
2018-06-06,0.9179570419266746
2018-06-07,0.9218710053180024
2018-06-08,0.9219240871605394
2018-06-11,0.9218509777978772
2018-06-12,0.921928188227244
2018-06-13,0.9218571328990028
2018-06-14,0.9218120041824472
2018-06-15,0.9216105554960776
2018-06-18,0.920952272077382
2018-06-19,0.9217054812494746
2018-06-20,0.921659501229036
2018-06-21,0.9220671936849512
2018-06-22,0.922029759584588
2018-06-25,0.9230031968694936
2018-06-26,0.9225682181037778
2018-06-27,0.9228316547503984
2018-06-28,0.9228196693226598
2018-06-29,0.9242837504025632
2018-07-02,0.925270671083586
2018-07-03,0.9238609205535449
2018-07-05,0.924025054291149
2018-07-06,0.9250171321878928
2018-07-09,0.92527980340048
2018-07-10,0.9243691537289958
2018-07-11,0.9245210106542818
2018-07-12,0.9242223789868058
2018-07-13,0.9241801498192114
2018-07-16,0.9245337774033214
2018-07-17,0.9246527525958256
2018-07-18,0.92456065073467
2018-07-19,0.9237776899129968
2018-07-20,0.9238988982945392
2018-07-23,0.9245369118919728
2018-07-24,0.9229343903371447
2018-07-25,0.9227702679250426
2018-07-26,0.9207403370875792
2018-07-27,0.920434393119436
2018-07-30,0.9203455076022782
2018-07-31,0.9214478054757804
2018-08-01,0.9211478731735384
2018-08-02,0.9212458208070954
2018-08-03,0.9204997562212184
2018-08-06,0.92050193112679
2018-08-07,0.9211520203329204
2018-08-08,0.9197549256317864
2018-08-09,0.9198500501786442
2018-08-10,0.9193637509128316
2018-08-13,0.9198148311067442
2018-08-14,0.9198297930456386
2018-08-15,0.9187547358863616
2018-08-16,0.9185607689237114
2018-08-17,0.9185089440770112
2018-08-20,0.9179358062694402
2018-08-21,0.917275626663109
2018-08-22,0.9173818565919152
2018-08-23,0.9174953173432678
2018-08-24,0.9176440625749764
2018-08-27,0.9173288271676416
2018-08-28,0.9173398390716904
2018-08-29,0.9171197442446264
2018-08-30,0.917330060496287
2018-08-31,0.9167900333695131
2018-09-04,0.9167802721328832
2018-09-05,0.9164250576379306
2018-09-06,0.9167718968984556
2018-09-07,0.9163276126031428
2018-09-10,0.9163829584975256
2018-09-11,0.9162251415854434
2018-09-12,0.9162497810595812
2018-09-13,0.9157864614696132
2018-09-14,0.9158857141299562
2018-09-17,0.9160651136120482
2018-09-18,0.9163159318069228
2018-09-19,0.9160801679851164
2018-09-20,0.916549808609722
2018-09-21,0.91706061182077
2018-09-24,0.91692496115449
2018-09-25,0.9182006009843926
2018-09-26,0.9177466883544096
2018-09-27,0.9175363326320406
2018-09-28,0.9183210053998736
2018-10-01,0.915658845038546
2018-10-02,0.9151817999272264
2018-10-03,0.9145587528607724
2018-10-04,0.915055813862638
2018-10-05,0.915333712550382
2018-10-08,0.9151143166972894
2018-10-09,0.9150003325753182
2018-10-10,0.9198144287950676
2018-10-11,0.9199943867958296
2018-10-12,0.9176860361980552
2018-10-15,0.9165407591957004
2018-10-16,0.9191261169318063
2018-10-17,0.9190310588379584
2018-10-18,0.920196697527406
2018-10-19,0.919305162334984
2018-10-22,0.918955678507512
2018-10-23,0.9188279132390044
2018-10-24,0.923849438870103
2018-10-25,0.9260805121510663
2018-10-26,0.9273995864023924
2018-10-29,0.9271779580841406
2018-10-30,0.9280748081517012
2018-10-31,0.9271811187960038
2018-11-01,0.9274874794907916
2018-11-02,0.9266674944759936
2018-11-05,0.927111424885122
2018-11-06,0.9272000583039726
2018-11-07,0.9282356647265256
2018-11-08,0.9282519881788046
2018-11-09,0.9284664542652828
2018-11-12,0.9298273748711908
2018-11-13,0.9297334038997094
2018-11-14,0.9298567742997876
2018-11-15,0.9306146674010596
2018-11-16,0.930785580544912
2018-11-19,0.9316257529128134
2018-11-20,0.932268659017656
2018-11-21,0.9318554610833798
2018-11-23,0.9316522072832196
2018-11-26,0.9328012080226696
2018-11-27,0.9335001239112
2018-11-28,0.9353318972253422
2018-11-29,0.9353422460097776
2018-11-30,0.9357839394277162
2018-12-03,0.936515244698978
2018-12-04,0.9389988980701592
2018-12-06,0.9388287203856788
2018-12-07,0.9399810262838688
2018-12-10,0.9396181777189332
2018-12-11,0.939645864376044
2018-12-12,0.939855382643303
2018-12-13,0.9390242883657112
2018-12-14,0.9396297556697876
2018-12-19,0.94125254186774
2018-12-20,0.9417747086981532
2018-12-21,0.9428840593922552
2018-12-24,0.943279256073114
2018-12-26,0.947842501229224
2018-12-27,0.9476434023256032
2018-12-28,0.9474537627479586
2018-12-31,0.9474052747007204
2019-01-02,0.9474456096049292
2019-01-03,0.9480423230576362
2019-01-04,0.9501616847904782
2019-01-07,0.9498590425059455
2019-01-08,0.949865121601669
2019-01-09,0.9498639411504568
2019-01-10,0.9503844558899064
2019-01-11,0.9503368704795604
2019-01-14,0.9506435640325752
2019-01-15,0.950591420118399
2019-01-16,0.9506160561402982
2019-01-17,0.9510400873995188
2019-01-18,0.9510644303242533
2019-01-22,0.9514427201653204
2019-01-23,0.9514704337568424
2019-01-24,0.9513750285415574
2019-01-25,0.9516861328898164
2019-01-28,0.9517152953983592
2019-01-29,0.951492887338889
2019-01-30,0.9517345079241848
2019-01-31,0.9520140236043012
2019-02-01,0.9515664570525264
2019-02-04,0.9503176151877242
2019-02-05,0.9501753048461806
2019-02-06,0.9504875110169804
2019-02-07,0.9492940339264132
2019-02-08,0.9492255838304672
2019-02-11,0.9488018667040752
2019-02-12,0.9490401755032696
2019-02-13,0.9486562993925608
2019-02-14,0.948386808282868
2019-02-15,0.9481139448029288
2019-02-19,0.9484588528399128
2019-02-20,0.9485718052031664
2019-02-21,0.9486194658397032
2019-02-22,0.9484320644598636
2019-02-25,0.9483725146658952
2019-02-26,0.9479604760512608
2019-02-27,0.9482022467664056
2019-02-28,0.9486173957575164
2019-03-01,0.949167056914657
2019-03-04,0.9488643697140768
2019-03-05,0.9490039196843127
2019-03-06,0.9485052645852092
2019-03-07,0.9488375352709276
2019-03-08,0.9484579920961989
2019-03-11,0.9490275206038477
2019-03-12,0.9489529003953996
2019-03-13,0.949048548318131
2019-03-14,0.9490752400272144
2019-03-15,0.949242195425578
2019-03-18,0.9490822133750512
2019-03-19,0.9488563169895262
2019-03-20,0.9489451071675896
2019-03-21,0.948524061234524
2019-03-22,0.9474302247169674
2019-03-25,0.9462803193853728
2019-03-26,0.9456698376166544
2019-03-27,0.9459691316013058
2019-03-28,0.9455816799434908
2019-03-29,0.9444465401946248
2019-04-01,0.944600444673095
2019-04-02,0.9442352731029292
2019-04-03,0.9442538403387268
2019-04-04,0.9434202348469088
2019-04-05,0.9433892826590888
2019-04-08,0.9426739650409186
2019-04-09,0.94285777176255
2019-04-10,0.9422638352201886
2019-04-11,0.9422195197952268
2019-04-12,0.9421493494866964
2019-04-15,0.94190339591349
2019-04-16,0.9418943663753564
2019-04-17,0.9413610716580222
2019-04-18,0.9413182912035502
2019-04-22,0.9411694084235152
2019-04-23,0.9416135223250812
2019-04-24,0.9415284533375112
2019-04-25,0.9413136644243149
2019-04-26,0.9411349602289966
2019-04-29,0.9409203124124308
2019-04-30,0.940688656360537
2019-05-01,0.9413203986251156
2019-05-02,0.9410929524843874
2019-05-03,0.9407802843387152
2019-05-06,0.9406046000226902
2019-05-07,0.9414648469728518
2019-05-08,0.9414186776799868
2019-05-09,0.941479987128951
2019-05-10,0.941465133910262
2019-05-13,0.9433149647494732
2019-05-14,0.9438042363339632
2019-05-15,0.943755920047494
2019-05-16,0.944175580280782
2019-05-17,0.9442978567796736
2019-05-20,0.9442180300451434
2019-05-21,0.9444366284726784
2019-05-22,0.944402069145107
2019-05-23,0.9447088194824648
2019-05-24,0.9444105353998816
2019-05-28,0.9448657497228076
2019-05-29,0.9450911243387916
2019-05-30,0.9451145592040516
2019-05-31,0.9452864261095208
2019-06-03,0.943513336483078
2019-06-04,0.9446978694581244
2019-06-05,0.9442410570111816
2019-06-06,0.9436462811410662
2019-06-07,0.9438472551906876
2019-06-10,0.9438559687070024
2019-06-11,0.9438464202314968
2019-06-12,0.9438052486142284
2019-06-13,0.9436991667384912
2019-06-14,0.9435941298809302
2019-06-17,0.9437683365306588
2019-06-18,0.9441437591988232
2019-06-19,0.9442870760351586
2019-06-20,0.9441634709553104
2019-06-21,0.9440145575038056
2019-06-24,0.9430065903058402
2019-06-25,0.9429173379414552
2019-06-26,0.9426384525512942
2019-06-27,0.942017721984634
2019-06-28,0.9416739646162308
2019-07-01,0.9412529110238866
2019-07-02,0.941760404031569
2019-07-03,0.9416713415423266
2019-07-05,0.9414102148875292
2019-07-08,0.9414187362082922
2019-07-09,0.9416697439853454
2019-07-10,0.9415697135725573
2019-07-11,0.94160232674578
2019-07-12,0.9416385387255862
2019-07-15,0.9414506121304612
2019-07-16,0.9412879219934576
2019-07-17,0.94134469189521
2019-07-18,0.941996587182728
2019-07-19,0.9420347119864668
2019-07-22,0.9417153326250848
2019-07-23,0.9428349421072598
2019-07-24,0.9425484024445429
2019-07-25,0.9438998720532644
2019-07-26,0.9441622492938976
2019-07-29,0.944281780016765
2019-07-30,0.9432430084453826
2019-07-31,0.9434109862126993
2019-08-01,0.9433082331379784
2019-08-02,0.9439015944617865
2019-08-05,0.9454483241955388
2019-08-06,0.9455899980331652
2019-08-07,0.9455171376175752
2019-08-08,0.9462830837220664
2019-08-09,0.9464851104306292
2019-08-12,0.9466949085239236
2019-08-13,0.946756973402722
2019-08-14,0.947700931674833
2019-08-15,0.947686883668354
2019-08-16,0.9479245517808196
2019-08-19,0.9481486675957695
2019-08-20,0.94855585380491
2019-08-21,0.9487162943084654
2019-08-22,0.9486988496050924
2019-08-23,0.9497687258543392
2019-08-26,0.9501396855873278
2019-08-27,0.949665031598584
2019-08-28,0.949432284620364
2019-08-29,0.9497414646765812
2019-08-30,0.949825018141435
2019-09-03,0.949828048200024
2019-09-04,0.9502610401880324
2019-09-05,0.950573160218299
2019-09-06,0.9505409716459672
2019-09-09,0.9493696410279996
2019-09-10,0.9486500341257984
2019-09-11,0.9479103398959392
2019-09-12,0.9481147648556008
2019-09-13,0.9481567397048992
2019-09-16,0.9478442296940984
2019-09-17,0.9475484896118314
2019-09-18,0.9475077703971416
2019-09-19,0.9472945647001044
2019-09-20,0.9471677485065592
2019-09-23,0.9472885104243268
2019-09-24,0.9474877533869572
2019-09-25,0.9477915242697016
2019-09-26,0.9477683142355124
2019-09-27,0.9478763510000852
2019-09-30,0.9490518721598308
2019-10-01,0.949248150167317
2019-10-02,0.9492838818733388
2019-10-03,0.9491658505657274
2019-10-04,0.949190883724042
2019-10-07,0.9493132404881596
2019-10-08,0.9497277702306918
2019-10-09,0.9485990244707584
2019-10-10,0.9488285573329408
2019-10-11,0.9506511311680408
2019-10-14,0.9514617477348526
2019-10-15,0.9507423100688408
2019-10-16,0.9507194225819378
2019-10-17,0.9499725058624994
2019-10-18,0.9503894772386414
2019-10-21,0.9506708087318004
2019-10-22,0.950559484083065
2019-10-23,0.9485188792614078
2019-10-24,0.9474027375965836
2019-10-25,0.947499416238126
2019-10-28,0.948073365639327
2019-10-29,0.947369017215438
2019-10-30,0.9481945795439786
2019-10-31,0.9480881021223752
2019-11-01,0.9488255313859985
2019-11-04,0.9492907560138202
2019-11-05,0.9492104153849726
2019-11-06,0.9487487165962336
2019-11-07,0.948778788014958
2019-11-08,0.948602767973442
2019-11-11,0.9480061161314978
2019-11-12,0.948011879918088
2019-11-13,0.9478173053390552
2019-11-14,0.9475568508205496
2019-11-15,0.9476684314281456
2019-11-18,0.947272800316556
2019-11-19,0.9467063991663393
2019-11-20,0.9470556885980168
2019-11-21,0.9473585693554
2019-11-22,0.9472889620565812
2019-11-25,0.947593625545192
2019-11-26,0.9465042721071166
2019-11-27,0.9465229111309073
2019-11-29,0.9465767935878792
2019-12-02,0.946624735953158
2019-12-03,0.9439491728790286
2019-12-04,0.9442310777760164
2019-12-05,0.9435984822178148
2019-12-06,0.9443734185700192
2019-12-09,0.9444500311531788
2019-12-10,0.9443629749103998
2019-12-11,0.945421854907734
2019-12-12,0.9451036227859216
2019-12-13,0.9438381156466832
2019-12-16,0.9440905330249392
2019-12-17,0.9431087817992954
2019-12-18,0.9424237318488556
2019-12-19,0.9408912029812369
2019-12-20,0.9405882532716088
2019-12-23,0.9343144605995636
2019-12-24,0.9346863119335536
2019-12-26,0.9345128481128993
2019-12-27,0.9343215027018046
2019-12-30,0.9343356461183108
2019-12-31,0.9338515024259012
2020-01-02,0.9280092562630478
2020-01-03,0.9279356208933554
2020-01-06,0.927567108803447
2020-01-07,0.927476939454386
2020-01-08,0.9274230143296364
2020-01-09,0.9271411107749628
2020-01-10,0.9269282285598832
2020-01-13,0.9271114088275724
2020-01-14,0.9269329319654492
2020-01-15,0.9267010799012576
2020-01-16,0.926872635373724
2020-01-17,0.9252864429475426
2020-01-21,0.9252615572843672
2020-01-22,0.9253925560178928
2020-01-23,0.9249802933554748
2020-01-24,0.925357292039656
2020-01-27,0.9258655631945464
2020-01-28,0.9262490216229116
2020-01-29,0.9258918830793392
2020-01-30,0.925981496083604
2020-01-31,0.9268334330258968
2020-02-03,0.9272694134721604
2020-02-04,0.9280126505406568
2020-02-05,0.9270268434592644
2020-02-06,0.926407820720176
2020-02-07,0.9269485323105784
2020-02-10,0.9264925807507558
2020-02-11,0.9263381096544792
2020-02-12,0.926675049911134
2020-02-13,0.9268621962992482
2020-02-14,0.9266532762091564
2020-02-18,0.926777647052815
2020-02-19,0.9267608702725596
2020-02-20,0.925800803619448
2020-02-21,0.9260029381076658
2020-02-24,0.929270876458859
2020-02-25,0.9319570622893631
2020-02-26,0.9308044487716888
2020-02-27,0.9336733306451888
2020-02-28,0.9326981925644944
2020-03-02,0.9334381299317202
2020-03-03,0.9350915393045858
2020-03-04,0.9367168821880352
2020-03-05,0.9389115740892414
2020-03-06,0.9390707621970564
2020-03-09,0.948499930554336
2020-03-10,0.948054944808457
2020-03-11,0.9507490906936238
2020-03-12,0.9601373751470974
2020-03-13,0.9640025297588324
2020-03-16,0.9715879778954652
2020-03-17,0.9731480234249168
2020-03-18,0.9686324574767518
2020-03-19,0.9618722461995688
2020-03-20,0.962546926452386
2020-03-23,0.9611440831012724
2020-03-24,0.9640551031805588
2020-03-25,0.9634636861113388
2020-03-26,0.964744478779502
2020-03-27,0.9651734693556918
2020-03-30,0.9650708253258083
2020-03-31,0.9648240508711808
2020-04-01,0.965093508570624
2020-04-02,0.9650183940850462
2020-04-03,0.9648634298031962
2020-04-06,0.9667244368254828
2020-04-07,0.966827921602159
2020-04-08,0.966804011893888
2020-04-09,0.9648366493146164
2020-04-13,0.9635897564104604
2020-04-14,0.9632133087580392
2020-04-15,0.9626878296341296
2020-04-16,0.9620787170460352
2020-04-17,0.9613831648308852
2020-04-20,0.9613329077756898
2020-04-21,0.961243215872712
2020-04-22,0.9611273688262304
2020-04-23,0.9609410600819728
2020-04-24,0.961047735166882
2020-04-27,0.9602190048340734
2020-04-28,0.9590938909449396
2020-04-29,0.9592768668098712
2020-04-30,0.9579989141495536
2020-05-01,0.9584268578140774
2020-05-04,0.958206806509593
2020-05-05,0.9582167543628952
2020-05-06,0.9579848436159556
2020-05-07,0.9580548320510248
2020-05-08,0.9575376354835636
2020-05-11,0.9572967451750116
2020-05-12,0.95745924481032
2020-05-13,0.9573843464089448
2020-05-14,0.95731715998681
2020-05-15,0.9573092181177968
2020-05-18,0.9564568066691592
2020-05-19,0.9563723710835444
2020-05-20,0.9563575020996352
2020-05-21,0.9562413026571432
2020-05-22,0.9562386274124371
2020-05-26,0.9554943894881496
2020-05-27,0.9550558842648836
2020-05-28,0.95445192342386
2020-05-29,0.9546652377198288
2020-06-01,0.9544705911086916
2020-06-02,0.9545975405273872
2020-06-03,0.9545911455311836
2020-06-04,0.9545337525369648
2020-06-05,0.9546381515136888
2020-06-08,0.9546492624342204
2020-06-09,0.9542207402993548
2020-06-10,0.9530995779772952
2020-06-11,0.9544960563719552
2020-06-12,0.954457364428394
2020-06-15,0.9543303012562095
2020-06-16,0.954452764835756
2020-06-17,0.9541266706653806
2020-06-18,0.9541623203045448
2020-06-19,0.954227189070773
2020-06-22,0.9543878318971568
2020-06-23,0.9543983751164647
2020-06-24,0.9547760400138334
2020-06-25,0.9548627575282292
2020-06-26,0.955144815720158
2020-06-29,0.9549820583363394
2020-06-30,0.95499431242425
2020-07-01,0.9545720013317336
2020-07-02,0.954568782648322
2020-07-06,0.9543284174108692
2020-07-07,0.9543745883299488
2020-07-08,0.9543804710680454
2020-07-09,0.9537938092698144
2020-07-10,0.9537693000935944
2020-07-13,0.9536404086808996
2020-07-14,0.9536314202247238
2020-07-15,0.9527249598115928
2020-07-16,0.9527287089698688
2020-07-17,0.9528121814718564
2020-07-20,0.9517822519172224
2020-07-21,0.9512968408063605
2020-07-22,0.9512782647412186
2020-07-23,0.9504653591027532
2020-07-24,0.9504706558855824
2020-07-27,0.9507082299279156
2020-07-28,0.9507291467975992
2020-07-29,0.9507356920216152
2020-07-30,0.9506759340240954
2020-07-31,0.949729230258345
2020-08-03,0.949684686055436
2020-08-04,0.9496877068325236
2020-08-05,0.9493648436079648
2020-08-06,0.9492008341891924
2020-08-07,0.9483905901843476
2020-08-10,0.9482447159713856
2020-08-11,0.9477899989365358
2020-08-12,0.9474980074593976
2020-08-13,0.9473835418645766
2020-08-14,0.947358020918164
2020-08-17,0.9472910149413144
2020-08-18,0.946947562406808
2020-08-19,0.9468594183379622
2020-08-20,0.9462817130895091
2020-08-21,0.946071627000376
2020-08-24,0.9461400216594468
2020-08-25,0.9461561426384124
2020-08-26,0.9453178444175726
2020-08-27,0.9452493576819536
2020-08-28,0.9452384429016674
2020-08-31,0.9449566617881288
2020-09-01,0.9448763847703318
2020-09-02,0.9448451544442236
2020-09-03,0.9447591691863836
2020-09-04,0.9448980308296302
2020-09-08,0.9444523644485768
2020-09-09,0.9443468091209226
2020-09-10,0.9443141831076366
2020-09-11,0.9443578451121432
2020-09-14,0.9444374840768354
2020-09-15,0.9443340185142988
2020-09-16,0.9436858488221505
2020-09-17,0.9437060278498584
2020-09-18,0.9435943682310663
2020-09-21,0.9427542727607836
2020-09-22,0.9426712142317052
2020-09-23,0.9429836995836004
2020-09-24,0.9430051706987088
2020-09-25,0.9430635730050996
2020-09-28,0.943114448170407
2020-09-29,0.9432220196157332
2020-09-30,0.9432074445152208
2020-10-01,0.9431487861537105
2020-10-02,0.9421039808453416
2020-10-05,0.9421662346826144
2020-10-06,0.9419063914982574
2020-10-07,0.942052570493939
2020-10-08,0.9419862919163762
2020-10-09,0.9419216009249564
2020-10-12,0.9414848342551978
2020-10-13,0.9415099633305324
2020-10-14,0.9416117280771756
2020-10-15,0.941314728080381
2020-10-16,0.9412759590762114
2020-10-19,0.9413591801500494
2020-10-20,0.9413570843108128
2020-10-21,0.9414561836941032
2020-10-22,0.9412218986724196
2020-10-23,0.9412096820016408
2020-10-26,0.9415061236469772
2020-10-27,0.9413320124731218
2020-10-28,0.9415525922144968
2020-10-29,0.9415576282505892
2020-10-30,0.9414009681686007
2020-11-02,0.9412332635844284
2020-11-03,0.9413794973948432
2020-11-04,0.9396340110032744
2020-11-05,0.9398388191354944
2020-11-06,0.9397894801081942
2020-11-09,0.9371400937821962
2020-11-10,0.9359116115811073
2020-11-11,0.9354570616560236
2020-11-12,0.9354766865505864
2020-11-13,0.9354912453115372
2020-11-16,0.9353741047117214
2020-11-17,0.9352751540509971
2020-11-18,0.9353322272511532
2020-11-19,0.935332833857125
2020-11-20,0.9353074171025438
2020-11-23,0.9350537025481318
2020-11-24,0.9351324315309464
2020-11-25,0.9350390257754404
2020-11-27,0.9349681800164148
2020-11-30,0.934710521330168
2020-12-01,0.934714829276616
2020-12-02,0.9347069367303944
2020-12-03,0.9346260702934563
2020-12-04,0.9344134495932797
2020-12-07,0.934387104409228
2020-12-08,0.9342945871894296
2020-12-09,0.934089422739056
2020-12-10,0.933989718224499
2020-12-11,0.9339680908325954
2020-12-14,0.933908866339102
2020-12-15,0.9339253590099468
2020-12-16,0.933861242256112
2020-12-17,0.9338625247928484
2020-12-18,0.9338647864785596
2020-12-21,0.9338543670304812
2020-12-22,0.93379581241399
2020-12-23,0.933658349545154
2020-12-24,0.9336414730511876
2020-12-28,0.9334187345922892
2020-12-29,0.9334376346515924
2020-12-30,0.9333585413959672
2020-12-31,0.9332765040800508
2021-01-04,0.9333757691259223
2021-01-05,0.93336256138623
2021-01-06,0.9312923587287286
2021-01-07,0.9313023437142984
2021-01-08,0.9311095986729554
2021-01-11,0.9309721725255656
2021-01-12,0.9306820052514692
2021-01-13,0.9304844877408462
2021-01-14,0.9298606882807052
2021-01-15,0.9299070416573306
2021-01-19,0.9299255031362696
2021-01-20,0.9296464132226128
2021-01-21,0.9293800844190426
2021-01-22,0.9291401901532856
2021-01-25,0.9290523073624372
2021-01-26,0.9290616582426646
2021-01-27,0.9291888518192168
2021-01-28,0.9288513935364252
2021-01-29,0.9289381818765908
2021-02-01,0.929043542445311
2021-02-02,0.9291434490562326
2021-02-03,0.9292218568745224
2021-02-04,0.9292645606401952
2021-02-05,0.9292164917375284
2021-02-08,0.9290448181352275
2021-02-09,0.9290159127645172
2021-02-10,0.9290039244952006
2021-02-11,0.9290409617793152
2021-02-12,0.9290229265852284
2021-02-16,0.9290020184273624
2021-02-17,0.9290570887782724
2021-02-18,0.9290260826935276
2021-02-19,0.9280418270823292
2021-02-22,0.927066136241182
2021-02-23,0.9271274980807016
2021-02-24,0.9266172260504624
2021-02-25,0.9272068876205292
2021-02-26,0.9273432126521848
2021-03-01,0.9275818280685952
2021-03-02,0.927503341801541
2021-03-03,0.9266115637927268
2021-03-04,0.9265594801458302
2021-03-05,0.9228441825020132
2021-03-08,0.922330340910988
2021-03-09,0.9199306963346912
2021-03-10,0.9123934300826264
2021-03-11,0.9094122536885691
2021-03-12,0.8927827756928227
2021-03-15,0.8887407105363494
2021-03-16,0.8841520965548553
2021-03-17,0.8881175174945685
2021-03-18,0.8863643355958534
2021-03-19,0.8873138475101104
2021-03-22,0.8761833659091685
2021-03-23,0.8764962329254762
2021-03-24,0.8716543165037897
2021-03-25,0.8681616708528351
2021-03-26,0.8682358365727055
2021-03-29,0.86767643332021
2021-03-30,0.8605841237761479
2021-03-31,0.8606157671510286
2021-04-01,0.859859563727828
2021-04-05,0.8476272776816988
2021-04-06,0.847664250353636
2021-04-07,0.844643919689099
2021-04-08,0.8459076355849469
2021-04-09,0.8472465547889111
2021-04-12,0.8472715918793641
2021-04-13,0.8455087477680084
2021-04-14,0.8459427446816203
2021-04-15,0.8450261028881181
2021-04-16,0.8446418182245481
2021-04-19,0.8434743425777049
2021-04-20,0.8441487554303803
2021-04-21,0.8447776640509794
2021-04-22,0.8443313180457392
2021-04-23,0.8448638562437484
2021-04-26,0.846834406309939
2021-04-27,0.8431352806947038
2021-04-28,0.8444127287458002
2021-04-29,0.8402715344917034
2021-04-30,0.8409936698075333
2021-05-03,0.8406765441031898
2021-05-04,0.8415168130902617
2021-05-05,0.8410829763712004
2021-05-06,0.8399209007475976
2021-05-07,0.8406854864527605
2021-05-10,0.8397353160385075
2021-05-11,0.8380810547210856
2021-05-12,0.8411004196233932
2021-05-13,0.8412608346580688
2021-05-14,0.8398957466622538
2021-05-17,0.8396460363276204
2021-05-18,0.8384310798864772
2021-05-19,0.8386559472024703
2021-05-20,0.8384091470592426
2021-05-21,0.8392792957698284
2021-05-24,0.8394029696559262
2021-05-25,0.840080783694996
2021-05-26,0.840591727641138
2021-05-27,0.8402370299115063
2021-05-28,0.840133915328107
2021-06-01,0.8395916152619975
2021-06-02,0.8396648541470383
2021-06-03,0.8379589483607064
2021-06-04,0.837140780179466
2021-06-07,0.8377796360595902
2021-06-08,0.8403553541908071
2021-06-09,0.826310800534456
2021-06-10,0.8250891699566743
2021-06-11,0.8244561349333462
2021-06-14,0.8227136487023881
2021-06-15,0.8237012923222471
2021-06-16,0.8237664700496634
2021-06-17,0.8224573965387192
2021-06-18,0.8228749635857738
2021-06-21,0.8230494828980497
2021-06-22,0.8199455567513403
2021-06-23,0.8194048807359178
2021-06-24,0.8166026971217215
2021-06-25,0.8160918453079111
2021-06-28,0.8145005437478988
2021-06-29,0.8157857959327653
2021-06-30,0.8157747159323827
2021-07-01,0.8158614593152211
2021-07-02,0.8136178647345722
2021-07-06,0.8128292873167408
2021-07-07,0.8141825655402383
2021-07-08,0.8144396594407888
2021-07-09,0.8138367216676694
2021-07-12,0.8133596764388714
2021-07-13,0.8146866649723609
2021-07-14,0.8137130840175333
2021-07-15,0.8139107853796569
2021-07-16,0.8171915688724163
2021-07-19,0.8194740606560678
2021-07-20,0.820746925395365
2021-07-21,0.8224000295277335
2021-07-22,0.8205264643980064
2021-07-23,0.8201128203580741
2021-07-26,0.8195332219753728
2021-07-27,0.8191832014992068
2021-07-28,0.8191113783330333
2021-07-29,0.8214652846853278
2021-07-30,0.8211543104550586
2021-08-02,0.8210763615260095
2021-08-03,0.8211997432360886
2021-08-04,0.8212650889523299
2021-08-05,0.8234534766496261
2021-08-06,0.823778466646878
2021-08-09,0.8235256681173916
2021-08-10,0.82394177086627
2021-08-11,0.8239140422946852
2021-08-12,0.8236581980972657
2021-08-13,0.8233644295293688
2021-08-16,0.8243125463486737
2021-08-17,0.8250773395646461
2021-08-18,0.826349399086417
2021-08-19,0.8263185852374559
2021-08-20,0.8267181016302606
2021-08-23,0.827562848314288
2021-08-24,0.8299524596322908
2021-08-25,0.8300888845918281
2021-08-26,0.8302670893265678
2021-08-27,0.831590941718351
2021-08-30,0.8304885587304565
2021-08-31,0.8304841481247212
2021-09-01,0.8262530466962595
2021-09-02,0.8259635222378507
2021-09-03,0.8244153424223305
2021-09-07,0.8239806041973852
2021-09-08,0.8234283226577117
2021-09-09,0.8233254224927434
2021-09-10,0.8221506845918256
2021-09-13,0.822563258978251
2021-09-14,0.8248385007431157
2021-09-15,0.8249481993774938
2021-09-16,0.8250893951911011
2021-09-17,0.8258538551747092
2021-09-20,0.8284984341479832
2021-09-21,0.8242690803482688
2021-09-22,0.8248713029500769
2021-09-23,0.8247209081427009
2021-09-24,0.8228705703639855
2021-09-27,0.821090861667369
2021-09-28,0.8239949497956153
2021-09-29,0.8235190909274099
2021-09-30,0.8267839568257735
2021-10-01,0.8247413425058995
2021-10-04,0.8258912264485991
2021-10-05,0.8240628031982292
2021-10-06,0.8233036625821217
2021-10-07,0.8240756096439613
2021-10-08,0.8255297867828109
2021-10-11,0.8257258848358324
2021-10-12,0.8249760382658102
2021-10-13,0.8258832088039867
2021-10-14,0.8264949370647129
2021-10-15,0.8251068131392911
2021-10-18,0.8248776013795254
2021-10-19,0.8246787313281387
2021-10-20,0.8249120377777667
2021-10-21,0.8248159906956055
2021-10-22,0.8228095836103261
2021-10-25,0.8239127300676435
2021-10-26,0.819521940450778
2021-10-27,0.8185518802486669
2021-10-28,0.8186744489331854
2021-10-29,0.8186471613615072
2021-11-01,0.8152252985232186
2021-11-02,0.8229739795935525
2021-11-03,0.820631966315943
2021-11-04,0.8202625957359833
2021-11-05,0.8293199003939392
2021-11-08,0.8341934284602311
2021-11-09,0.8366614174588348
2021-11-10,0.8370912836874282
2021-11-11,0.8362158477101744
2021-11-12,0.8351755260214139
2021-11-15,0.8356000427972842
2021-11-16,0.8348485671019679
2021-11-17,0.8348362340956829
2021-11-18,0.8346837612399461
2021-11-19,0.8346387281134373
2021-11-22,0.8334227856173932
2021-11-23,0.8336707350137854
2021-11-24,0.8336766104062717
2021-11-26,0.8386506138846185
2021-11-29,0.835837084250891
2021-11-30,0.8371655418298463
2021-12-01,0.839295482169257
2021-12-02,0.8395970343216735
2021-12-03,0.8413140379345371
2021-12-06,0.8420398190099521
2021-12-07,0.8440863520036463
2021-12-08,0.8445069543542781
2021-12-09,0.8457871686932942
2021-12-10,0.8451467752028543
2021-12-13,0.8448718846909129
2021-12-14,0.8455693617053026
2021-12-15,0.8461420105439027
2021-12-16,0.8471965035067344
2021-12-17,0.845403245192668
2021-12-20,0.8466292500934387
2021-12-21,0.8498192598932341
2021-12-22,0.8501299404310891
2021-12-23,0.8512820868098027
2021-12-27,0.8515690021870168
2021-12-28,0.8519440753147453
2021-12-29,0.8522596749787537
2021-12-30,0.8514717743384903
2021-12-31,0.8509710663762153
2022-01-03,0.8588094153750746
2022-01-04,0.856927878396777
2022-01-05,0.8613667446965929
2022-01-06,0.8618591133045499
2022-01-07,0.8631221577276095
2022-01-10,0.8636807495770749
2022-01-11,0.8666263093849964
2022-01-12,0.8656480107144235
2022-01-13,0.8639912329360696
2022-01-14,0.8649103276908426
2022-01-18,0.8684703174678308
2022-01-19,0.8700737989028696
2022-01-20,0.8712908930698977
2022-01-21,0.8720150676785278
2022-01-24,0.8708499574131263
2022-01-25,0.8718638642102877
2022-01-26,0.8709045697405511
2022-01-27,0.8695898225255888
2022-01-28,0.8698030922489224
2022-01-31,0.8725173698100153
2022-02-01,0.872074064328379
2022-02-02,0.8703754284061836
2022-02-03,0.8703053874027336
2022-02-04,0.8701616686986502
2022-02-07,0.8695027759304603
2022-02-08,0.8700985870118396
2022-02-09,0.8712257067214865
2022-02-10,0.8717358716791954
2022-02-11,0.8708368338971662
2022-02-14,0.8706753265910029
2022-02-15,0.8746824772086493
2022-02-16,0.8756802355733513
2022-02-17,0.8775552947100557
2022-02-18,0.8775969782107905
2022-02-22,0.8744550544654203
2022-02-23,0.875813456315903
2022-02-24,0.8745896814093063
2022-02-25,0.8746011065289153
2022-02-28,0.8748688969956255
2022-03-01,0.8741982915120114
2022-03-02,0.8744653565112482
2022-03-03,0.8784333273797794
2022-03-04,0.8790040059453906
2022-03-07,0.8813652181858913
2022-03-08,0.8794082337769923
2022-03-09,0.8823121126128716
2022-03-10,0.8822142338553146
2022-03-11,0.8839690287783833
2022-03-14,0.8845252283185494
2022-03-15,0.8827362333873826
2022-03-16,0.8856291241396786
2022-03-17,0.8881215651022448
2022-03-18,0.8895522538689767
2022-03-21,0.8890746564311143
2022-03-22,0.8909502972813215
2022-03-23,0.891151945866526
2022-03-24,0.8934877804460812
2022-03-25,0.8952030965883321
2022-03-28,0.8946439410299479
2022-03-29,0.894766449615062
2022-03-30,0.8954610017358833
2022-03-31,0.8954608496993124
