x0,x1
1.6833890549825465,-1.12659140529645
2.438687265003015,-4.192102706055856
-0.0688328092553343,-2.3739059648001906
0.12622095767769537,2.051914014077436
7.4912786470144095,-7.098052661136001
5.084150533157304,-4.47989144444772
1.9526238553150526,2.660739489267897
-5.005495185229583,-12.431672605372267
-5.71694243583544,0.9871572198628833
4.894194513297906,1.6602186684427451
7.700656791258696,0.38485415590102434
0.46071107154104585,0.049525173156197866
-4.344158037834935,-2.481421616104571
-3.9930539762733503,3.0040405068925082
1.3058765045010032,-6.536085080170576
-2.2962214305352227,-0.06379359018409936
0.3861046510316797,-3.7681889203643273
-5.7369427938910285,-2.8825610526342125
2.5693401181138995,-2.8951880562543764
7.212473099204738,-1.7272346161372987
-0.9668893919669959,-6.133424831611854
3.766836742981708,-12.915941510673143
3.334734016239347,-1.9285183468731297
-3.054644144966227,-11.67932664221264
-1.5840030870614257,-7.453206123032793
1.9827547858503145,-6.1051727576782335
7.837233732829166,-12.163193406535495
-3.0757254146723145,-11.096428678070067
3.1435165565155785,-9.440751154283923
0.5283508199882885,-9.60033934397115
-3.774425828962724,-12.013247459042507
3.188614252513828,-11.512706875724952
-3.247846936479251,-7.362946928102646
5.493905217871092,-12.252177035724896
5.7312287049832555,-12.270228657908664
7.67043251018754,-5.564278370341372
7.674655234664719,-3.112780644589172
4.349690111576223,-13.294619739422227
-2.040702523930266,-11.836461898162959
-1.8540372346899705,-11.862901058823606
-1.5482354884843357,-6.54326609873594
-5.101935051117019,-1.5355018513396423
1.9324203588920525,-9.222989163089983
1.3254727485337954,-12.30907080634805
2.06325093778651,2.7273315563718548
-1.5400346656814685,-1.9866131606537287
-4.154829926338509,-1.1061103258658207
-1.9483146987391846,-10.702555483871897
2.2111810873411635,-13.638064168625116
5.6051604090430835,-13.915481428534154
3.4894315151472206,-9.139856482541033
4.292716309716328,3.319393812113887
-2.5174559907205873,-3.629167980478936
2.288587037805746,-3.69946569576428
-2.8768571430313434,3.1494822073057307
0.2597553006467832,1.2353561044803012
3.792709854445061,-8.646134884607594
5.39316947583468,-6.862896664754277
6.335444759556262,-3.537088292554543
6.344295065967939,-1.534431378600214
4.153559917474967,-4.97616112531936
7.385170886125135,-2.408176413866526
-0.06602932018548469,-3.0849221456973623
-5.73129522366933,-8.571653299858113
3.24242952489759,-8.778603070212007
2.6522160059837816,-6.28216338297621
-4.103363100885697,-8.630918132791447
1.9795087498177084,-3.3642902975328823
2.0405534838941026,-2.2423852425715953
3.1294457800236444,-6.2344681621884686
6.551652341914881,-7.383886339137862
0.10210895371877537,2.0546203902820963
5.286715846645201,-1.3300054962734063
-4.596823577627784,2.550687047404125
3.9993781936875603,3.979246118221596
-3.9077237347880875,1.6262690326278566
-3.7250989145307525,-2.9199278428908055
-4.266520240107819,1.264148127800219
5.302465422150149,-3.7561867049373205
-0.2994338388360047,-12.754994081807515
3.7640028240238905,-5.83623171179476
4.10877839258487,1.5948818667153262
7.6573010700404005,1.4044601630669984
-5.836002821409973,-7.52039483938945
4.219867873936812,-10.91066580929407
1.2945124868578102,-13.021916209893435
-3.200048651450399,-13.666607699708948
5.11176784700389,-9.969355614913159
-1.1650764702433625,2.7054632823806344
3.8618016269294593,-13.42689926843646
-3.6942818090292215,-2.813388773004256
2.0812002404583456,-9.717929215258845
7.078995970947112,-2.948612792613872
1.4988592423494165,-3.3816204256177222
4.221708413234776,-8.384990081367167
-0.42490512897471344,-10.222812518447801
-3.3932979176752935,2.9987030197108027
4.3537111306900265,-5.171741444883793
-2.8161952083734745,-9.421583328132927
-5.187591755465741,-6.1805007399538265
-1.6348576520825642,-1.4658172013217285
-0.7114742499052671,-10.767133803926573
-5.654497802521362,-12.789506633661526
3.511498828979942,-5.833456797991184
1.5121089555221108,2.140083274726159
7.864745263553861,-10.095854280827469
3.283094843401411,-9.260197218731289
-5.7108860074797985,-0.3491842309494544
-1.5197598884854502,-7.097649904905836
2.2364395897504803,0.9588721942514269
2.8057458102760826,1.707711798053115
-2.170411512581099,0.36484301042614575
-3.401096779716669,3.1502498254950027
3.6248358694294147,-10.120861811955947
7.263188266844939,-0.8445954781371583
-2.4448170036696384,-10.160384407385324
1.2548099950292855,-13.538071075018431
-3.0954189438244684,-6.355661562472887
-0.7616202753208423,-5.655642361433408
-2.1131981118737535,-3.437881763752962
6.093978482925239,-11.884426592683404
1.2433075001575986,-11.62277408578724
4.036035536696312,-6.870925349468712
1.9158983660191256,-10.700962948146586
-3.9721313691927187,-5.214986948318817
-1.0214216701006213,2.927775014550633
4.714553553297513,-0.5240548426901483
6.652076356443068,-12.498396162043665
1.7306945789136918,-3.479430758796161
7.467109299661207,-8.74134451773412
-2.6283970811837447,-12.194709039221038
-5.769985185719361,2.731527702259431
3.3788316522727406,0.13275241641647995
-2.055778519444713,-3.4446170086461194
-5.1046262743062645,-5.258703273176788
7.684931956422256,1.7770944156986346
-1.2657746742841613,3.308262781746972
-2.7561772294031366,3.0877388034822673
7.179287865890981,0.38564657234305066
2.826271116135075,1.7371833992490462
-1.897716016890846,1.2809839956325284
2.650273686845333,-13.76173656033981
-1.1387307489489258,-11.33346450293303
7.745611457455544,-5.389334473280215
0.9634791169812775,-2.4894947048229756
-0.8398155141853545,-11.535795109659219
5.509648264719438,-10.582737585750357
1.1584657556503846,-9.962293478454693
-4.630177217083523,1.5194473135903
7.620872846323824,3.295023845134004
6.691776989096505,-0.06714801142450177
-1.3359678715990135,-12.540174980216058
-0.29862360020669776,-9.819785440923031
-4.145173113388238,-13.038310727837146
4.158321098948102,-13.794305744749442
4.788130479038868,-11.354960382793248
-4.88669084378542,-12.387145383705104
3.4086693029548023,-9.583390222648795
-0.11244746647862147,-3.9673617561694954
6.047716433603112,-0.9132032711960907
-2.215409326657995,-11.633309612759703
-5.224759514103229,-8.571224579343035
-2.3303459106445046,-5.789469797591366
3.5659386976675265,-1.4787419785005707
-2.030736147849667,-7.161314793797831
-3.4638865356833577,0.19381922151733733
-5.2041269299346355,-1.4540496489502281
4.901735543175448,-0.006663886722442669
-2.368084099165031,-7.271363517213894
2.226394892749447,-9.089205756359593
-0.8080608109495575,-10.453022956658486
0.4379823725841039,-13.196978577425947
5.197142383988652,-12.614783954240611
1.2636920836413648,-8.47741820818647
2.0856012836392566,3.2698001350016526
3.0379834223840536,-13.363476156401163
0.02563415311285766,-4.819696658271496
1.5064849258483282,-1.7349348091309178
-2.113654631755275,-11.680509821606236
-0.5025405283406794,3.21530301032708
-3.3801675154881736,2.2717111887082666
1.6132833010825687,-5.775594410376215
6.348579743218455,-5.745128688165455
4.138346912561605,-6.817544209344164
6.656621500613408,-1.579549636557907
3.794708759507234,-8.101032771971859
4.594900998316449,-2.5509010019514555
-2.639716172684066,-11.110301195265384
5.149480643242644,3.2649988546340047
0.4139435816406003,-3.362285024173671
6.008117018709765,-5.769977839630574
7.326242675658307,-3.636479083192297
5.49073968981841,2.359186931429292
5.417333462759963,-11.130539657918792
2.804578146863806,-6.8281833448458125
-5.12201867167316,-6.367419465982845
-2.378423063548292,1.2826895517131938
-5.533735228346253,3.261688993542524
-1.024836121392985,-7.579275972754228
-5.771400962428089,-10.66581814574869
-0.38236698874947805,2.7272455114488494
-4.605390976902202,3.015427602623433
6.1728394276528515,-5.825076855664069
-1.4261876552443589,-9.810605672976976
2.602505890676241,-13.404657353440898
-5.781515097744405,-6.281676995031719
-5.046962964353917,-9.465062211570327
-2.903747185154826,-9.442558512988665
-4.165226762986391,-13.783347987842223
-4.383219840057527,-2.867355328770538
7.639586979452705,3.8262100280960887
-0.273242664777138,-11.066820331161104
2.9426646031314103,-5.174503762122731
7.85173688198204,-12.824524271267956
4.965282136393384,-8.808827048033109
-2.620139318927964,-2.0749177124118336
-2.5551154101264975,-2.014535883934622
1.2423192408320425,-6.366398208154712
1.7656293212598655,-8.833072641446664
3.8920458878217055,-6.532576351995847
-0.9523621531975088,0.9158244620032789
6.949536767344689,-13.171868404028656
-2.743222100383283,-7.726651349133862
5.4095307111834625,3.7388456975793574
7.565603865384924,2.289070219898683
-1.8482122891035822,3.856202381460534
-2.5081194252096832,-12.09368921211982
7.313336554775518,-9.798435401574267
3.656755711088506,-12.949585538349403
4.229927387784667,1.8709638220091147
-2.185883463476525,-7.176975870606286
-0.7598534335071747,-0.5218113642776032
-2.670698604453456,-10.906644217142425
0.2900830816283335,-8.51956866720825
5.748647711621134,-9.720647131718502
1.03345240484966,2.966504794562745
2.87596776842525,1.6112092983243667
7.162935650966743,-0.48623248604566527
3.7940508431465183,3.423380198876089
7.921611055067512,-5.8672097119443265
-5.007823105421083,-8.729707434070662
-3.8670341203717733,-6.4852452536717875
-4.161949401374415,-3.1258795276241234
-0.6406871717900424,2.116945917187781
7.549125405179026,-4.156071769950401
-2.152470021853648,-3.339852462286938
6.554656215141737,-6.678799774956531
1.7290958736875917,-9.110250183089374
0.3762180923003777,-6.769156363167225
-2.5222114888384057,-4.894405091144449
-1.6546684362826403,-7.2853724501465456
1.3495861915597,-0.48928958727822547
-1.3308954789221454,2.6348577991737443
6.072459655702634,-13.123574672440487
-2.4490046604044813,-5.969560772134365
-4.535209557605363,-7.727432197397053
4.361365358647555,-1.7507393394291348
2.713381999924067,-1.2104887509977793
-3.1310683825641754,-7.849433932434822
3.4673947518844805,1.826225734563888
1.6114927535933328,-8.91140628298034
-5.576706387916244,-1.2139370784641592
-5.8896225508818345,-7.291776743222081
1.4275210038789456,2.598006311809474
-4.747076369539398,-6.693038204570893
-5.659615204057792,-7.833002281851375
2.7112348237571293,-8.97677693188523
-3.0635007048211085,-11.917341800112315
2.0799634162847855,-1.485139893715651
3.4073999683415135,3.079498372969134
-5.9621550054909624,-2.350460229907352
2.405491319366954,-3.402687020534813
7.478784477763394,-13.696309879339285
3.7507540298203015,0.6462156946335416
1.1373007527021777,-7.988632347257435
5.071762285183668,-12.249627338616357
0.1884989282189533,-4.640857257724912
3.715389753083665,-12.364056823416629
-2.8113669784699464,-6.614571871577739
2.7261254222818287,1.9652940619135144
2.6635663553792703,-11.59769352317118
7.728121859021954,1.6921432255988726
1.0380906560345364,2.6022636723393937
1.5793311125999008,2.619509222004936
5.618563160446804,3.429155385297353
6.876959350894218,-13.35139128628575
-3.5531919417468405,-6.995575812178656
7.329997762135891,-8.599479449433268
-3.7534529855735856,1.9534839895580784
0.2495218167648403,2.3417606983778683
-3.7567734715179943,-2.0998847928542084
0.1636925396128852,-12.623238157454862
3.750484025135009,-9.546822400295234
-5.445382683886752,-12.921002631507681
-5.144900481064977,2.339193234730711
4.358374849607415,2.16512242984723
3.416152358151299,-4.479081277444102
-1.7377508991367048,3.9633205239161207
-0.9293531748485488,-5.528318914149628
-0.704567551071535,3.631484728038256
-3.554782604469919,-8.096215983654567
3.524881324210021,-12.862262869904649
2.5014912361615735,-5.402362948224511
-2.0240003253305847,-9.708560943366956
1.2031784061825945,-7.377303550333256
0.39127847767717494,-7.925407128243681
7.586911710343687,-11.598090228579128
-4.644744655502761,-7.818948881763511
2.2743766121868774,-2.134823506699492
-0.4384055396474116,3.9870038905990803
-1.0734980532974037,-1.0146799767208563
2.9261577234311,0.6349695384542926
7.66715928835348,2.0162858160197246
4.703867641007919,-1.4315273992707702
-1.3030256245374048,-11.341659592279267
-5.123095957162663,-9.645769324373273
0.051940736538180765,-4.604067074660316
4.823169756768202,3.257336615018673
-4.3575132746126455,-12.073925476511752
2.25572612218971,-0.5828346689487276
5.874105324857789,2.844977443902195
7.7679673916489875,-6.803569539958534
-0.6753074306139766,-11.339443819449098
3.5890821415698326,-2.1782847480649323
6.068876341916901,-12.249356093822469
0.9688767095547846,-3.5405252659028648
-2.618201439441142,-10.957542689675098
6.0341317098747,-12.946371399759942
0.5886926548530198,-11.914987976584065
0.39882265863914323,3.639321874161567
-0.06811105162338116,1.4282485150822115
-4.357582101435286,-9.117462618286446
-0.3469016306573174,-6.803381479832047
3.3993687013821443,-7.795073707240862
3.9927361577402287,-2.494635813942935
-0.41174396643317657,-6.228317702222253
2.6033877973444906,-12.739240577396396
5.513694336979665,-2.2384190999545357
4.168794501849693,-4.335385980516971
-4.4533204461155735,-6.709358960654901
-0.32476984012021504,-8.221226179222096
-5.580695451333509,-0.7294236332634085
-4.46301758712499,-3.086453605188467
3.84504495054102,-2.573846187193494
7.427991527691649,-12.140633208467506
6.140340227472787,-13.474575772719561
1.488835968979176,-6.7236148770933415
1.3385740455126145,-7.428202212919824
-3.3320631908390475,-13.655787845923584
1.2540973930764405,1.1699835283271618
-0.7749766195728816,-9.988451275730355
-4.872551951394183,-12.46440338386334
-2.900449751901189,-12.199746903412006
-2.2894442228972514,-12.809309681894815
-5.081531859061041,1.4129712332100741
-3.7303163500763348,-3.925716695177936
4.828377622286428,-5.7846278238968
-3.8528357099691597,-10.407269441837942
0.06177888793652997,-4.491786394786356
-1.107835911320512,0.06663280422390372
4.514303083989578,2.6898125327161218
-5.594664313622553,2.1224432417836603
-0.5040369615298852,1.8107049168398923
3.670986866191413,3.7722776273314267
4.629954324033353,-7.4381967320578415
1.0148844196865294,-7.224995206501678
-0.8912342957026667,-9.303719011140924
0.9435841352285745,-1.7286809887514991
-2.1172362017265907,-4.56116340061004
-4.356675881612199,-11.122784836624557
-5.344711034029357,3.473165969871392
-5.945955078856345,-10.785560574962187
2.580134543637893,-12.535347220640505
6.346551043355653,-1.0468371588388123
7.529459600130508,-4.862560149666232
-1.7943484357811794,-4.108989689685114
7.031462042171624,-4.62629412964651
-2.2591015539275388,1.7931782051341525
-0.7931375208255416,-13.975099700018015
-2.532409685107577,-8.271796834812877
6.02288455524663,-5.746942992803991
0.22422202935821023,-7.950159204802027
6.329493722659114,3.0104819849270434
7.886464608164811,-7.218657194702239
7.5260642387804,0.25383225335622406
3.459648067019735,-9.59198937043821
-2.969598346781063,-11.011139158617578
6.918592543155116,-8.706620077103011
0.3433194362842986,-5.108758988229978
4.894402336303559,1.1962293079544342
-4.05298218391942,-6.315721516200673
5.799968429696399,0.7245995036050914
-4.56620738166617,-11.185099720376666
-1.7412183176082907,-12.643536756499874
-0.054717960231699614,-12.062881307307526
1.9550463113778305,-9.56197508339919
2.3500629148947176,-11.884538427734523
7.6623741578594675,2.786101669432128
-0.5148428600946788,-9.640785305730462
-2.494425020049981,-5.298916366356943
-5.440100773389963,-2.485308090647715
-0.28375928324357247,-7.206681693400029
5.331109600848777,-1.2373617167007804
7.360673415497688,-7.665147671077567
6.565598705091677,-0.1405906474984011
-0.9960548776740179,-2.81002214384136
-1.960020592876262,1.7391985073471616
-4.426017559027643,-10.176181496707262
-3.437533910881104,-6.745531956722804
4.433261440449808,-4.515665917060755
0.8274685295349062,-13.990172631854078
-0.04437584502923375,-12.856032052949148
-3.0844544702992263,2.7830909012888974
-2.9844251391946655,1.4500774954167248
5.24050720185868,-11.13536773503963
2.479967401783904,-11.91808630570976
4.190434217173161,-2.5256790073002815
5.36713986367427,-5.371078110994615
6.808083229667361,-13.111718957808085
-1.8995600896217946,-1.1290532456269933
-0.14647103552798768,-10.886875623119185
-4.499049564000355,0.7121040063091861
0.6240016985190193,1.8811060945439326
4.266047880434165,-6.624928298646616
-0.7708458018204283,-4.718509760277469
6.446839344656201,-0.7289855651449777
-5.9278585002336746,-1.5051586753557409
6.87310369668149,-1.2117963289191511
-3.5219190580550572,-5.296673706305743
-4.0355757490721285,-7.538084989886623
7.119638587167248,2.61949553605675
-2.0402840695348394,-7.886641205008415
2.402980153838115,3.3375513146868414
-3.930781323084534,-9.375500413639955
6.2297955820708,-5.145939829249798
6.5854552911784445,-10.660677844582828
1.45736022459905,-8.127146612311297
-1.5684041615053355,-5.956214648968416
0.06308428741775796,-7.567756165796821
6.80959078441866,-0.8286046622079297
4.185657878641415,-8.781557907344801
2.087931940435766,0.02522979943301351
5.138265159604984,-7.798451706422379
4.7922185919610705,-0.7539098574608065
-4.018909201293396,1.5870184341965903
0.17850058252575085,-5.244611920004022
0.2771685045719625,-3.778771973404865
2.6963694631387654,-5.032767816267018
6.1350396056273375,-2.7007743884848807
-0.3800087097227207,-6.499548375643203
5.351740611805319,-7.732545030562639
-3.0396328590462103,-12.931102615895794
6.264375870888038,2.5338361214262974
-4.318317449711336,-7.979472653069933
-3.544791026786586,-11.913827561134164
6.598134402000422,-12.9762093353836
7.726799288566095,-12.263884507447084
6.088589088710201,-3.802890074195071
-0.8491551705497731,-7.837837220747158
4.603098005327922,-8.33768068992283
3.2024648326399863,-4.688130496710558
0.7895190322129872,2.220919071684907
1.7650308206836343,0.8835088548765082
4.158029477420852,-13.30596957093803
4.823540735075868,-10.096335498361269
6.644095055922001,-13.227364569041024
-1.3369915173595377,-12.204806949774428
0.6582476391878123,0.7604038456555315
-1.825376964717103,-11.28317184840125
-1.3762615002434115,0.6498425545714479
-4.034624590809144,-9.907475916604968
-5.036072497092765,-1.2972192081870624
-0.46673459049128496,-8.404880411420312
4.060769464776127,-7.952404237875406
4.188797825001853,0.6735891156576432
-2.952720191591662,3.5287365432277014
-3.726988729222665,-8.764863680178633
-3.4828659283304173,-7.78089818558598
0.7208524294905789,-4.6008343579618565
5.950484592147808,2.010062358685598
-2.918545949067311,-2.787907420656456
-4.439055197817982,-5.73854251672277
-1.4873304673473466,-8.302986581835086
0.756179383969414,-0.8631025604731839
-5.031442776906547,1.8251200783732813
4.287392844827854,-10.823010999996917
7.148252727223186,-4.886379967579005
7.997320093637514,-10.449329462586721
1.4887147773648195,-8.775535233921289
-1.7415701965505477,-3.360823144988176
6.904066936191665,0.4947494004251496
4.135179579018562,-3.9348719221693607
6.912179051344268,-5.137494679564085
6.233650496686055,1.0116695897793715
-3.006305144777788,-0.11794166661361594
-5.829603802794377,-8.189068324134425
-2.786055774312703,-4.876466747228358
4.315944263530998,-12.241825385940967
1.2089108271147575,2.891416390498943
-2.7989482862387627,-1.8114594059943663
2.300323790936206,-13.81885347819032
0.6615667420011189,-1.242132963061124
-5.384343951662732,1.8313866944271417
1.2811398328994237,-13.448101130137077
-2.8582094331082373,3.166162535691633
2.152476262728774,-12.065493780161518
-1.9743769680721392,-5.779334734511284
-5.706699030251773,-6.590920754952341
0.852420896085774,-9.61379824493782
2.240946004087812,-0.4416778473408165
-2.6983208625211033,-2.831001794960221
2.954711401492382,3.073725420319139
4.895866342150214,1.2702148562201074
0.8658787181078518,-10.66372543437111
7.941414101434891,-11.671596301303406
0.6004024709597156,-12.774324213642082
7.213912002911474,3.3686489352719136
4.071446868055631,-7.70012881465696
-2.4386463843532593,-9.224540158333147
-4.217883644118954,-4.535438844618987
-4.0145581401793144,-8.298848002037786
2.773890663427469,-0.9042150273665026
-5.660182135291143,-6.257912281218681
3.129744327789947,1.3584275708532303
0.6545469509691539,3.4457056909183343
-2.2811443344197384,-13.75684328071906
0.7725401058243069,-9.389951689639677
5.53204740832437,-9.810091900739982
-1.651190943921712,0.24209375834402103
4.01200552835504,-3.9550777401692745
3.8692728669186334,-6.464536455739523
-5.925659333394651,-13.795607686780533
1.157105026031613,-12.500762365058014
-5.284943277630405,3.3792995044745204
6.02603695521282,-11.263509910227748
-5.990700939737137,2.950020317015614
-2.1034458235183995,-10.653843148601045
3.6811135096414933,-12.039732700856128
-2.294905627960796,3.551704243816836
2.9524788426361432,-4.6277997533140365
-0.42913939231087195,-0.05898281208436451
-4.026595328668288,3.412080436665679
6.055722112921014,-2.8821743137536213
-5.3993133343641855,-1.3845983099407206
6.785980772396732,-4.557612785384732
-1.0408524944183206,-11.835007790369547
4.568615457925956,1.9303933218125113
-4.59647558293812,-0.33827801445784544
-5.761153192372635,3.406988525389952
2.6108122888913456,-4.056096938150603
-1.8567023297550111,2.7272500882561026
-2.2773212172849258,0.9066390379005078
7.791521510719848,0.10113961926650461
1.2658588854100445,-12.810663250669906
0.6137930483950225,-6.111392954509336
-3.160855423382067,-6.37542253914252
-0.9913896228752579,-11.053683299270327
0.17923800665480627,-9.269600786159197
1.3088738895517018,-13.367118925108505
6.6872398770219785,0.6945574993574084
1.7361386551470641,1.3325544896303771
7.4735310333512075,-12.01059870705211
2.8316453177372534,3.9638920168418537
7.830448370669366,-3.140186138766598
-4.207707813688566,-3.502529042170492
-5.971095101958096,-10.419595975996527
7.38572423383944,-8.05206969314881
2.93746148087728,-8.944529096619632
7.269506419562253,-0.8859428609092372
-1.3848837938602232,0.2517055812466751
-4.485682657331273,-6.93825907882173
-2.9029462117577074,-1.692923949031167
-4.5657520551929744,-6.853535018911867
-2.1269037770713455,-4.885827452171526
-1.101432472945695,-1.284609601993802
-5.655921659702475,-2.5882354164936654
-2.7720019442865196,-9.163237482376712
5.20357845016933,3.2002310916475736
-1.5682970596207877,0.8824948666433627
-4.544128268402737,-2.588330245867102
4.514452193488863,-11.192397295379783
-0.035966572626151994,2.0687289564816673
-4.54990151172279,-13.674265552373447
2.268195306671073,-6.160432270443198
5.181649484374638,2.6221996876739198
-1.8118489763865746,-7.008725890956105
0.8078092086104078,-3.413273712164612
7.773953615542634,-1.4480554850590721
-0.5463208971620368,-9.252181643891682
7.224760057909737,-11.560128204046885
4.083721935066613,2.6571104552639326
3.3053182114821418,-6.38502007700982
-3.2141268410432238,-7.38544419946531
3.89620533188171,-2.3083839648446567
6.991666332377012,1.603496445868748
5.426110531729156,2.4061157563137208
-2.1312798616813087,-7.348576277486309
-0.6814853469957569,-3.911889403223956
3.355055213598794,-8.839099705272902
-5.727525457669795,-6.813997094157632
-1.6806085662383934,2.959324942324862
6.43571056761661,1.4855922101815526
3.1419966532334023,-7.8027950354191
1.6838897435902664,0.6740507328947078
-4.619454837880646,0.41934784459548524
-5.423482921406297,0.6955785618584027
5.305893258238228,-13.081868441082396
2.7802499604660156,-4.95584466236785
-3.6225269555959945,-11.329179121807238
4.825627764938325,-3.7815305209368066
7.761987888831454,3.680459991190194
7.897337908499729,-11.864920669416215
7.135585917495472,-9.597747037629869
0.41497163662056824,-0.36668199520893374
-3.1493069509187523,-3.8063911000220614
-3.3985655248360604,-12.114750079736721
-4.368179425985621,-7.562497372732062
-5.934832284279431,-6.352629418369588
3.298759471136087,-6.769612669928203
-4.798875592722308,-12.87160048357447
-2.106368821291936,-10.952371570215186
7.511329625051573,-11.27785595046647
5.276474123669953,-3.450057048659394
1.970016879780121,-4.782547113371878
7.6046830655953155,-7.450794048350519
5.030820513354268,-4.004706065594727
-0.4611286532398342,3.198386799504057
2.3764235711056187,-11.859495041371755
-0.15445118604400765,0.06847109826893671
3.712458325348994,2.4941259370583353
-2.3687166220187166,-0.35251310563117144
0.43825290352329294,-3.6750245545973215
7.370653534087962,3.627153759805193
6.062273494957889,-7.536252420854668
6.4278117001824775,-2.5050348024545652
0.019954926589983657,-13.356631714991293
4.7817937386821505,-4.962099546965966
5.006638992510851,-0.535589611821143
5.109943152676927,-8.588279143458196
5.2111803869468325,-4.120766087608988
0.6265668062880048,-1.8477335512263746
-5.700978438863124,-12.158297314023304
-1.909516887654692,3.6938219792411147
-4.043559095890631,-8.049266586334214
-5.285257094313069,-8.037160154730927
-1.5154319888483574,3.0425290770013973
5.832157217940086,-7.1102440536301135
-5.653233187450518,0.9585600519168072
3.247506480023562,-11.257439294276425
7.944997794142621,-12.195798126365785
6.139603582311279,-8.703209045665599
0.09494852855219804,0.3182174819736634
3.485116983916143,2.8815587399927054
2.6959645564453645,-12.23941709337705
6.381045085387305,-0.15520055020536105
3.966186312506508,-13.032796147632764
-0.4528815747355841,-10.986155249728295
5.506654717710166,-1.3904847892784709
6.363086362467893,3.3983519246349516
4.846466598694981,3.896195497973718
2.606778406020183,-13.331667129953939
-5.800478787895858,-7.842130246331803
5.528604066945519,1.5904247138451577
7.45137540351749,-12.827813566121268
-5.376004446172702,2.4391047346066053
-1.7293462229199381,-3.956226789026612
7.754228362009938,-6.79192637475338
3.322199576337759,-6.784167854624265
4.754725302478917,-4.501134939688416
-2.674676068191104,-9.116490177347607
-2.3871710244622983,-4.418234091345905
3.8446462242193,3.0870382007765578
3.7172232511617196,0.06147119132303125
-3.635034377896081,-7.266872749868138
-0.20707692198427452,-1.6451558599914868
-1.85751233072377,-8.540745414446011
-1.017551835027846,0.5854374677781813
2.086261260606882,-12.64500896301078
-4.904554604333437,-7.316835002915012
4.732274708486216,-1.6036983233837496
3.9117529651166123,-0.1902188110262557
-1.9798620195913887,-4.131386925042417
1.606936964434774,-0.6866149787609128
7.396187967479049,-8.996180993681614
5.105943418598674,-2.1205301265812757
2.123330192088442,-0.052163971746765014
7.21645452999339,-13.339554478350566
-3.936398564814911,-0.3868298329799167
-4.826921059258816,-4.709773386660325
-2.9219491270175024,-9.062677330830473
3.8257667612218285,-13.45653008116319
6.226471990626651,-5.999378803659139
1.0335061146994153,-4.279136653513547
3.037620124112914,-7.792581440790534
-4.584495132111122,-8.269179140008822
-3.646010347680516,-3.9896027698914693
-1.5475991665545896,3.245209203881828
7.520279891723929,-2.837734149771654
2.6449617473420037,3.7368141622079065
6.421964117292603,-0.22874091515348027
-1.6097314356021837,-7.420297493874625
-3.1822652793478836,-5.231333715487256
7.865159309954114,2.418717154208597
-4.343107923727433,-13.546574792770889
6.580927357715726,-4.330937696923266
-3.1973415650816133,-1.874241147476564
3.019124491017479,-11.802459076943592
-2.365596731033327,-12.918596642361356
-3.0619533658180127,-11.618497852644868
-3.2946919053562147,-1.661591373563894
-5.307003580345052,-12.166616925532104
-4.121569066903973,-8.302259822753587
-1.8174956480728266,-9.408851864300491
4.507513148053828,3.96441017964581
1.4756909308031414,2.9956489224509575
-0.4474584302350948,-12.079715957551159
-0.2771663874222776,-8.66970007853552
0.9076974720484934,-2.1732138155043828
0.4547030681337141,2.8328892174008615
6.386707512191318,-1.3644032870084501
0.8555887731036877,-11.629628927339777
-0.44180866511313255,-1.3207722907788746
-2.0116027122477638,-12.128214604218432
6.7105784051487944,-1.237085423320197
2.6138699728913615,0.26498030096049874
5.6990445261686595,-5.297738032921579
6.336635519732161,2.4955421926198973
-2.1982846640530607,-3.0641835237657027
1.3721764034865682,-4.3169759752657555
7.127283315503869,-8.506603351525477
7.768075695284068,2.238361866476179
0.42212044058903686,0.7141587451269906
4.766657920481968,-1.7978905468666184
-1.5223255486358402,-10.46388214722283
3.4013877547206146,1.173519335219515
-5.772460958516825,-2.429539244446783
0.20022234471097455,2.165579592285706
-1.4993789680411265,-5.464673379254808
1.2067394564926088,-11.472088615321047
3.9804922377846896,0.948574212177272
-5.189270123452356,-8.75500123033575
-5.467374458509189,3.217793884388364
3.34036348985353,3.3556075501860683
1.4409198966383094,0.43723343012105076
-0.7582042256836399,-7.631257413692463
-0.7042505605281422,-2.158481592924293
-0.9676558856968693,2.206614128876062
7.765848110702173,-13.452322723933893
-3.289273934365049,-11.979500133427052
-5.406903340719794,-9.900662119748844
0.2551064851671363,1.0658265751963079
-2.8944635728600545,-5.108985398080378
7.014662352254563,-1.9901352778398511
5.173106276583965,-4.082108536661249
7.7265304237688195,-3.4040812157334646
-5.362850004523718,-10.436309601083693
-0.3331691945999289,-3.1770108936720263
4.807032143725438,-6.564449733730047
3.940816270219642,0.21765105596425016
-1.5583572385002409,3.626864320644735
3.095190933301698,1.8579650941503623
1.7831276433204941,-0.6511440712581731
4.787616862629115,2.348470826222421
-3.8951034038008157,-3.9508983649535274
-0.002700816518012239,2.6168623811273264
-4.528674280514011,3.686329996256429
6.256318537306148,-12.671126931843526
0.8735293975666423,-1.0839289961745333
4.334121639674791,2.3168942542825732
5.198116098152353,-8.40325315380639
0.9780870020743331,-1.367856267154627
-4.06188422089908,-10.508165643196449
0.7345942735382165,-8.63157562330077
6.075829496977329,-3.4470082126288766
-1.118687231942852,1.2789944608793817
5.268298279759344,3.9703877877868514
5.862307636672288,-6.539782373497766
-4.215015655220162,1.131536347608602
-5.163389148554485,-7.695118267792624
6.876331730797833,3.2937965220118137
2.967904309297058,-1.604330294293156
-5.405637157842685,-4.739353860388139
1.6561545032887768,-7.878186569766
-5.039644313445619,-9.879663204960908
-0.9882248839432517,-6.1674442427060665
2.272974157469969,-0.9969526634317454
-1.5531537741647536,-8.078832321458304
-5.7243170018681475,-13.264252518307671
-2.39049627968049,-0.6755900418507803
2.7963936252347708,-0.14379762779897476
4.764872107007504,1.4182144180474232
4.084469723816369,3.6221965420148123
6.5835530702254434,-3.4390910079817836
2.2342073868764043,-13.383193273659868
7.9793720879169605,-11.631632047409447
4.364860752842288,0.7782735122375595
-0.7772365897271545,-10.456663016024352
-4.61736158493223,-0.5250918950676002
0.3371494088797391,-1.1530803379795582
6.815707083925208,-11.36149274928098
6.868394010133194,-6.59072372884814
-1.726261861437953,2.975120690850023
7.869123696489591,-10.419940080185933
3.1957368573277662,-12.083084352120913
3.1127960540050807,0.8916380999652951
3.582979651336947,-6.488003442873277
-0.6370709661072258,-6.923796525978493
2.2559654519009236,1.8682108613049202
7.0069262017627505,-13.036466836268275
-3.457286474960364,-11.979962315090807
-3.293315029263204,-7.761059409034908
1.091443556716733,-2.669697913835261
4.24999106795582,2.0220077449445277
7.847238121217071,-2.068583385971843
5.8351032613486815,0.004699244644580602
-1.6945514509380324,1.7624608642286148
-5.401316068730816,-13.993387812473758
-2.1677431885615013,-5.682244466705903
2.9370805300094833,-12.168135202198194
3.4221418736877602,0.432685607074502
-3.405619125888865,-6.527745413027711
1.2797898593463373,-5.867473674479349
5.197619032438588,3.289403166147956
5.185344296114518,-12.596129278235157
5.269098010227779,-12.801266019760078
-2.69641460661802,-11.24425585695699
-3.2347325041548043,-4.490327712967689
3.40365800655195,-5.534216917951262
7.43573894640941,-9.674738239457
4.683963223567101,1.663279213128673
1.8689255505660682,-5.787994964692043
2.3465822549094106,-6.281424137113827
1.7727143525271716,-6.495188861681571
-0.39342405588212337,-1.4837635734884635
-4.700083017048449,-11.002242690881225
5.916778604010055,-0.12060775732661533
-2.059647817878487,-7.209159212016316
6.964371092798727,0.7253900531295034
2.6008481997148323,-10.013176781546761
-5.380472401586226,-6.237358756845833
3.416779949604466,0.9126488293213271
5.9376460803917706,-13.410033776719459
-2.581801526283689,-7.896297407406745
-3.357749046568598,0.45355681054908104
4.7445206831891955,-4.697005273142526
7.760970691941978,-11.40694626036484
6.595123846587365,-11.90366142508551
-3.71545612280231,-1.4680543954888616
-4.46602431141635,-3.814788282463205
-0.11673048938284936,-0.8874686202617319
6.6094533433241125,-0.14231273595700422
5.895658269896636,-13.406981926437817
-1.6572630245811562,-4.722204439646017
-0.17665359518308765,-9.837410846365607
-1.6897626285596736,3.0177574670489022
-1.8814676818010785,-7.629726016763857
-5.948063167499738,1.2113972910017416
-3.832230152377927,-10.325403040752931
-2.426296760711642,1.9231970232071678
-3.109680242551594,0.3554744956229179
5.312690764520664,2.686370238155124
-4.382141609595605,-10.088978497919037
4.400576089130098,-10.471986422946697
-1.9913863437717136,-10.998651557995473
-3.58224639382931,-5.332039616692297
-4.464437130418581,-8.2094428676548
-0.027685265615693844,-13.558133902568404
-0.5633356693576639,-12.305796150460695
0.9100994360464734,0.8632873940277346
5.457910270545021,-12.55192672032679
2.4171886074432827,1.0225548754822569
-2.6683843989151055,-0.28532279390721627
6.470700850301306,0.5102347259279938
-4.497785558782937,-13.836920008597072
-3.315862461094161,-9.131407862960781
2.6265618686234333,-7.083082845638269
3.847698429260628,-7.644650710611046
-3.8380440548355956,-8.371582817251369
6.380539169447889,3.253582196411166
-3.0948217230568416,0.19243096643994306
-2.1731176884418106,1.9683677817653358
-3.6823614208524234,-2.012721463506976
-4.821042294015445,3.530079831529651
3.8088668249676,1.1526833092915343
1.9333707510824834,-5.417575449280516
2.706353479521111,-4.482652789409935
0.5713809720321414,-0.32989547376243067
-3.505186630850246,-10.918903133207147
0.04579710909588641,-8.226537511190973
-4.962256749217662,1.2004688635372194
4.802439293720896,-4.209413003546274
7.710543521701165,-12.693198802143105
4.73337021439025,-9.205332951036258
-0.8396151207899445,-10.052971066344785
5.046530480466114,-11.403678163611811
5.760233768293892,-2.0916023318629904
-5.1736745662323935,0.597671168802762
2.7885800262817124,2.2896817524101465
4.482112289720936,-3.8998233062640537
5.711660528668769,-8.995095710578003
1.657300865823891,-8.714897243538617
7.554861475267122,-9.928466584843886
-5.779664644613525,-8.134612843931668
1.035131557577266,-13.489467183858649
1.8294762004747032,1.7370899491221437
3.8662507218333815,-2.7865701863905237
7.383464509915518,3.249028009157904
5.5397305758452,-3.0606467470546814
0.8287038329678937,-13.760309961563589
2.487666687171579,3.8035853564233655
5.453414700336406,-7.869116410081665
-3.871341649378092,0.11305506040877411
4.415129488844382,3.406842255627815
6.247793067150743,-3.9980727450966675
-4.58202054249361,-5.296988149088719
-1.6082692436875616,-4.776647323552883
-1.7761779550448553,1.512813855560724
5.820578195759511,-8.321627170992993
2.3941388492359295,-6.256744562497026
6.727298598399884,-10.62750377432619
3.76819762498943,3.4667559010698987
-3.5461427261167375,-10.364604288364342
3.71212674141119,0.02477064144845187
0.8676867671150585,-3.0256436273518155
-3.0224462766343976,-5.42094388578813
-4.430993667751188,-8.214405345038035
-2.01308412956664,-5.996743518156439
7.021769071411757,-10.737182081338837
-0.380564547253913,-2.919250056026396
7.251799205036024,-11.603332552356173
6.85027263790359,-12.541031804586892
0.7303795602437022,-5.817382389851311
-3.0655617957192622,-7.745725973914745
0.35831375687757294,1.5738063323913263
7.370898035229837,-4.659337784531026
6.1813970641219065,-3.05291145781797
-1.1127772121725439,-10.504504262957557
-0.21611319504129245,-4.58916290737074
-5.377792564366214,-11.374859014324688
2.4025819357401605,-9.949971295811082
5.722569265138164,-8.115039504064569
-4.532321098454488,-12.496449406004293
7.119722287444915,-11.875634397646175
-4.02726330173116,1.527989042789553
-2.439966176117184,-2.0128746064205103
5.434159618418478,-3.070748477656542
7.404839608269892,-1.2401078133048564
-4.421478861348783,-3.9486195221741625
4.054611365248574,0.43523032672201367
-5.631501306022718,-1.0601795251143606
5.559531494272292,-0.5569914031635825
1.172888039178373,-5.755622664401548
1.6918601661974222,-1.3164134211211636
6.9208000688547955,-2.8933662084597493
6.429680287968575,-1.3773767459769068
-5.043290715856134,-4.985092579970807
-1.9891911235866075,-8.8668512936137
-1.0170142829762217,-8.334810103991437
2.100539721639402,-1.695172993635973
-2.2375085809257036,-11.664272793769136
-5.176677906917531,-3.6364487894500606
-3.3941776713379666,-13.833536103973412
6.988543110531857,-4.331472456501668
-4.705725476542382,1.1725800182947363
7.764838336061652,-5.925188083681091
-5.405145484665786,-11.884173066390858
-0.6568475469639496,1.9394074740797862
-3.9274584901113316,0.8318216920485195
-5.790332356933728,-5.767003421855401
3.0215599733079532,-12.913169323539265
2.6066785086308126,2.999274186452009
-3.756361118087669,-0.8669951053636495
2.527314571209608,-10.66790500017385
-5.913152194068876,-13.832879890893313
1.4492937284084002,2.9700293721014823
3.0201807845185726,-1.1426027667126135
0.9141168168875193,-3.5259990325777437
-4.230854645371552,1.7827711672113544
4.6510968013352265,3.967581151202971
-1.8318787342213012,-9.91368010767096
-4.247736788541199,3.3557756190888064
4.93239258479233,-11.006156953046503
1.7376105955149947,-6.552172254789018
-3.8791958907133006,-11.082686269460622
7.4885799264326,-8.510644706761
7.180150083575205,-12.63900788482848
0.4512425921046681,-11.666857126698318
-5.93297660662359,-4.032210673290622
-4.405482532640912,-1.003558443193766
3.7736292598965946,-10.826007665639196
7.184390005717233,-1.0212186482151875
-1.8284163018029806,-1.2337922488857682
4.247023887541504,-7.8399260374827096
-0.7417601255395709,-7.536082862240598
2.632658209729037,2.207382637723228
-3.5752946927997735,1.7535929770537315
-5.612855808925205,-2.113905272391996
-0.19785577534428178,0.2430679401848881
4.096773581032641,-5.358059471386689
3.0140965141163534,-4.968083647400986
5.361258588706365,-5.430488252571823
1.324183859889061,-9.490629444490786
2.470602235346613,-8.54771344394297
2.081976203601748,-10.945793919666743
-3.7674327072237768,-6.4934646585441165
-0.024526788452428505,-9.174033231574297
-4.15764409486634,-13.294210294149853
-5.646754417970574,-9.112094779883439
0.4659481902671203,-0.9276209364897134
0.6482038099961258,2.2729147498350706
-5.5069227359443005,-10.748108812268582
-1.260797101218003,-3.605068614827795
5.938306210515194,-7.696364864781624
-2.2481584449381184,-12.885994960827876
5.498248687773458,-7.166004022279779
2.00170273583708,3.7039975270819667
-5.9776760115398755,-11.381897467420412
4.907553916270977,0.49229473374108146
4.769459666458577,-4.334019961229073
7.703997734322785,-6.86867792008423
2.427211773583572,-12.85935791812073
-0.26199570129725736,-0.9949984248214037
-2.65765622921021,2.9888966033166717
3.6149671470060465,-8.823643108563715
4.765984917881989,-12.503034107454036
7.646841915146391,-13.112865336675947
7.068382476082057,-9.448630200531298
4.609537507672467,-13.998673410204091
-2.440638751485604,-0.5161890803050415
1.452704992562512,-11.930861306531932
-0.4891835582781461,-7.240111608478234
1.954271418533298,-1.9764126957160801
5.771623393771501,-5.049834854407292
-0.5116959577276186,-11.40842238628313
5.2675215098561115,-1.1593327025379203
-0.27851643563440476,-4.66821842103195
3.3125598217664436,-11.03349938274432
-5.619230878289116,-8.284933414639664
2.3381902749062835,-5.241090356933743
3.695764776083779,0.7544165003416339
0.838194534223863,-11.583193573079154
5.9087919971855225,-3.650174109065942
4.35912473096019,-1.3160362350507526
7.554964798637384,-8.68446819795535
3.874294818909668,-7.41782600373347
-0.46424990713901604,-9.849296540143014
-1.1838575408880452,3.069341529848735
-1.9040081427335869,-9.57216909278144
2.163931698633508,-9.355352778648417
0.6274001583201301,1.015172618012265
-2.774395599699542,-6.31955458068944
2.546856290280447,-4.178679357677263
7.646125323813322,-1.75333542088649
4.359247388678158,3.4052070634011997
-0.1978676468007059,-7.603163328901078
-5.385925983270644,-10.684322482661113
-2.6793451512765376,-10.696919592715908
4.566974504751903,-4.3541063370299895
3.3468732204185425,0.7683188951087256
-2.7691648219974745,-8.133369083213015
3.917043738512355,-6.93033897371949
-5.590206838585382,-6.170806057516197
6.715823209815799,-6.637612791328255
-1.3485151698015416,3.8114514930104875
3.021817899318185,-7.412035523518744
-4.571726560906697,0.1812900090355818
3.913049068828606,2.594484386474168
-2.9581411796078836,-11.931361700211824
4.137015369726891,-10.33887484402348
-3.5345462709470543,-8.243467962870703
5.435551980698127,-4.288341108026646
-5.358095028568067,-5.649895856132289
3.5757145591306525,-4.309368107557717
2.0143030541917835,-9.954008088932037
5.868350642334873,-3.894823083359766
3.9854441825694717,3.6735559062394465
-0.0052187925565503335,1.8591990281771533
-5.89806580482425,-13.398668732927838
2.2639189042034378,-8.393910880240389
-2.5241280617241966,-8.997163570238746
-1.542358915451774,-0.8789414694183879
1.968743611233224,0.20264750606800241
5.622752117690727,1.1728274674230779
-0.19498191155157407,-6.417078866304605
6.967722321968175,-2.088255297120611
-4.873459424292057,-4.240634826335571
-1.015898365111302,3.773829814894537
-5.808824309527904,-2.980744284729955
4.1307233215840125,-8.799678115567605
7.6309812555914505,1.4716592863908033
6.819139773801375,-13.653822931672128
1.9782101184073255,-8.696295644818159
5.886400889099281,-2.608706175530676
1.544278060495536,-11.937412945839098
1.5631192670066714,-2.6257253655843193
7.382772330342863,-3.469081812370348
7.543608424439162,3.308910080919919
3.1028047016703653,-4.893656285874403
0.5243044135646908,2.0268141000840885
-5.604406438395405,-11.951452435575712
-4.570995792331874,-0.3751641478210139
-1.2448856660645138,-2.516566194667382
2.452960653795918,-7.055096544634431
1.4419481113935797,-2.387506395710119
7.173304618293937,-3.6385866885023344
2.6011451647563995,-12.778595281332041
7.331021406641568,-4.494525297631048
5.217827878038905,-13.094760863346997
-0.10725809968072575,-9.374441735251372
-2.2623374183597407,0.2461671392967304
2.73413415376395,-6.084584386828736
-5.851799645790492,3.3687029730195377
7.468325546980132,-10.084060214959308
-5.421150787568206,-4.456411465785761
7.319751404629706,2.3871252237688303
2.185280094451553,-8.536120688233272
-1.3805476272312562,2.162443926748498
0.8849764988980766,-11.63990787859138
-2.5220433363694976,-9.017691773585018
-4.27034641095327,-5.665201132616756
6.8247127158498735,-1.961914226139303
-4.985365060516014,-13.90109327943507
-2.132532655430439,-7.471527173709073
4.874495366654861,3.4060994307466004
-0.5740595720703894,-1.6395794632964993
7.928626702941486,-0.5780014902497417
2.906653687201823,-12.594652624790523
-1.474987183273777,2.4410588522288243
-3.18592325646732,1.1846264669177469
3.748531591127076,-7.406161325046416
1.4084397759771923,-4.2294835624493565
3.9967529910344073,-4.70199306021447
-4.136936137421673,-0.07781591260557263
-0.3121850433143374,3.335690023814692
-2.030807047897519,-9.264581954661477
-1.330896460547443,-3.698293712744741
6.528176362813753,-10.826930477479735
-2.084496833610917,-3.529762823338487
0.3606793902612111,-5.948188029396944
5.490279669349691,2.6298094452045007
0.7382975249783463,-1.627667681949072
5.214821954383515,-4.66940461303105
-1.8795702746477048,-2.514477240998893
2.1915274042848285,2.2281307553129857
-5.266301485222016,2.3823649684024026
1.4820483943150347,-13.71782991110155
-1.1741694972509666,-0.9619958502442447
0.8380632311016614,3.642862673937863
-0.08345896636532046,-8.12056586673186
5.503407082013954,-4.137679411555435
3.552572106875825,0.5026420846961948
3.399985645758683,-6.396665094164038
-4.252849729479791,-3.55553300171659
6.564066574209633,-6.459936322668531
6.750153287799767,-4.936499243916764
2.691781874194671,0.9937925690015721
1.9043595349701015,-12.362551892679857
7.733711611205532,-9.574712565568994
3.9470746008227806,-4.907958104880702
0.7028169154479134,-9.609065260395955
4.110110719801456,-11.969811233042229
7.866346331060793,1.216723667929669
1.483125160081089,-6.35804679095583
-1.989495145561853,-4.971353523066185
6.311844468338352,-9.049884787387695
1.0075244232439031,-9.778101762793444
-1.279912408690679,-10.575310839380016
7.86754871489663,-3.7130459636757998
4.259411736513737,-12.23150155786334
-0.8743542989595792,2.0675164548517877
-4.81786343006473,-11.021301889886963
2.755846544916361,-2.7897981061239463
5.735178622355015,2.8388697496855855
-4.012189344046307,-9.331271266514008
-0.015540320294418208,-13.983740860617507
-5.0225997585642705,-9.92315699706161
0.735427496221364,-9.47259071296497
6.273546491122673,-8.1630882402438
6.9447193699968,3.5461706932247807
0.29806147470610256,-9.911681295812174
-1.9166741320779543,-0.02599373012996864
-2.1731040909037254,-7.149508377434877
0.7000620187458972,-3.647999903540285
7.945406164217333,-9.820224407055338
-1.052068154525636,-9.267958813810802
-0.9444118869880551,-12.18551869589683
-0.962663258625339,1.9815705663589913
-1.819742130149713,-7.3051739627167604
7.2226383021310845,-0.8891780661163722
1.2343420074526765,-0.010530888738070843
-4.275484916036945,-5.639173642024838
-4.344694197697872,-9.79487338964756
-4.01385836363638,-7.487577694955492
-0.6570495144570376,3.051554472998337
-2.3022397633745904,-5.496280784302696
5.359311655488813,0.6811165558599104
4.504804618490283,-8.818992281478687
0.9296026717589987,-10.648191286638982
-3.3624066810407403,-6.154858163510403
4.340291097401176,-4.521483320038918
6.413565091864333,0.956358359996365
-5.557523800514322,-3.7684572284081117
2.528257700979003,3.3083525974014663
-5.674687226075935,-4.440132122564679
-3.1330609328980668,-13.034067686751396
2.224839346244126,-0.09312541460955437
4.84811628915263,-13.454808617193677
-0.3027503961977489,-13.19882671132483
-2.5302589421292234,-10.52814735035693
-2.987443890609799,-7.895868547378486
-2.116147414296024,3.321038403896768
-1.0663003198686507,2.095105275273493
-3.4654165987070487,-0.25255639061214374
-5.141162495655001,-5.670297869551856
-5.922853836702637,0.5852337352498491
7.306804504528975,-13.368067325111378
7.073849060626403,-0.07062995315564713
-0.9759378969008647,2.359777922010494
-1.8523982024873868,-6.632684379774284
-4.6460423293116975,-2.1750986857974084
-5.585588397608194,-5.271705046417329
3.564685903535473,0.7822768170839964
-3.90082054529673,-0.42637340752308717
4.067078329770414,-3.9277303858438852
2.1850243690300957,-12.357127024577993
2.406594605365324,-7.132600272725019
6.146131918783057,-8.364220128752176
2.0723310830893453,-6.321714805378501
6.267667135504382,-9.429499994194597
-4.896766955667554,-0.524197022303488
-0.2194473632834999,-3.3962295357267536
-5.630549356013084,3.1379762451532365
6.286657283389671,-2.7703777896090056
-5.761582210423347,-7.196423468308222
7.7031515283900855,-1.7360535426757764
-3.7461699416121323,-5.709258524218988
7.5343284138088045,-4.37525286050132
-5.655396607582456,-2.844102483032401
-2.2029685669637624,-12.220772866215722
-0.3592817737534979,-3.9465842462195937
-5.761429947330762,-3.9371574445529447
1.1568440557549238,0.2903508957776815
-0.07030256458443951,-4.037892265942048
4.3881302567997675,2.1486256920750186
-0.6795159356683751,-3.1705970759033626
3.724552647829345,-13.221127824040469
5.210647118805888,-7.206256666122911
3.3833451802105383,-5.510046808310918
3.832747997683901,-0.9620423737559793
-3.3180058111894573,-2.080863782843892
5.918528130349221,-9.759790390910453
4.614568578514291,-2.591147963205975
7.371764482615895,-9.315561608748306
-3.8401111127879504,-8.381821724929402
-2.3885771052291385,-0.3770103114767682
4.263530253855176,-1.9456717846039915
-2.970692397581171,1.5125225339036135
7.3920017820249875,-4.431095274044399
3.0912182288114014,-4.987542217629882
-2.030191988563546,-8.849343128061124
-1.6121126817112152,-10.564699925045229
6.626930856810446,1.4511664128403456
0.4629510584637142,-7.389474573916932
7.14709699165938,-9.997277553809418
1.7495874325352228,-13.019033200241072
-3.323169241755714,-3.1275151995288244
3.270571139818376,-3.542075263881685
6.174419823990057,3.881293974809445
4.6940657901407565,-5.6283478854123405
5.675085372357437,-11.83302690501197
3.5657897502430167,-4.669919825838189
-3.507077592419942,3.5128051110438534
-1.2618761230975348,-2.922378692659098
6.300319325349328,-4.87960080953323
-4.388070097529954,0.7373035182512186
-1.0550072611767938,3.695203640053098
6.373556250223814,1.3620880002812292
-1.0124555144694085,-0.3716639994368176
7.808606882022243,-4.526210984876036
0.5902501693732418,-13.736015222502726
3.802852762289108,1.4525962348333739
-2.5355993948543802,-8.329557611936178
1.00947829856619,-12.702557167492696
-4.745005334617682,-6.420006340014545
-2.342934662152097,-6.691328554410167
0.36140817339913234,3.5729211413041284
7.219637481439722,-11.48485727228421
6.35620363225145,-12.556280078058586
1.1068965760485572,-11.049621798024223
-0.8775099650029237,-0.6198759383240358
-0.05692328900410182,0.5251231762840067
4.063419954525585,2.9711100317982932
1.4781842882022822,0.43866317178031444
-1.4793005112812736,-7.776574788382437
-0.39285350985892364,-6.603516782634397
-4.554454910676356,-4.656219092026456
-4.644754930233642,2.015718444755752
-5.134173034873896,-5.905500254432441
-2.014283070533973,-11.212350518219377
4.973713671790971,-1.1312168194485377
-3.9567295374588163,-2.6102184600864167
5.095772342626244,-0.080020033342036
-4.708085632712938,-1.660771057176028
4.024334892370078,1.51899280675649
1.1126207441098135,-5.700307994539568
7.511628548872578,0.3372206032975633
1.8222338712908464,-8.048892716396969
5.833331944049149,-5.802144989640716
-4.702407309785752,-5.811723091158083
6.2075575461020485,-5.930921355899981
-5.799111931635098,-2.993264169503547
7.9416200477595815,0.7104745127292134
2.641331252654071,2.4591799623619295
5.390143543114867,-5.024491650679272
2.277083995703345,-0.8367294343456422
5.849966295704107,-12.952824757219195
4.847254000256115,-5.944938080392365
3.2511798442215696,-0.23660580274069964
1.5530269503842762,-11.146732689552817
-0.26662435874427537,-12.616286112457164
3.6502096761736933,3.1667112753355013
5.1335393711386175,-6.983844389831863
2.18008094407692,-8.524387834756356
1.5746383937695096,-8.586915695876476
4.33654659518054,-9.331852856233542
7.4962854660745215,-2.084922820876434
-5.0371101324261875,-13.806000256897523
7.958648818871406,-10.030899592115716
-1.6241215215995144,-10.24854774436205
6.993424814596553,-2.263768525964945
1.0614085297855507,-3.962285339133734
-1.5497801378113776,-2.944849957450856
-0.12559491163095338,-10.413893364364775
3.192471395938341,-7.270869753334183
4.990929307640263,-6.522890764828514
1.1157992506467487,0.17439662525613286
0.2702933008762356,3.3919804322349627
5.102401340731564,0.8757472956696137
7.354886533852188,-7.000688680822266
2.1211236985503916,-1.515348665679138
3.4284187695688306,3.1528623020983524
-1.963119125703317,-8.755492484732144
6.852061628548054,0.3875015510780724
-3.153007263025631,-3.7391561943301816
4.440692277348596,-7.645344971944835
0.08135151709946076,-3.6428609901039266
0.5395198056749475,-0.44523697875740886
-5.916857448437024,-6.176614560961092
-1.2738607453957984,-3.0350470490631167
4.863418186339036,-12.629387080372457
-3.7871637295833063,-2.028530765443401
4.337634174215838,-3.412368012580963
7.75924688555097,-5.009693196081656
-4.091907308632989,-1.6467609133205592
2.429057310727174,-3.3724134494552587
1.6419508934495743,2.903722771891701
-4.191810444428188,-12.68244862655039
-3.842359628717523,-9.590176221710891
2.3012484721105686,-2.9763455162587817
-2.74357371560082,-5.1939410124031244
0.7488659387482874,-5.84400620686595
5.249634128777213,-5.509524742238627
4.617116943386323,-11.003339627513634
1.4475428170243525,0.8338859691375191
-3.511967825172393,-5.631400963442077
2.5271104245000338,-10.674057652928829
4.594718482759642,-12.578067539666286
7.249817124708063,-5.572013104073557
-1.2942767908833286,-11.897473871072474
0.05635300295010559,-2.123527470966108
-4.677178092006622,-8.487156286980525
5.704246158817956,-2.3687415392301094
-3.1107778339932652,-11.103623675724394
6.662790366812597,-8.833636015862282
-3.4869976354191756,3.9993523337668435
-1.6713144111093179,-11.754676619431454
0.46460681654125935,-6.181788016427323
6.975234661624635,-11.584310945426514
-4.724090314189704,-12.326383923679758
6.6600245215113105,-5.911354796700612
-3.89150860582684,-3.311058229172769
1.5267269791116487,-10.428678540519812
2.442533951969194,-7.87583778229498
-2.6628092517678206,-4.812789003817494
-1.916910338770574,-10.001481408298162
6.316113716195439,-11.19627362167849
-2.0717403180123455,-7.049509162703138
-2.1690636557996803,-10.207208433600147
4.796045358764232,-8.077709142975532
-4.424818592209261,-4.263887075779476
-4.243161038690255,-7.564647066063298
6.345574671811974,-7.3550984880880454
2.855125640035501,-4.736740351844638
-4.071852159108341,-2.3167472397649664
5.984489957073288,-12.322175467183808
4.551521247817082,-1.5761969326583927
6.1332480499600415,-12.126345221597594
-1.7202646884464965,-1.5027532299252648
-5.691748295586897,-0.7866378008512047
6.011700106015693,-5.840527057218365
0.08061864797312968,-8.987558682751413
-5.9292738199287776,-10.64653670000559
7.718097657913196,1.611149388184419
-2.2689350575151006,3.3474794281788363
-0.8520233766539977,-8.643463254478759
-3.8606931037016077,2.228999251192132
7.81789487493603,-8.106594727051716
3.848025927017977,-7.964538623428016
-4.5301296497236265,-6.9315384761181695
1.7219794506564643,-11.785698334823103
5.455818847056655,-5.047463895920789
-2.7186386649359786,-3.3303275862270194
5.105630284761629,-8.102761717064435
3.8206685416083204,-6.298534760347628
7.496716363838413,-0.123078441150831
-1.011087364691707,-13.680536736888282
3.2052785353259914,-10.438301145472659
-4.293691540912142,2.771976125142288
7.9992855830088345,-9.142001229841068
-1.7752402696768677,-11.030199093712962
0.4075868630147328,1.5851876770434572
3.821083329748289,1.2339680453785782
-2.8012568205698734,-0.8517907866473582
6.859372797544843,-8.934509944140974
3.669149610276591,-6.7881665895826195
-1.9368269677750831,3.4532224375782903
-1.1191347804439022,-12.05870573730763
-0.5597510653153019,-5.941790762720318
4.530951556989331,3.098456805046048
5.438797773118978,2.7569436025919103
0.6508418196490346,-1.052301771744185
-1.673305809826366,-12.747432046657677
-0.8833706454360906,-1.437525890090642
-2.155290456527388,1.5053061215473775
5.070819899760625,-10.507234114677146
-1.3682853251287055,0.855447115883651
-2.584870946841808,-8.031161377991648
-1.1970629460767857,0.41875650086380034
-5.481576281529765,-12.671834303814542
2.0983216742811255,-6.8519841620708
2.8603944745499064,-9.203697028771108
6.73415748474185,-0.30304603085978954
-5.051552912294456,0.11029859113061491
7.5741532123715185,2.963841170574515
4.296773172356268,-11.775312437338119
2.065074721766358,-8.883810880871202
7.582981210907461,-1.0852569434910322
2.5507182570238687,-1.488415233114928
0.1317078075355269,-7.2907384741230805
7.101194112159499,-8.02531157373164
-5.41989415574193,-6.784877225219767
5.064764936703412,-2.3275695551194495
7.470390856690246,-12.088366382855522
6.7616482312113675,-7.360714509546882
0.6360361959067724,-6.28732121919378
-4.36966806470582,-9.539663796946602
4.391801969217088,-13.585864246777486
-4.125571158592157,-13.546216961755698
6.003432802529689,-2.8881530999279654
-3.620998730340176,-0.1620999850324356
7.535208364321752,2.8220867415403283
6.901665669370313,-13.859416122696622
2.246188845793899,-9.380612900497473
1.9050610003380228,-8.275454795110017
-3.8486684011834233,-5.999112979549759
0.9313485804692281,3.8157791232572436
-5.406569622060438,-8.579206419849022
5.926513831236518,-2.12548103373123
5.573562445842542,-2.1147634659239998
4.63350832804586,-5.127408500052969
-3.131712299433635,0.5800694950695977
1.9494891652955681,-11.488906511837065
5.2685163761921245,3.254546386526407
-1.1537057832014783,-8.716779462444016
-4.855147505094075,-2.039157923910519
7.425462658950954,-11.552131580151062
0.7922348384704172,-12.23171267624154
-5.522461348062579,-2.038981087982382
6.147620454808971,-7.923730349731465
6.26071244174139,-11.893044215281426
-2.668550453155333,2.228921084320934
1.1191385116693837,-3.0525370916535657
-5.4677447444048894,-11.688981617338
-5.218928624988056,2.2900133190940473
-4.112870505806741,1.2941108789575821
-1.0855142087856562,0.4107549345840411
-0.8893903356055368,-9.181687285528223
-4.688750183353199,-8.947281369665593
0.6007160340419198,0.71515838014232
0.33520936676177016,3.4858403488771152
1.5828621519675217,-13.550978663394018
-0.1848577973221861,-1.5998160670427524
-2.719916952502453,-1.424660884733143
1.051762272541227,-13.536720039503924
4.84094129272288,-3.913273331346648
-4.845090956864693,-5.446147397679086
-1.9778996551535464,1.834267766582796
-2.011021260698518,2.9503672775355803
1.6458584908595757,-8.174953228159016
5.389630243846083,-1.4467931894162156
-0.20452506025768713,-2.666870551281324
4.900179696395938,1.3280402971028078
5.429777991996891,-11.010612405318476
5.597453735050198,-12.944676940092101
-3.1976104582920395,-2.7873190388121962
-4.3943046437433395,-3.1397432889883987
-1.6884803209101076,-6.26960146721633
-1.5878789517633072,-12.73687577843172
1.0106225409074527,3.3447899991079737
2.5649668742417795,-8.599426310891744
7.386097677736267,-6.993729464859907
3.7652482741638096,-2.5859695113960033
7.340751872543921,2.4628485009070644
-3.9279432110995627,-12.457654254870395
5.334992589183614,2.288977839342813
0.9016304549205927,-1.5662970709920483
-5.022964077502145,-10.043520838583506
-3.908733274805904,-3.1791094960993878
-3.2344414872745,-12.922766320084689
-1.76909804169585,-1.8101762759488516
2.0900921396659626,-8.046950621096556
5.668704261807271,-9.027156055782388
-2.3523330628804433,-3.920946605787412
0.6950189578408592,-5.972492109193508
-3.8190013346430596,-4.91636855060616
-2.3737351581437807,-6.9407621128577235
4.269986267388488,2.8635308600684013
4.83408151265054,-6.698589896781253
2.3024639506026947,-0.5630393142373293
-0.20090529865751883,-7.51553314137858
-4.1065938566179145,-0.7473055734342395
5.7391202713067475,-8.301480601460849
4.9691087189954946,-3.0161649499342253
4.977162649645416,-6.595927103306041
4.466069091094493,-6.646835877842732
-4.757388204127659,-4.089579473571007
0.36060216944103907,-9.448162030371611
6.489586689534768,-7.108640500351979
-5.452234439948061,-7.121556676353374
-0.05686268939482364,1.5094790174948773
5.188564913470609,-10.400601453657362
5.746409163424191,-9.537309891434028
-1.2129219256998978,-12.617267828405156
-5.225011616118906,-1.7445178253995266
6.926775183304262,-5.125696623719083
5.817311967420164,0.2875224944677601
3.3055021273386096,3.6081207601200127
5.230630892269405,-9.052800904143293
5.0461994470955105,-1.5320903668897348
-0.4067137470910769,-12.61764553591193
-2.9989665853466043,0.35028204958038955
-2.5212059660953114,3.9614436944202644
3.7158339598396246,-5.409995347083058
1.9861136629669796,-3.0042909762541488
7.565227480456725,-11.08865849663265
-2.186458762749436,-1.2273611365176151
-2.641988235990082,1.683348919636904
-1.148521540786339,-10.744890801515256
-5.333309348102541,-3.2792892742769
5.553950653763724,-9.071723999321758
6.845552807623484,-0.36078313787591476
-5.141790445017014,-3.6926060598545014
1.9441731645537201,-10.357298511152356
-1.316378698679899,-5.7509799154922785
-5.326910502676142,-11.304024632854018
-3.703938552452178,-7.173756419784963
4.463004421472126,0.9634658637506597
-3.720113355761456,-0.46569135187814226
3.3899394174343715,2.0323730544498098
7.563077555232406,-11.759709041421061
-4.870565940108566,0.3951423211361682
-3.729607776797982,-10.497658563370276
6.348502915361577,2.9013681478454494
-1.5414025850783641,1.159025807883891
6.023996733891114,-3.1029713509633474
1.9252382728840294,-3.634908633579025
-1.7819513730018803,-2.860393299098167
-2.589876204480019,-10.802618778639042
-0.21869363806391107,-1.2959523862801667
2.6999876229204993,3.367877428114646
3.050382759120115,-11.456347103673432
-3.7429450139047473,-12.324791478599021
-3.323567290041818,-3.2368837877758203
5.736010650207415,2.0896177372142333
-0.39938558640932076,-3.9455054854298286
5.328794290111388,-8.382730618486956
2.339366062141732,-10.866514801034018
0.6715647672533258,-10.88469931345757
0.47396946418803765,-6.857245548183568
0.06570752900690646,-9.613179930082676
-4.095393206700914,-9.038024097442058
-2.645879450585272,-0.7826683534799059
4.037651021741645,-3.4793061122430977
-4.7213268256371475,-3.8072866229594062
-4.890681636831631,-13.67288565302772
-1.0636543880728198,-9.67019145684981
2.325067540062596,2.715564785253047
4.077928388796689,-0.18750448452223267
7.312503545188719,-2.586360543861783
2.088233179737559,-3.166376432851248
6.121273591944522,-7.014217366274268
5.134707155432055,-2.2593751704110936
-1.735998289052512,-13.75360860228635
-3.0611201387831204,-1.4002022367165008
2.115664336433287,-9.05729540323485
0.08023459961433588,-2.0993222195345638
-4.220794033141442,-6.2189675446781045
-0.1672609902522879,-4.233181637835669
1.3067915230589309,-7.3809196687787075
4.678270803375648,-12.789877280158152
-5.5024613845191555,-6.4353318872292435
6.5537195023914006,-9.003751690465956
-3.5876694542328558,2.707751097928771
-3.6448744358440166,-7.25287033915654
4.206217144710891,-9.303367847403168
-2.7821066108884622,-6.841989789232025
5.023107404355553,2.397700356925114
-5.561904609263167,-11.028053707305435
7.420418048056707,-3.32975675211857
1.7197437681534762,0.643786227111903
-5.443033827601773,-13.750947478886452
7.544916695822286,0.9142723403082602
4.463344941815761,-11.1973861373924
0.6724549226056409,2.871283694185255
7.070394338735365,-13.833552074368482
4.534879726086203,-13.887720203959214
7.780224187387791,-6.494590364077427
7.629262611721396,-7.380557437448525
-1.8953779319721002,-8.306744650977112
4.229506932940261,-10.405888989256454
6.09680768509711,-3.369691514718637
7.578754363289775,3.7675282627506768
-3.407451981769965,3.204076964368319
-5.348461190691428,-13.498452965784098
7.214104082599727,3.323141274099882
-3.9385325825921447,-6.036515322998034
0.9172953918345552,1.4850622573294796
2.7908414047463665,-0.057804364370921846
0.7913558360380737,-2.328553359647092
4.295731040362021,-0.7181368894885765
-5.975670425014586,-12.20165467285891
-0.9087538245381763,-12.898445952136248
-0.6381441668519621,-6.987796727500539
6.883269521888355,-3.7927066118955644
3.8889179274712156,1.969576277552111
0.1898104890904424,-13.964681397247121
-2.0052956552442076,0.6548566006747638
6.625776377201047,-7.672827539872021
-1.884122458293323,2.6410937992372006
-1.0849676962410797,-2.259586614620151
-2.0756707092921127,-12.237461621766652
1.0173083650041885,2.6181730681270174
2.6609705549822706,-10.241120753892782
3.5540140271465823,-0.16949940624261473
-1.5093521331905766,-3.934230774241305
3.5473438405425153,-11.113643383151214
7.497413156814474,-5.877464693902846
7.715301466608928,-10.587670414799089
0.7728296483350219,-11.014634233834922
-5.8574684866248585,-9.71824689364635
-0.35537728104683275,-6.239646720963757
6.411072171458864,-2.557809250144846
0.08218317305942247,3.7839585929766315
2.5991406427736,-8.19206663027051
3.678352336951125,-5.077401391705909
6.3363477169544105,2.1372027171397825
-0.8570943983036257,-3.8778970845174054
-2.2791717833517238,-2.7205384686341
7.892857472475447,0.9865933207993098
-0.8702613957604459,-12.283153664117135
7.533547823229199,-6.987473983801036
-1.8926674942645878,-8.305962927699785
0.8589271329438546,3.221525177482011
7.81271249866888,-8.66971890765688
-1.0794380915352093,-4.787481918811334
-5.885377959183697,-10.852941861606036
7.10482628706729,-13.470165732895499
-4.586332083912387,-6.4283536933930625
4.240303488226168,-9.160191852973727
-1.7164817322455264,-8.501486357761038
6.21642697455049,-9.930243087906478
1.8736255641846649,3.9987606463386918
4.198516928502254,-7.945688204655332
4.716425584653733,3.170482732940961
-0.7704706998638198,-1.2557976787520495
-4.938740316328552,2.1153430615745528
-4.652405855259632,-7.287348267291296
1.5950818000712994,-9.25560243589606
3.089770563820487,-4.020282906936593
4.0405933641734855,-7.625491427801105
1.644194455137427,0.6193372032621216
5.349748844020379,-1.143680452666132
1.5871024546097114,-1.8813001860590841
-4.783675938431289,-5.516290387206814
6.042009004265086,-3.0674332089204377
7.183563481551259,-9.280786616706543
-4.651774770449144,-2.720958159130042
-4.727036982514674,0.07843654163948699
-2.4056062859131986,-4.302466548014181
5.359278564222574,0.18463663660540064
0.9436503791089201,3.56523543967851
0.966864199271769,-8.981754499561003
-1.7659625762763849,-0.6144309702091366
0.11949854446831143,-6.461807273861176
-5.713187666220918,-8.504993112421113
6.045363117782495,0.46308096808864363
4.4511520397572415,-13.583689039837042
-5.622135919956295,-8.393630730964112
0.6423458110538656,2.375342823752856
-0.6151825759224492,-8.80654994846793
1.996141556265977,2.4644973918945006
4.3409419604715005,1.4199930756275894
-3.449232971077539,-11.738039984351737
1.6169958716445008,-1.4473251370895
7.369832674275445,-7.31238064778338
-1.1482040691482478,-4.714622637771477
3.5891311138939237,-3.811572011924543
4.1224297066563445,-7.154331131975172
6.070766822593383,-10.706439315488725
-1.5773350004034086,-0.07380205213428681
-1.3005884442884597,-1.9732171573397252
-1.9708334701785502,-10.63212183620073
-1.7897441046558473,1.9658793466818398
0.45236380168396817,-9.942527232711887
-1.4998597516893843,-13.950122780737725
4.581316028598401,-9.937805856209565
2.370894563787033,-13.548028312811423
5.682978047629245,-10.625994434545607
-5.93324271130022,-8.57861944942234
6.886819663721804,-9.272944075196556
1.0487037336507594,-6.6698628015613215
-1.880510383350786,2.692364414828276
5.045928712752172,-0.2855603232705697
1.3654997427373567,0.8475101271370704
0.4180012149575516,-5.626588091511998
0.912836887788492,-9.735615945957722
6.931126031417859,-9.342487852186114
-3.2257670008474895,-9.612467720031464
5.442929631923146,-0.16617852182548987
-0.02050468161504515,-13.751925716757516
7.6602904655124,-11.61444240517346
5.919917472291351,0.07101555935354398
7.133060943959109,-0.07882629646480233
-1.3607977284215993,-9.825547218544951
-0.7123285143101921,-10.344430930699858
4.0740464684293105,0.8773353848939891
3.050144493561472,-10.650330836436162
-5.47661404559896,-3.55277719657464
0.47742347111458994,-10.405329292417417
-0.8468253689159244,-4.253607399038842
2.8608395718721127,-5.42041200422927
7.599499504295711,-13.167924791524591
3.2149107823765775,2.3720422321808634
-2.68810104441485,-10.153270614755522
4.67125930475615,-5.245271706105752
7.890485093770348,-3.395774831149181
6.928187068831898,-13.780210646058405
-3.8364453133401284,-1.680457194471387
-0.16947082143575543,1.047362249721644
0.004573295791253429,-1.1660594656102585
1.9262402384684147,-11.841735788084788
4.051316893898454,-1.2853075757414345
-4.379945883014994,-3.8855937594608783
-1.3008997543179426,-5.74070392317604
-0.08137829756913639,-12.114060723514605
-3.787678191922083,-12.437444909414296
-3.3057418095529334,1.343998956959421
-5.656682910318939,-6.230889494836591
5.213109441843269,-12.195352318506979
-2.812009737774495,-0.9060852639508354
3.065734056306937,-3.8655709391270108
-3.597028567205469,0.30155821538558136
-4.020202433661855,-11.573637894984843
5.130490620246961,-7.3539800980866445
-1.6233603770731442,-8.983903076415745
-1.4503905108535804,-7.869423205263106
3.7491477104915543,-9.675280379277094
-1.4454296513653322,-0.028192847538809573
6.784108026391969,-2.968952535888219
-4.528344787520702,-4.2514761072447875
2.7889042391416883,-8.347051453874945
5.59200522097656,0.077418593629206
2.0542938940840596,-11.389719390311985
3.7633405195772838,2.116275949147397
-2.4985844631746916,3.2563461223121486
4.79823355842397,-8.594211653975977
2.6354957375621453,-8.458737222547498
-4.607449734685483,0.8346760531723376
3.321298483126453,-2.9479882769470063
-4.009579670014732,-7.207211962943653
6.2729051200687564,-11.060519706015686
-5.3293595820403405,-10.559273415976843
-2.4974798995519043,0.10556542778590128
3.073980596650639,-13.68783055748314
-5.757944861623247,-3.795864281599002
2.8660941932960426,-11.742406143520029
2.5464701291698297,-9.673665612448278
-1.2859012055523396,-6.641031553081857
-4.373272852720085,3.335684898009191
7.632702350785854,-5.989969596390667
-2.3954693068761546,3.2547000374556028
5.45280355166067,-0.963885099951824
0.4653650218869494,-6.609583374058902
4.910889811875926,-4.646953800236721
3.2481499434913133,-3.8085263310485864
3.9705957001190804,-12.306109926588784
-0.7133047030989843,-10.992394606822428
-2.6113853996705014,-10.385163022312746
1.0465121902541128,-13.658126206821464
7.495546428118217,-4.658651124627719
-5.263998801138554,-1.7230308734883337
-2.2355672986297286,-12.078183333408264
5.6242516036499275,-10.437663147542164
-4.533440235965161,-12.975683853131024
4.199808409478338,-2.2051175481901772
-5.885212031794963,-10.013350271930534
3.8655484356344942,-11.261464615328858
2.074510963766304,-10.16318359846207
0.2892799873510228,1.6136151124320595
-1.7636500177861958,-1.6524969813458377
0.13593725895921693,-12.269205422573211
-0.9511100888747865,1.1430411942659369
7.622647391755194,1.211470071088094
-3.7288025291702906,-7.780832627916476
5.636634220494502,-4.029873180876223
4.866601159601714,9.879910222210242e-05
-5.004769391178326,-7.8366818191815835
0.7063010763415409,3.014044988446983
6.575203214224059,-6.385424307238043
-4.6606770151831896,-6.7182388361531284
1.5026466569779302,2.279149445182565
-1.8716902600229615,-8.440445377958227
2.780565283669773,-4.9065520087151775
-3.2578345731767087,-11.394909520833572
0.8529609372748528,0.029037215205047318
4.903637521795025,3.564466371770635
-0.6419452257880742,-6.944192117415302
-5.974527073072591,0.9385125735188051
3.0527982169527093,-0.14140186282596368
0.5887247992272426,2.563482795535567
-5.592406830341998,-11.92493871071801
-0.7357573103989559,-12.468093653955702
-4.769569652488993,-3.796291771690189
-2.974291726021155,-2.7223662099716694
7.011597510033614,0.8298797746563249
-2.5219745742466837,-12.386067329996186
7.3026945550228834,3.9009267647198484
-0.7570714074874907,-5.707809299433901
-3.9653287413790688,-1.2167457300017368
-0.09432950406022744,0.4542726145793683
2.0821539599439856,-13.229891435000592
-1.3106364329496358,0.554731072062765
3.633594339374975,-2.614424947179522
3.415064992425094,-3.1093362387752315
2.9757405722260426,-2.8324201164643235
1.467991153065216,-0.3605517423065656
-0.827104110702753,-5.445709904470972
-0.3797062031243419,-10.234211159805305
-1.4935545250016196,-13.009728603021788
-1.442613125083449,-6.969504327203676
-4.692622632916466,-10.03180766518226
-2.5064155358002265,-9.905536252243602
-1.0968961786647107,-11.39223010874047
4.241018995822291,-7.832212604280443
-4.286886723696228,-3.315203936117907
-3.484925548356082,-12.954986227801513
-3.7139100116536,-6.440093383115446
3.7091256069841005,-2.4529840741173174
-5.9271162889624485,0.2792317452535489
-1.3003711015250827,-1.7651175627997429
-5.542575596102941,-6.9118116192984065
-5.725452981532557,0.6942196326120733
-3.382459472773699,-1.8581376646563488
-2.121073721834439,-11.563679941922341
7.024134746652072,-3.2895569158408016
6.468834662184506,-8.481210770288495
5.617694671497523,2.9502820013130844
-0.4674264249849651,2.274358921572045
-1.3087996024924609,-8.15720001570876
7.940257410731341,3.1433880671923404
-2.79934315639935,1.0696364866686174
-1.2055897130273712,3.6263807316044847
5.897446802640886,2.288547423625687
2.0314291608538184,-8.705275658218753
-3.23464991072606,-4.498305430169605
3.401220153261752,-0.6478045677733881
-3.6146350241185203,-4.354016133720881
0.10553748133305252,-10.251964202399385
1.741472443023535,-9.033553007483766
1.4907637995337026,-10.39803179178421
6.599195516821272,-7.91414915144737
2.544684437209103,-11.805206226441875
2.8202406953985406,-9.10327389275465
7.391442265196341,-6.905223211256045
2.503691793966011,-10.115359418060667
6.060666840269601,0.47799252616839283
-2.561105628139199,2.3988731441099027
-5.437829691522213,-0.4536838306986848
0.41016299479702045,1.038269100585353
0.5168035441041123,-12.819522277932746
-2.8283625478581427,3.8987470249048926
-1.321513561228838,-11.114506093542207
5.281631561276843,-13.188743106970986
-5.070277479437324,-8.64466196982141
-5.336386355104446,3.922828310061501
3.6758044051498544,-4.647444064567571
5.2723294593876915,-2.0752375889851944
-3.574290648537476,-10.046591606319993
6.147720000098081,-7.934696118071215
0.2669647967482973,-6.959557181779763
-5.271582631929406,-1.3176730888948498
1.5610371310070192,-1.8294785273492558
-2.1047605446599933,-6.675549650114418
-3.302903328196928,-6.445712634130441
3.1488797651584743,3.004402777464424
3.2884007984041084,-4.547124860126022
-0.17085888502574065,-12.100105683302354
0.679040157047865,-11.208054323108412
2.150620563107262,-0.8555526030094889
7.250938563634694,-8.656648381616602
-0.44332245739453846,-10.706865088544019
6.291167138326056,0.8333900400896095
4.8494385254253025,-12.968779306101776
1.7940721876489025,-9.769755883361556
-4.324407245887703,0.06903580330100922
-3.037860748492453,-4.985389431541947
1.3653488776075706,-10.160923927298512
0.8916563285133519,-13.049241843200054
-5.998985705061109,1.8457947699586637
-0.18175817079387002,2.333556381160399
0.9483030361956342,-6.240050697413034
-1.8572300307794984,-12.529599123325303
-1.6642749102966938,-3.047535226870851
4.679008861121849,-4.265140682230815
4.615581811749864,-11.160471350138227
2.165359043508433,1.8868580864627873
-2.948557093028753,-9.901959108926174
4.478055182952708,0.6170221272783198
-2.5273513842826105,-8.03174352462
2.8447716063085657,-6.8282291625945835
2.736153581809541,-5.064259422258948
4.83111832710215,1.2259956444398359
6.093580930272241,-2.9925486008628237
2.576177463269506,-5.9063558212506955
-5.613403370513724,-8.614756049661276
-5.108231940989629,-6.119865520524444
5.892793485756599,-3.2575636813132185
3.4574563757737984,-10.615856508012651
-2.3326559041608803,-11.063621246487898
5.797642671646029,-8.954365766225134
1.872568335817209,-11.459684965657846
-4.264155283417637,-7.743499462111686
-1.3750557871597575,-8.080641791394658
2.413059018276586,-8.312177191272
4.762302165646798,-12.367926171560455
-1.4529979916732003,-1.9545236869628724
2.44104954668542,-11.848718869393004
0.15262890388772554,-8.43401366825834
2.846186052406816,-11.662334967689535
3.3879229217719065,-5.651014437143784
-2.151540169130402,-0.5460081140466304
-3.3692620256145545,-11.259717105865068
-5.785016888096359,1.5034064136286354
0.893117569988128,-4.699119032212181
-4.393323366118306,-12.060029551142707
-1.3270323314741592,-4.707848407664995
3.812211066606894,-5.0131335827672885
5.641818034546569,-7.206938028554197
-5.60676811263418,-6.329259049529971
-4.809963189556876,-8.203020307453551
7.792165563657704,1.4323766281787798
-2.689620015774854,-7.232676236371242
0.03631183322035092,-0.250369201396655
-5.531600210512089,-13.30479013949774
-4.360349854597984,-2.6901503134686653
-0.19634735857773755,1.2806613177220108
-2.023189536810279,-5.193463463430193
3.8950001014164197,-4.186378451029833
-1.5648003114025695,-11.254230164959687
1.5684478607417693,-11.441182959281331
7.150262435680238,-4.281969009008474
-3.5511857320030336,-1.0284341554956669
-4.550339279523189,-0.11039378046763915
0.40204755510661183,-11.612084800774424
-5.479045491676779,3.880803886418292
-2.1588439387731615,3.140475197290712
1.0257087143187107,-4.9457230893413335
-4.725023942790132,3.1127047390835507
4.260542103701216,-4.66289891312808
-4.316400052965596,-10.83782174921086
0.05033247198497204,-7.479341226820095
1.8139320961986583,-12.625808454370242
-5.435155729543243,-4.800144439579023
-5.600980666992988,-12.92806482781683
-0.731219585334312,-12.887976744773564
-0.6034252273710985,-9.648490713630144
-3.3712158404727726,-6.715763033247269
-4.321345321162401,-7.706491391853126
0.08823081113244058,0.9400530452824825
7.059286554751111,-8.449908179607814
