y,x0,x1
1,1.6833890549825463,-1.1265914052964499
1,2.438687265003015,-4.192102706055857
1,-0.0688328092553343,-2.3739059648001906
1,0.12622095767769534,2.051914014077436
1,7.4912786470144095,-7.098052661136001
1,5.084150533157304,-4.47989144444772
1,1.9526238553150528,2.660739489267897
0,-5.005495185229583,-12.431672605372267
1,-5.71694243583544,0.9871572198628832
1,4.894194513297906,1.6602186684427451
1,7.700656791258696,0.3848541559010243
1,0.4607110715410458,0.049525173156197866
1,-4.344158037834935,-2.481421616104571
1,-3.9930539762733503,3.004040506892508
0,1.3058765045010032,-6.536085080170577
1,-2.2962214305352227,-0.06379359018409936
1,0.3861046510316797,-3.7681889203643273
1,-5.7369427938910285,-2.8825610526342125
1,2.5693401181138995,-2.8951880562543764
1,7.212473099204737,-1.727234616137299
0,-0.966889391966996,-6.133424831611854
0,3.7668367429817082,-12.915941510673143
1,3.334734016239347,-1.9285183468731295
0,-3.0546441449662267,-11.679326642212642
0,-1.5840030870614257,-7.453206123032793
0,1.9827547858503145,-6.1051727576782335
0,7.837233732829166,-12.163193406535495
0,-3.0757254146723145,-11.096428678070069
0,3.1435165565155785,-9.440751154283925
0,0.5283508199882885,-9.60033934397115
0,-3.7744258289627237,-12.013247459042509
0,3.1886142525138284,-11.512706875724952
0,-3.2478469364792515,-7.362946928102647
0,5.493905217871092,-12.252177035724895
0,5.731228704983256,-12.270228657908664
1,7.67043251018754,-5.5642783703413725
1,7.674655234664719,-3.112780644589172
0,4.349690111576224,-13.294619739422226
0,-2.040702523930266,-11.83646189816296
0,-1.8540372346899705,-11.862901058823605
0,-1.5482354884843357,-6.54326609873594
1,-5.101935051117018,-1.5355018513396423
0,1.9324203588920523,-9.222989163089984
0,1.3254727485337954,-12.30907080634805
1,2.06325093778651,2.7273315563718548
1,-1.5400346656814683,-1.9866131606537287
1,-4.1548299263385085,-1.1061103258658207
0,-1.9483146987391848,-10.702555483871896
0,2.2111810873411635,-13.638064168625116
0,5.605160409043084,-13.915481428534155
0,3.4894315151472206,-9.139856482541033
1,4.292716309716329,3.3193938121138866
1,-2.517455990720588,-3.6291679804789356
1,2.2885870378057462,-3.69946569576428
1,-2.8768571430313434,3.1494822073057307
1,0.2597553006467832,1.2353561044803012
0,3.7927098544450613,-8.646134884607594
1,5.3931694758346795,-6.8628966647542775
1,6.335444759556262,-3.537088292554543
1,6.3442950659679385,-1.5344313786002142
1,4.153559917474967,-4.9761611253193605
1,7.385170886125135,-2.408176413866526
1,-0.06602932018548469,-3.0849221456973623
0,-5.7312952236693295,-8.571653299858113
0,3.24242952489759,-8.778603070212007
1,2.6522160059837816,-6.2821633829762105
0,-4.103363100885697,-8.630918132791448
1,1.9795087498177084,-3.3642902975328823
1,2.040553483894102,-2.2423852425715958
1,3.1294457800236444,-6.2344681621884686
1,6.55165234191488,-7.383886339137861
1,0.10210895371877536,2.0546203902820963
1,5.286715846645201,-1.3300054962734065
1,-4.596823577627784,2.550687047404125
1,3.99937819368756,3.9792461182215964
1,-3.907723734788088,1.6262690326278566
1,-3.725098914530753,-2.919927842890805
1,-4.266520240107819,1.2641481278002191
1,5.302465422150148,-3.756186704937321
0,-0.2994338388360047,-12.754994081807515
1,3.7640028240238905,-5.836231711794761
1,4.1087783925848695,1.5948818667153262
1,7.6573010700404,1.4044601630669984
0,-5.836002821409973,-7.520394839389451
0,4.2198678739368125,-10.910665809294072
0,1.2945124868578102,-13.021916209893437
0,-3.200048651450399,-13.666607699708948
0,5.11176784700389,-9.969355614913159
1,-1.1650764702433625,2.7054632823806344
0,3.8618016269294593,-13.426899268436461
1,-3.6942818090292215,-2.813388773004256
0,2.0812002404583456,-9.717929215258843
1,7.078995970947112,-2.948612792613872
1,1.4988592423494165,-3.3816204256177222
0,4.221708413234777,-8.38499008136717
0,-0.42490512897471344,-10.222812518447801
1,-3.393297917675293,2.9987030197108027
1,4.3537111306900265,-5.171741444883793
0,-2.8161952083734745,-9.421583328132927
0,-5.187591755465741,-6.1805007399538265
1,-1.6348576520825642,-1.4658172013217283
0,-0.7114742499052671,-10.767133803926573
0,-5.654497802521362,-12.789506633661524
1,3.5114988289799416,-5.833456797991184
1,1.5121089555221108,2.1400832747261593
0,7.8647452635538615,-10.095854280827465
0,3.283094843401411,-9.260197218731287
1,-5.710886007479799,-0.3491842309494544
0,-1.5197598884854502,-7.097649904905835
1,2.2364395897504803,0.9588721942514268
1,2.8057458102760826,1.707711798053115
1,-2.170411512581099,0.36484301042614575
1,-3.401096779716669,3.1502498254950027
0,3.624835869429415,-10.120861811955947
1,7.263188266844939,-0.8445954781371583
0,-2.4448170036696384,-10.160384407385324
0,1.2548099950292857,-13.538071075018433
0,-3.0954189438244684,-6.355661562472888
0,-0.7616202753208423,-5.655642361433407
1,-2.113198111873753,-3.4378817637529617
0,6.093978482925238,-11.884426592683404
0,1.2433075001575986,-11.622774085787238
1,4.036035536696311,-6.870925349468713
0,1.9158983660191256,-10.700962948146586
0,-3.972131369192719,-5.214986948318816
1,-1.0214216701006211,2.9277750145506336
1,4.714553553297512,-0.5240548426901483
0,6.652076356443068,-12.498396162043665
1,1.7306945789136918,-3.4794307587961613
1,7.467109299661208,-8.74134451773412
0,-2.6283970811837447,-12.194709039221037
1,-5.769985185719361,2.731527702259431
1,3.3788316522727406,0.13275241641647995
1,-2.055778519444713,-3.4446170086461194
0,-5.1046262743062645,-5.258703273176788
1,7.684931956422256,1.7770944156986346
1,-1.2657746742841611,3.3082627817469716
1,-2.7561772294031366,3.0877388034822677
1,7.179287865890981,0.38564657234305066
1,2.826271116135075,1.7371833992490462
1,-1.8977160168908458,1.2809839956325284
0,2.650273686845333,-13.761736560339811
0,-1.1387307489489258,-11.33346450293303
1,7.745611457455545,-5.389334473280215
1,0.9634791169812776,-2.489494704822976
0,-0.8398155141853545,-11.53579510965922
0,5.509648264719439,-10.582737585750357
0,1.1584657556503846,-9.962293478454693
1,-4.630177217083523,1.5194473135903002
1,7.620872846323824,3.2950238451340037
1,6.691776989096504,-0.06714801142450177
0,-1.3359678715990135,-12.540174980216058
0,-0.29862360020669776,-9.819785440923033
0,-4.145173113388238,-13.038310727837146
0,4.158321098948102,-13.794305744749444
0,4.788130479038868,-11.354960382793248
0,-4.88669084378542,-12.387145383705105
0,3.4086693029548023,-9.583390222648797
1,-0.11244746647862147,-3.967361756169496
1,6.047716433603113,-0.9132032711960908
0,-2.215409326657995,-11.633309612759705
0,-5.224759514103228,-8.571224579343035
0,-2.3303459106445046,-5.789469797591367
1,3.5659386976675265,-1.4787419785005709
0,-2.0307361478496673,-7.161314793797832
1,-3.4638865356833577,0.19381922151733733
1,-5.204126929934636,-1.454049648950228
1,4.901735543175448,-0.006663886722442669
0,-2.368084099165031,-7.271363517213894
0,2.226394892749447,-9.089205756359592
0,-0.8080608109495575,-10.453022956658486
0,0.4379823725841039,-13.196978577425947
0,5.197142383988652,-12.614783954240613
0,1.2636920836413648,-8.47741820818647
1,2.085601283639257,3.269800135001653
0,3.0379834223840536,-13.363476156401164
1,0.02563415311285766,-4.819696658271496
1,1.5064849258483282,-1.7349348091309178
0,-2.1136546317552747,-11.680509821606236
1,-0.5025405283406794,3.21530301032708
1,-3.3801675154881736,2.2717111887082666
1,1.613283301082569,-5.775594410376215
1,6.348579743218456,-5.745128688165455
1,4.138346912561605,-6.817544209344164
1,6.656621500613407,-1.579549636557907
0,3.794708759507234,-8.101032771971859
1,4.594900998316449,-2.5509010019514555
0,-2.639716172684066,-11.110301195265384
1,5.149480643242644,3.2649988546340047
1,0.4139435816406003,-3.3622850241736715
1,6.008117018709765,-5.769977839630574
1,7.326242675658307,-3.6364790831922966
1,5.49073968981841,2.359186931429292
0,5.417333462759963,-11.130539657918794
0,2.8045781468638062,-6.8281833448458125
0,-5.12201867167316,-6.367419465982845
1,-2.378423063548292,1.2826895517131938
1,-5.533735228346252,3.261688993542524
0,-1.024836121392985,-7.579275972754228
0,-5.771400962428089,-10.66581814574869
1,-0.3823669887494781,2.7272455114488494
1,-4.605390976902203,3.015427602623433
1,6.172839427652852,-5.825076855664069
0,-1.4261876552443589,-9.810605672976976
0,2.6025058906762406,-13.404657353440898
0,-5.781515097744405,-6.281676995031719
0,-5.046962964353917,-9.465062211570329
0,-2.903747185154826,-9.442558512988663
0,-4.165226762986391,-13.783347987842223
1,-4.383219840057527,-2.867355328770538
1,7.639586979452705,3.8262100280960887
0,-0.273242664777138,-11.066820331161104
1,2.9426646031314103,-5.174503762122731
0,7.85173688198204,-12.824524271267956
0,4.965282136393384,-8.80882704803311
1,-2.620139318927964,-2.0749177124118336
1,-2.555115410126497,-2.014535883934622
0,1.2423192408320425,-6.366398208154713
0,1.7656293212598655,-8.833072641446664
1,3.8920458878217055,-6.532576351995847
1,-0.9523621531975088,0.9158244620032788
0,6.949536767344688,-13.171868404028654
0,-2.7432221003832833,-7.726651349133863
1,5.409530711183463,3.738845697579357
1,7.565603865384924,2.289070219898683
1,-1.8482122891035824,3.856202381460534
0,-2.5081194252096832,-12.09368921211982
0,7.313336554775517,-9.798435401574267
0,3.6567557110885067,-12.949585538349405
1,4.229927387784667,1.8709638220091147
0,-2.1858834634765247,-7.176975870606286
1,-0.7598534335071747,-0.5218113642776032
0,-2.670698604453456,-10.906644217142425
0,0.2900830816283335,-8.51956866720825
0,5.7486477116211345,-9.720647131718502
1,1.03345240484966,2.966504794562745
1,2.8759677684252503,1.6112092983243669
1,7.162935650966742,-0.4862324860456653
1,3.7940508431465183,3.423380198876089
1,7.921611055067513,-5.867209711944327
0,-5.007823105421083,-8.729707434070662
0,-3.867034120371773,-6.485245253671788
1,-4.161949401374415,-3.125879527624124
1,-0.6406871717900424,2.116945917187781
1,7.549125405179026,-4.156071769950401
1,-2.1524700218536483,-3.3398524622869377
1,6.554656215141738,-6.6787997749565315
0,1.7290958736875917,-9.110250183089374
0,0.3762180923003777,-6.769156363167225
0,-2.5222114888384057,-4.894405091144449
0,-1.6546684362826405,-7.2853724501465456
1,1.3495861915597,-0.4892895872782255
1,-1.3308954789221454,2.6348577991737443
0,6.072459655702634,-13.123574672440489
0,-2.4490046604044813,-5.969560772134365
0,-4.535209557605363,-7.727432197397054
1,4.361365358647555,-1.7507393394291348
1,2.7133819999240667,-1.2104887509977793
0,-3.1310683825641754,-7.849433932434822
1,3.4673947518844805,1.8262257345638884
0,1.6114927535933328,-8.911406282980339
1,-5.576706387916245,-1.2139370784641592
0,-5.8896225508818345,-7.291776743222081
1,1.4275210038789456,2.598006311809474
0,-4.747076369539399,-6.693038204570893
0,-5.6596152040577925,-7.833002281851375
0,2.7112348237571293,-8.976776931885231
0,-3.0635007048211085,-11.917341800112315
1,2.079963416284785,-1.4851398937156508
1,3.407399968341513,3.079498372969134
1,-5.962155005490962,-2.350460229907352
1,2.405491319366954,-3.4026870205348128
0,7.478784477763394,-13.696309879339285
1,3.7507540298203015,0.6462156946335416
0,1.1373007527021777,-7.988632347257434
0,5.071762285183668,-12.249627338616355
1,0.1884989282189533,-4.640857257724912
0,3.715389753083665,-12.364056823416627
0,-2.8113669784699464,-6.614571871577739
1,2.7261254222818287,1.9652940619135144
0,2.6635663553792703,-11.597693523171179
1,7.728121859021955,1.6921432255988726
1,1.0380906560345364,2.6022636723393937
1,1.5793311125999008,2.619509222004936
1,5.618563160446803,3.4291553852973533
0,6.876959350894217,-13.35139128628575
0,-3.5531919417468405,-6.9955758121786555
1,7.329997762135892,-8.599479449433266
1,-3.7534529855735856,1.9534839895580784
1,0.2495218167648403,2.3417606983778683
1,-3.7567734715179935,-2.0998847928542084
0,0.1636925396128852,-12.623238157454862
0,3.750484025135009,-9.546822400295236
0,-5.445382683886752,-12.92100263150768
1,-5.144900481064976,2.339193234730711
1,4.358374849607415,2.16512242984723
1,3.4161523581512987,-4.479081277444101
1,-1.7377508991367048,3.9633205239161207
0,-0.9293531748485488,-5.528318914149628
1,-0.704567551071535,3.6314847280382563
0,-3.5547826044699193,-8.096215983654567
0,3.5248813242100216,-12.862262869904649
1,2.501491236161573,-5.4023629482245115
0,-2.0240003253305847,-9.708560943366956
0,1.2031784061825943,-7.377303550333256
0,0.3912784776771749,-7.925407128243681
0,7.586911710343688,-11.598090228579128
0,-4.644744655502762,-7.818948881763512
1,2.2743766121868774,-2.134823506699492
1,-0.4384055396474116,3.98700389059908
1,-1.0734980532974037,-1.0146799767208563
1,2.9261577234311003,0.6349695384542926
1,7.6671592883534805,2.016285816019725
1,4.7038676410079185,-1.4315273992707702
0,-1.3030256245374048,-11.341659592279267
0,-5.123095957162663,-9.645769324373275
1,0.05194073653818077,-4.604067074660316
1,4.823169756768202,3.2573366150186733
0,-4.3575132746126455,-12.073925476511752
1,2.25572612218971,-0.5828346689487276
1,5.87410532485779,2.844977443902195
1,7.7679673916489875,-6.803569539958534
0,-0.6753074306139766,-11.339443819449098
1,3.5890821415698326,-2.1782847480649323
0,6.0688763419169005,-12.249356093822467
1,0.9688767095547846,-3.5405252659028648
0,-2.618201439441142,-10.957542689675098
0,6.034131709874701,-12.946371399759943
0,0.5886926548530198,-11.914987976584065
1,0.3988226586391432,3.639321874161567
1,-0.06811105162338116,1.4282485150822115
0,-4.357582101435287,-9.117462618286446
0,-0.3469016306573174,-6.803381479832049
0,3.3993687013821443,-7.795073707240863
1,3.9927361577402287,-2.494635813942935
0,-0.41174396643317657,-6.228317702222253
0,2.6033877973444906,-12.739240577396394
1,5.513694336979665,-2.238419099954536
1,4.1687945018496935,-4.335385980516971
0,-4.4533204461155735,-6.709358960654901
0,-0.32476984012021504,-8.221226179222096
1,-5.580695451333509,-0.7294236332634085
1,-4.46301758712499,-3.086453605188467
1,3.8450449505410202,-2.573846187193494
0,7.427991527691648,-12.140633208467506
0,6.1403402274727865,-13.47457577271956
0,1.488835968979176,-6.7236148770933415
0,1.3385740455126145,-7.428202212919824
0,-3.3320631908390475,-13.655787845923586
1,1.2540973930764403,1.1699835283271618
0,-0.7749766195728816,-9.988451275730355
0,-4.8725519513941835,-12.46440338386334
0,-2.900449751901189,-12.199746903412006
0,-2.289444222897252,-12.809309681894815
1,-5.081531859061041,1.412971233210074
1,-3.730316350076335,-3.925716695177936
1,4.828377622286427,-5.7846278238968
0,-3.85283570996916,-10.407269441837943
1,0.061778887936529976,-4.491786394786357
1,-1.107835911320512,0.06663280422390372
1,4.514303083989578,2.6898125327161218
1,-5.594664313622552,2.1224432417836603
1,-0.5040369615298852,1.8107049168398923
1,3.670986866191413,3.7722776273314262
0,4.629954324033354,-7.4381967320578415
0,1.0148844196865294,-7.224995206501678
0,-0.8912342957026667,-9.303719011140924
1,0.9435841352285744,-1.7286809887514991
1,-2.1172362017265907,-4.56116340061004
0,-4.356675881612199,-11.122784836624556
1,-5.344711034029356,3.4731659698713924
0,-5.945955078856344,-10.785560574962187
0,2.580134543637893,-12.535347220640507
1,6.346551043355652,-1.0468371588388123
1,7.529459600130508,-4.862560149666232
1,-1.7943484357811794,-4.108989689685114
1,7.031462042171624,-4.62629412964651
1,-2.2591015539275388,1.7931782051341525
0,-0.7931375208255416,-13.975099700018015
0,-2.5324096851075764,-8.271796834812879
1,6.0228845552466295,-5.746942992803991
0,0.22422202935821026,-7.950159204802027
1,6.329493722659113,3.0104819849270434
1,7.886464608164811,-7.218657194702238
1,7.526064238780401,0.2538322533562241
0,3.459648067019735,-9.591989370438212
0,-2.969598346781063,-11.011139158617578
1,6.918592543155116,-8.706620077103011
1,0.3433194362842986,-5.108758988229979
1,4.894402336303559,1.1962293079544342
0,-4.052982183919419,-6.315721516200672
1,5.799968429696399,0.7245995036050914
0,-4.56620738166617,-11.185099720376666
0,-1.7412183176082907,-12.643536756499875
0,-0.05471796023169962,-12.062881307307524
0,1.9550463113778305,-9.56197508339919
0,2.3500629148947176,-11.884538427734526
1,7.6623741578594675,2.786101669432128
0,-0.5148428600946788,-9.640785305730462
0,-2.494425020049981,-5.298916366356943
1,-5.440100773389963,-2.4853080906477145
0,-0.2837592832435725,-7.206681693400028
1,5.3311096008487775,-1.2373617167007804
1,7.360673415497688,-7.665147671077567
1,6.565598705091678,-0.1405906474984011
1,-0.996054877674018,-2.8100221438413597
1,-1.960020592876262,1.7391985073471616
0,-4.426017559027644,-10.176181496707262
0,-3.437533910881103,-6.745531956722803
1,4.433261440449809,-4.515665917060755
0,0.8274685295349062,-13.99017263185408
0,-0.04437584502923375,-12.85603205294915
1,-3.0844544702992263,2.7830909012888974
1,-2.984425139194665,1.4500774954167248
0,5.24050720185868,-11.13536773503963
0,2.4799674017839046,-11.91808630570976
1,4.190434217173161,-2.525679007300281
1,5.36713986367427,-5.371078110994616
0,6.808083229667361,-13.111718957808087
1,-1.8995600896217943,-1.1290532456269933
0,-0.14647103552798768,-10.886875623119183
1,-4.499049564000355,0.7121040063091861
1,0.6240016985190193,1.8811060945439328
1,4.266047880434165,-6.624928298646616
1,-0.7708458018204283,-4.718509760277469
1,6.446839344656202,-0.7289855651449777
1,-5.9278585002336746,-1.5051586753557409
1,6.87310369668149,-1.2117963289191511
0,-3.521919058055057,-5.296673706305744
0,-4.0355757490721285,-7.538084989886622
1,7.119638587167247,2.6194955360567502
0,-2.0402840695348394,-7.886641205008415
1,2.4029801538381155,3.3375513146868414
0,-3.930781323084534,-9.375500413639957
1,6.2297955820708,-5.145939829249798
0,6.5854552911784445,-10.660677844582828
0,1.45736022459905,-8.127146612311298
0,-1.5684041615053357,-5.956214648968416
0,0.06308428741775796,-7.567756165796821
1,6.809590784418661,-0.8286046622079297
0,4.185657878641416,-8.7815579073448
1,2.087931940435766,0.025229799433013508
0,5.138265159604983,-7.798451706422379
1,4.792218591961071,-0.7539098574608065
1,-4.018909201293396,1.5870184341965905
1,0.17850058252575085,-5.244611920004021
1,0.2771685045719625,-3.7787719734048655
1,2.6963694631387654,-5.032767816267018
1,6.1350396056273375,-2.7007743884848807
0,-0.3800087097227207,-6.499548375643202
1,5.351740611805319,-7.7325450305626395
0,-3.0396328590462103,-12.931102615895796
1,6.2643758708880375,2.533836121426297
0,-4.318317449711336,-7.979472653069933
0,-3.5447910267865868,-11.913827561134164
0,6.598134402000422,-12.976209335383599
0,7.726799288566094,-12.263884507447086
1,6.088589088710201,-3.8028900741950715
0,-0.8491551705497731,-7.837837220747157
0,4.603098005327922,-8.33768068992283
1,3.2024648326399863,-4.688130496710558
1,0.7895190322129872,2.2209190716849068
1,1.7650308206836345,0.8835088548765082
0,4.158029477420852,-13.305969570938029
0,4.823540735075868,-10.096335498361269
0,6.6440950559220004,-13.227364569041026
0,-1.3369915173595377,-12.204806949774428
1,0.6582476391878123,0.7604038456555315
0,-1.825376964717103,-11.28317184840125
1,-1.3762615002434115,0.6498425545714479
0,-4.034624590809144,-9.907475916604968
1,-5.036072497092764,-1.2972192081870624
0,-0.466734590491285,-8.404880411420312
0,4.0607694647761265,-7.952404237875407
1,4.188797825001853,0.6735891156576432
1,-2.9527201915916623,3.5287365432277014
0,-3.726988729222665,-8.764863680178633
0,-3.4828659283304173,-7.78089818558598
1,0.7208524294905789,-4.6008343579618565
1,5.9504845921478084,2.010062358685598
1,-2.9185459490673114,-2.7879074206564565
0,-4.439055197817981,-5.73854251672277
0,-1.4873304673473466,-8.302986581835086
1,0.7561793839694141,-0.8631025604731839
1,-5.031442776906547,1.8251200783732813
0,4.2873928448278535,-10.823010999996916
1,7.148252727223187,-4.886379967579005
0,7.997320093637514,-10.449329462586721
0,1.4887147773648195,-8.775535233921289
1,-1.7415701965505477,-3.360823144988176
1,6.904066936191665,0.4947494004251496
1,4.135179579018562,-3.9348719221693607
1,6.912179051344267,-5.137494679564085
1,6.233650496686055,1.0116695897793715
1,-3.0063051447777878,-0.11794166661361595
0,-5.829603802794378,-8.189068324134425
0,-2.786055774312703,-4.876466747228358
0,4.315944263530998,-12.241825385940967
1,1.2089108271147575,2.8914163904989434
1,-2.7989482862387627,-1.8114594059943665
0,2.300323790936206,-13.81885347819032
1,0.6615667420011189,-1.2421329630611242
1,-5.384343951662731,1.8313866944271415
0,1.2811398328994237,-13.448101130137074
1,-2.8582094331082373,3.166162535691633
0,2.1524762627287743,-12.065493780161516
0,-1.9743769680721392,-5.779334734511283
0,-5.706699030251772,-6.590920754952341
0,0.852420896085774,-9.61379824493782
1,2.240946004087812,-0.4416778473408165
1,-2.6983208625211037,-2.831001794960221
1,2.9547114014923817,3.0737254203191386
1,4.895866342150214,1.2702148562201074
0,0.8658787181078518,-10.66372543437111
0,7.941414101434892,-11.671596301303403
0,0.6004024709597156,-12.774324213642082
1,7.213912002911473,3.3686489352719136
0,4.071446868055632,-7.70012881465696
0,-2.4386463843532598,-9.224540158333149
0,-4.217883644118953,-4.535438844618987
0,-4.014558140179314,-8.298848002037786
1,2.773890663427469,-0.9042150273665026
0,-5.660182135291143,-6.257912281218681
1,3.129744327789947,1.3584275708532303
1,0.6545469509691539,3.4457056909183343
0,-2.2811443344197384,-13.75684328071906
0,0.7725401058243069,-9.389951689639675
0,5.53204740832437,-9.810091900739982
1,-1.651190943921712,0.24209375834402105
1,4.01200552835504,-3.9550777401692745
1,3.869272866918634,-6.464536455739522
0,-5.925659333394651,-13.795607686780533
0,1.1571050260316131,-12.500762365058018
1,-5.284943277630405,3.3792995044745204
0,6.02603695521282,-11.263509910227747
1,-5.990700939737137,2.950020317015614
0,-2.1034458235183995,-10.653843148601043
0,3.681113509641493,-12.039732700856128
1,-2.294905627960796,3.5517042438168365
1,2.9524788426361432,-4.6277997533140365
1,-0.429139392310872,-0.05898281208436451
1,-4.026595328668288,3.4120804366656787
1,6.055722112921014,-2.8821743137536213
1,-5.3993133343641855,-1.3845983099407206
1,6.785980772396733,-4.557612785384731
0,-1.0408524944183206,-11.835007790369547
1,4.568615457925956,1.9303933218125116
1,-4.596475582938121,-0.33827801445784544
1,-5.7611531923726345,3.4069885253899517
1,2.6108122888913456,-4.056096938150604
1,-1.8567023297550111,2.7272500882561026
1,-2.2773212172849258,0.9066390379005078
1,7.791521510719848,0.1011396192665046
0,1.2658588854100443,-12.810663250669904
0,0.6137930483950225,-6.111392954509336
0,-3.160855423382067,-6.375422539142519
0,-0.991389622875258,-11.053683299270327
0,0.17923800665480627,-9.269600786159195
0,1.3088738895517018,-13.367118925108507
1,6.6872398770219785,0.6945574993574084
1,1.736138655147064,1.3325544896303771
0,7.473531033351207,-12.01059870705211
1,2.8316453177372534,3.9638920168418537
1,7.830448370669366,-3.140186138766598
1,-4.207707813688566,-3.502529042170492
0,-5.971095101958097,-10.419595975996527
1,7.38572423383944,-8.052069693148809
0,2.9374614808772797,-8.944529096619632
1,7.269506419562253,-0.8859428609092372
1,-1.3848837938602232,0.2517055812466751
0,-4.485682657331274,-6.938259078821731
1,-2.9029462117577074,-1.692923949031167
0,-4.5657520551929744,-6.853535018911868
0,-2.126903777071345,-4.885827452171527
1,-1.101432472945695,-1.284609601993802
1,-5.655921659702475,-2.5882354164936654
0,-2.77200194428652,-9.163237482376713
1,5.2035784501693305,3.2002310916475736
1,-1.5682970596207877,0.8824948666433627
1,-4.544128268402737,-2.5883302458671023
0,4.5144521934888635,-11.192397295379784
1,-0.035966572626151994,2.0687289564816678
0,-4.54990151172279,-13.674265552373447
1,2.268195306671073,-6.160432270443198
1,5.1816494843746375,2.62219968767392
0,-1.8118489763865744,-7.008725890956105
1,0.8078092086104078,-3.413273712164612
1,7.773953615542633,-1.448055485059072
0,-0.5463208971620368,-9.252181643891682
0,7.224760057909738,-11.560128204046883
1,4.083721935066613,2.6571104552639326
1,3.3053182114821418,-6.38502007700982
0,-3.214126841043224,-7.38544419946531
1,3.89620533188171,-2.3083839648446567
1,6.991666332377013,1.6034964458687482
1,5.426110531729155,2.4061157563137208
0,-2.1312798616813087,-7.348576277486309
1,-0.6814853469957569,-3.9118894032239564
0,3.355055213598794,-8.839099705272902
0,-5.7275254576697945,-6.813997094157632
1,-1.6806085662383934,2.9593249423248618
1,6.435710567616611,1.4855922101815526
0,3.1419966532334023,-7.802795035419099
1,1.6838897435902664,0.6740507328947078
1,-4.619454837880647,0.4193478445954853
1,-5.423482921406296,0.6955785618584027
0,5.305893258238228,-13.081868441082394
1,2.780249960466016,-4.955844662367849
0,-3.6225269555959945,-11.32917912180724
1,4.825627764938325,-3.781530520936807
1,7.761987888831454,3.680459991190194
0,7.897337908499728,-11.864920669416215
0,7.135585917495472,-9.597747037629867
1,0.41497163662056813,-0.36668199520893374
1,-3.1493069509187523,-3.806391100022061
0,-3.3985655248360604,-12.114750079736721
0,-4.3681794259856215,-7.562497372732063
0,-5.934832284279431,-6.352629418369587
0,3.298759471136087,-6.769612669928202
0,-4.798875592722308,-12.871600483574472
0,-2.106368821291936,-10.952371570215185
0,7.511329625051572,-11.27785595046647
1,5.276474123669954,-3.450057048659394
1,1.9700168797801207,-4.782547113371877
1,7.6046830655953155,-7.450794048350519
1,5.030820513354269,-4.004706065594727
1,-0.4611286532398342,3.1983867995040565
0,2.3764235711056187,-11.859495041371755
1,-0.15445118604400765,0.06847109826893671
1,3.7124583253489933,2.4941259370583357
1,-2.368716622018717,-0.35251310563117144
1,0.43825290352329294,-3.6750245545973215
1,7.370653534087963,3.6271537598051937
1,6.062273494957888,-7.536252420854668
1,6.4278117001824775,-2.505034802454565
0,0.019954926589983657,-13.356631714991293
1,4.781793738682151,-4.962099546965965
1,5.006638992510852,-0.535589611821143
0,5.109943152676927,-8.588279143458196
1,5.2111803869468325,-4.120766087608988
1,0.6265668062880048,-1.8477335512263744
0,-5.700978438863124,-12.158297314023304
1,-1.909516887654692,3.693821979241114
0,-4.043559095890631,-8.049266586334214
0,-5.285257094313068,-8.037160154730929
1,-1.5154319888483574,3.0425290770013973
1,5.832157217940086,-7.1102440536301135
1,-5.6532331874505175,0.9585600519168072
0,3.247506480023562,-11.257439294276423
0,7.944997794142621,-12.195798126365785
0,6.1396035823112785,-8.703209045665599
1,0.09494852855219804,0.3182174819736634
1,3.4851169839161433,2.8815587399927054
0,2.6959645564453645,-12.239417093377051
1,6.381045085387305,-0.15520055020536105
0,3.966186312506508,-13.032796147632766
0,-0.4528815747355841,-10.986155249728295
1,5.506654717710166,-1.3904847892784709
1,6.363086362467892,3.398351924634952
1,4.846466598694981,3.896195497973718
0,2.606778406020183,-13.33166712995394
0,-5.800478787895857,-7.842130246331803
1,5.528604066945518,1.5904247138451575
0,7.451375403517491,-12.827813566121268
1,-5.376004446172702,2.4391047346066053
1,-1.729346222919938,-3.956226789026612
1,7.754228362009938,-6.79192637475338
0,3.3221995763377588,-6.784167854624264
1,4.754725302478917,-4.501134939688416
0,-2.674676068191104,-9.116490177347607
1,-2.3871710244622983,-4.418234091345905
1,3.8446462242192996,3.0870382007765578
1,3.71722325116172,0.06147119132303125
0,-3.635034377896081,-7.266872749868138
1,-0.20707692198427446,-1.6451558599914868
0,-1.85751233072377,-8.540745414446011
1,-1.0175518350278459,0.5854374677781813
0,2.0862612606068818,-12.645008963010778
0,-4.904554604333437,-7.316835002915012
1,4.732274708486216,-1.6036983233837496
1,3.911752965116612,-0.1902188110262557
1,-1.9798620195913887,-4.131386925042417
1,1.6069369644347742,-0.6866149787609128
1,7.396187967479049,-8.996180993681612
1,5.105943418598674,-2.120530126581276
1,2.1233301920884418,-0.05216397174676501
0,7.21645452999339,-13.339554478350566
1,-3.936398564814911,-0.3868298329799167
0,-4.826921059258816,-4.709773386660325
0,-2.9219491270175024,-9.062677330830473
0,3.825766761221829,-13.456530081163189
1,6.226471990626651,-5.9993788036591384
1,1.0335061146994151,-4.279136653513547
0,3.0376201241129137,-7.792581440790534
0,-4.584495132111122,-8.269179140008823
1,-3.6460103476805164,-3.989602769891469
1,-1.5475991665545896,3.2452092038818283
1,7.520279891723929,-2.837734149771654
1,2.644961747342004,3.7368141622079065
1,6.421964117292602,-0.2287409151534803
0,-1.6097314356021837,-7.420297493874625
0,-3.182265279347884,-5.231333715487256
1,7.865159309954112,2.4187171542085966
0,-4.343107923727433,-13.546574792770887
1,6.580927357715727,-4.330937696923266
1,-3.1973415650816133,-1.8742411474765641
0,3.019124491017479,-11.80245907694359
0,-2.365596731033327,-12.918596642361354
0,-3.0619533658180127,-11.618497852644868
1,-3.2946919053562147,-1.661591373563894
0,-5.307003580345052,-12.166616925532105
0,-4.121569066903973,-8.302259822753587
0,-1.8174956480728264,-9.408851864300491
1,4.507513148053828,3.96441017964581
1,1.4756909308031414,2.995648922450957
0,-0.4474584302350948,-12.07971595755116
0,-0.2771663874222776,-8.66970007853552
1,0.9076974720484934,-2.1732138155043828
1,0.4547030681337141,2.832889217400861
1,6.386707512191317,-1.36440328700845
0,0.8555887731036877,-11.629628927339775
1,-0.44180866511313255,-1.3207722907788746
0,-2.011602712247764,-12.12821460421843
1,6.710578405148794,-1.237085423320197
1,2.613869972891361,0.26498030096049874
1,5.69904452616866,-5.297738032921579
1,6.336635519732161,2.4955421926198973
1,-2.1982846640530607,-3.0641835237657027
1,1.3721764034865682,-4.316975975265756
1,7.127283315503869,-8.506603351525477
1,7.768075695284067,2.238361866476179
1,0.4221204405890369,0.7141587451269906
1,4.766657920481968,-1.7978905468666184
0,-1.5223255486358402,-10.46388214722283
1,3.4013877547206146,1.173519335219515
1,-5.772460958516826,-2.429539244446783
1,0.20022234471097453,2.165579592285706
0,-1.4993789680411265,-5.464673379254808
0,1.2067394564926088,-11.472088615321047
1,3.9804922377846896,0.948574212177272
0,-5.189270123452356,-8.75500123033575
1,-5.467374458509189,3.217793884388364
1,3.3403634898535297,3.3556075501860683
1,1.4409198966383094,0.4372334301210508
0,-0.7582042256836399,-7.631257413692462
1,-0.7042505605281422,-2.1584815929242933
1,-0.9676558856968692,2.206614128876062
0,7.765848110702173,-13.452322723933893
0,-3.289273934365049,-11.979500133427052
0,-5.406903340719794,-9.900662119748844
1,0.2551064851671363,1.065826575196308
0,-2.8944635728600545,-5.108985398080378
1,7.014662352254563,-1.9901352778398511
1,5.173106276583965,-4.082108536661249
1,7.7265304237688195,-3.404081215733465
0,-5.362850004523718,-10.436309601083693
1,-0.3331691945999289,-3.1770108936720263
1,4.807032143725439,-6.564449733730048
1,3.940816270219642,0.21765105596425016
1,-1.5583572385002409,3.626864320644735
1,3.095190933301698,1.8579650941503625
1,1.783127643320494,-0.6511440712581731
1,4.787616862629115,2.348470826222421
1,-3.895103403800816,-3.950898364953528
1,-0.002700816518012239,2.6168623811273264
1,-4.528674280514012,3.686329996256429
0,6.256318537306147,-12.671126931843526
1,0.8735293975666423,-1.0839289961745333
1,4.334121639674791,2.316894254282573
0,5.1981160981523535,-8.40325315380639
1,0.9780870020743332,-1.3678562671546268
0,-4.06188422089908,-10.508165643196447
0,0.7345942735382165,-8.631575623300769
1,6.075829496977329,-3.447008212628877
1,-1.118687231942852,1.2789944608793815
1,5.268298279759344,3.9703877877868514
1,5.862307636672287,-6.539782373497767
1,-4.215015655220162,1.131536347608602
0,-5.163389148554486,-7.695118267792624
1,6.876331730797832,3.2937965220118137
1,2.967904309297058,-1.6043302942931559
0,-5.405637157842685,-4.739353860388139
0,1.6561545032887768,-7.878186569766
0,-5.03964431344562,-9.879663204960908
0,-0.9882248839432516,-6.1674442427060665
1,2.272974157469969,-0.9969526634317454
0,-1.5531537741647536,-8.078832321458304
0,-5.724317001868148,-13.264252518307671
1,-2.39049627968049,-0.6755900418507803
1,2.7963936252347708,-0.14379762779897476
1,4.764872107007504,1.4182144180474232
1,4.084469723816369,3.622196542014812
1,6.5835530702254434,-3.439091007981784
0,2.2342073868764043,-13.383193273659868
0,7.97937208791696,-11.631632047409447
1,4.364860752842288,0.7782735122375595
0,-0.7772365897271545,-10.45666301602435
1,-4.6173615849322305,-0.5250918950676002
1,0.3371494088797391,-1.1530803379795582
0,6.815707083925207,-11.36149274928098
1,6.868394010133194,-6.590723728848141
1,-1.726261861437953,2.975120690850023
0,7.8691236964895905,-10.419940080185931
0,3.1957368573277662,-12.083084352120911
1,3.1127960540050807,0.8916380999652951
1,3.5829796513369465,-6.488003442873278
0,-0.6370709661072258,-6.923796525978492
1,2.255965451900924,1.86821086130492
0,7.006926201762751,-13.036466836268275
0,-3.4572864749603633,-11.979962315090807
0,-3.2933150292632036,-7.761059409034908
1,1.0914435567167329,-2.669697913835261
1,4.24999106795582,2.022007744944528
1,7.847238121217071,-2.068583385971843
1,5.8351032613486815,0.004699244644580602
1,-1.6945514509380324,1.7624608642286148
0,-5.401316068730817,-13.993387812473758
0,-2.1677431885615013,-5.682244466705903
0,2.9370805300094838,-12.168135202198195
1,3.42214187368776,0.43268560707450204
0,-3.405619125888865,-6.527745413027711
0,1.2797898593463373,-5.867473674479348
1,5.197619032438588,3.2894031661479564
0,5.185344296114518,-12.596129278235153
0,5.269098010227778,-12.801266019760076
0,-2.69641460661802,-11.24425585695699
0,-3.2347325041548043,-4.490327712967688
1,3.40365800655195,-5.534216917951262
0,7.43573894640941,-9.674738239457
1,4.683963223567101,1.663279213128673
1,1.868925550566068,-5.787994964692043
0,2.34658225490941,-6.281424137113827
0,1.7727143525271716,-6.495188861681571
1,-0.39342405588212337,-1.4837635734884635
0,-4.700083017048449,-11.002242690881223
1,5.916778604010055,-0.12060775732661533
0,-2.0596478178784867,-7.209159212016317
1,6.964371092798728,0.7253900531295034
0,2.6008481997148323,-10.01317678154676
0,-5.380472401586227,-6.237358756845832
1,3.4167799496044666,0.9126488293213272
0,5.9376460803917706,-13.41003377671946
0,-2.5818015262836886,-7.896297407406745
1,-3.357749046568598,0.453556810549081
1,4.744520683189196,-4.697005273142526
0,7.760970691941978,-11.40694626036484
0,6.595123846587365,-11.90366142508551
1,-3.71545612280231,-1.4680543954888616
1,-4.46602431141635,-3.814788282463205
1,-0.11673048938284936,-0.8874686202617319
1,6.6094533433241125,-0.14231273595700422
0,5.8956582698966375,-13.406981926437814
1,-1.6572630245811562,-4.722204439646016
0,-0.17665359518308765,-9.837410846365607
1,-1.6897626285596736,3.0177574670489022
0,-1.8814676818010785,-7.629726016763858
1,-5.948063167499738,1.2113972910017416
0,-3.8322301523779267,-10.325403040752931
1,-2.4262967607116424,1.923197023207168
1,-3.109680242551594,0.3554744956229179
1,5.3126907645206645,2.686370238155124
0,-4.382141609595605,-10.088978497919037
0,4.400576089130098,-10.471986422946696
0,-1.9913863437717136,-10.998651557995473
0,-3.58224639382931,-5.332039616692297
0,-4.464437130418581,-8.209442867654799
0,-0.027685265615693844,-13.558133902568406
0,-0.5633356693576639,-12.305796150460695
1,0.9100994360464734,0.8632873940277346
0,5.457910270545021,-12.551926720326788
1,2.4171886074432827,1.0225548754822569
1,-2.668384398915105,-0.2853227939072163
1,6.470700850301307,0.5102347259279938
0,-4.497785558782937,-13.83692000859707
0,-3.315862461094161,-9.13140786296078
0,2.6265618686234333,-7.083082845638268
0,3.847698429260628,-7.644650710611045
0,-3.838044054835596,-8.371582817251369
1,6.380539169447888,3.253582196411166
1,-3.0948217230568416,0.19243096643994306
1,-2.17311768844181,1.968367781765336
1,-3.682361420852424,-2.012721463506976
1,-4.821042294015445,3.530079831529651
1,3.8088668249676,1.1526833092915345
1,1.9333707510824836,-5.417575449280517
1,2.706353479521111,-4.482652789409935
1,0.5713809720321414,-0.3298954737624307
0,-3.505186630850246,-10.918903133207149
0,0.04579710909588641,-8.226537511190973
1,-4.962256749217662,1.2004688635372194
1,4.802439293720896,-4.209413003546274
0,7.710543521701165,-12.693198802143106
0,4.733370214390249,-9.205332951036258
0,-0.8396151207899445,-10.052971066344783
0,5.046530480466113,-11.403678163611813
1,5.760233768293892,-2.0916023318629904
1,-5.1736745662323935,0.597671168802762
1,2.7885800262817124,2.2896817524101465
1,4.482112289720936,-3.8998233062640537
0,5.7116605286687685,-8.995095710578001
0,1.6573008658238908,-8.714897243538617
0,7.5548614752671215,-9.928466584843887
0,-5.779664644613526,-8.134612843931668
0,1.035131557577266,-13.489467183858647
1,1.8294762004747032,1.7370899491221437
1,3.8662507218333815,-2.786570186390524
1,7.383464509915518,3.249028009157904
1,5.5397305758452,-3.060646747054681
0,0.8287038329678937,-13.760309961563587
1,2.487666687171579,3.8035853564233655
1,5.453414700336406,-7.8691164100816655
1,-3.871341649378092,0.11305506040877412
1,4.415129488844381,3.406842255627815
1,6.247793067150742,-3.998072745096668
0,-4.58202054249361,-5.296988149088719
0,-1.6082692436875616,-4.776647323552883
1,-1.776177955044855,1.5128138555607242
0,5.820578195759512,-8.321627170992992
0,2.394138849235929,-6.256744562497027
0,6.727298598399884,-10.62750377432619
1,3.7681976249894302,3.4667559010698987
0,-3.546142726116737,-10.364604288364342
1,3.71212674141119,0.02477064144845187
1,0.8676867671150585,-3.0256436273518155
0,-3.0224462766343976,-5.420943885788129
0,-4.4309936677511885,-8.214405345038035
0,-2.01308412956664,-5.996743518156439
0,7.021769071411757,-10.737182081338837
1,-0.380564547253913,-2.9192500560263968
0,7.251799205036024,-11.603332552356171
0,6.85027263790359,-12.541031804586892
0,0.7303795602437022,-5.8173823898513115
0,-3.0655617957192622,-7.745725973914745
1,0.3583137568775729,1.5738063323913265
1,7.370898035229838,-4.659337784531027
1,6.1813970641219065,-3.05291145781797
0,-1.112777212172544,-10.504504262957557
1,-0.21611319504129245,-4.58916290737074
0,-5.377792564366215,-11.374859014324686
0,2.4025819357401605,-9.949971295811082
0,5.722569265138164,-8.115039504064569
0,-4.532321098454489,-12.496449406004293
0,7.119722287444914,-11.875634397646177
1,-4.0272633017311605,1.527989042789553
1,-2.439966176117184,-2.0128746064205103
1,5.434159618418479,-3.070748477656542
1,7.404839608269893,-1.2401078133048564
1,-4.421478861348783,-3.9486195221741625
1,4.054611365248574,0.4352303267220137
1,-5.631501306022718,-1.0601795251143606
1,5.559531494272291,-0.5569914031635825
0,1.1728880391783731,-5.755622664401548
1,1.6918601661974222,-1.3164134211211636
1,6.920800068854796,-2.8933662084597493
1,6.429680287968575,-1.3773767459769068
0,-5.043290715856133,-4.985092579970807
0,-1.9891911235866075,-8.8668512936137
0,-1.0170142829762217,-8.334810103991437
1,2.100539721639402,-1.695172993635973
0,-2.237508580925704,-11.664272793769136
1,-5.176677906917531,-3.636448789450061
0,-3.3941776713379666,-13.833536103973412
1,6.988543110531857,-4.331472456501668
1,-4.705725476542382,1.1725800182947363
1,7.764838336061653,-5.925188083681091
0,-5.405145484665786,-11.884173066390858
1,-0.6568475469639496,1.9394074740797864
1,-3.927458490111332,0.8318216920485195
0,-5.790332356933727,-5.767003421855401
0,3.021559973307953,-12.913169323539266
1,2.6066785086308126,2.999274186452009
1,-3.756361118087669,-0.8669951053636495
0,2.527314571209608,-10.66790500017385
0,-5.913152194068877,-13.832879890893311
1,1.4492937284084002,2.9700293721014823
1,3.0201807845185726,-1.1426027667126135
1,0.9141168168875192,-3.525999032577744
1,-4.230854645371552,1.7827711672113544
1,4.6510968013352265,3.9675811512029715
0,-1.8318787342213008,-9.913680107670961
1,-4.247736788541199,3.3557756190888064
0,4.93239258479233,-11.006156953046503
0,1.7376105955149947,-6.552172254789017
0,-3.8791958907133006,-11.082686269460623
1,7.4885799264326,-8.510644706761001
0,7.180150083575205,-12.63900788482848
0,0.4512425921046681,-11.666857126698318
1,-5.93297660662359,-4.032210673290622
1,-4.405482532640912,-1.003558443193766
0,3.7736292598965946,-10.826007665639196
1,7.1843900057172325,-1.0212186482151877
1,-1.8284163018029809,-1.2337922488857682
0,4.247023887541504,-7.839926037482709
0,-0.7417601255395709,-7.536082862240598
1,2.632658209729037,2.207382637723228
1,-3.575294692799773,1.7535929770537315
1,-5.612855808925206,-2.113905272391996
1,-0.19785577534428175,0.2430679401848881
1,4.096773581032641,-5.358059471386689
1,3.0140965141163534,-4.968083647400986
1,5.361258588706365,-5.430488252571823
0,1.324183859889061,-9.490629444490787
0,2.4706022353466133,-8.54771344394297
0,2.081976203601748,-10.945793919666743
0,-3.7674327072237768,-6.4934646585441165
0,-0.0245267884524285,-9.174033231574297
0,-4.157644094866339,-13.294210294149853
0,-5.646754417970574,-9.11209477988344
1,0.4659481902671203,-0.9276209364897134
1,0.6482038099961258,2.2729147498350706
0,-5.5069227359443005,-10.748108812268582
1,-1.2607971012180028,-3.605068614827795
1,5.938306210515194,-7.696364864781624
0,-2.2481584449381184,-12.885994960827874
1,5.498248687773458,-7.166004022279779
1,2.00170273583708,3.703997527081967
0,-5.977676011539876,-11.38189746742041
1,4.9075539162709765,0.4922947337410815
1,4.769459666458577,-4.334019961229074
1,7.703997734322785,-6.868677920084231
0,2.427211773583572,-12.85935791812073
1,-0.26199570129725736,-0.9949984248214035
1,-2.6576562292102097,2.988896603316672
0,3.6149671470060474,-8.823643108563715
0,4.765984917881989,-12.503034107454035
0,7.646841915146392,-13.112865336675947
0,7.068382476082058,-9.448630200531296
0,4.609537507672466,-13.998673410204091
1,-2.440638751485604,-0.5161890803050415
0,1.452704992562512,-11.930861306531932
0,-0.4891835582781461,-7.240111608478234
1,1.954271418533298,-1.97641269571608
1,5.771623393771501,-5.049834854407292
0,-0.5116959577276186,-11.40842238628313
1,5.267521509856112,-1.1593327025379203
1,-0.2785164356344048,-4.66821842103195
0,3.312559821766444,-11.033499382744319
0,-5.619230878289117,-8.284933414639664
1,2.3381902749062835,-5.241090356933744
1,3.6957647760837786,0.7544165003416339
0,0.8381945342238629,-11.583193573079155
1,5.9087919971855225,-3.6501741090659423
1,4.35912473096019,-1.3160362350507526
1,7.554964798637384,-8.684468197955349
0,3.8742948189096675,-7.417826003733469
0,-0.464249907139016,-9.849296540143014
1,-1.1838575408880452,3.0693415298487348
0,-1.9040081427335869,-9.57216909278144
0,2.163931698633508,-9.355352778648415
1,0.6274001583201301,1.0151726180122649
0,-2.7743955996995417,-6.319554580689441
1,2.546856290280447,-4.178679357677263
1,7.646125323813322,-1.75333542088649
1,4.359247388678158,3.4052070634012
0,-0.1978676468007059,-7.603163328901077
0,-5.385925983270644,-10.684322482661115
0,-2.6793451512765376,-10.696919592715908
1,4.5669745047519035,-4.3541063370299895
1,3.3468732204185425,0.7683188951087256
0,-2.7691648219974745,-8.133369083213015
1,3.917043738512355,-6.930338973719491
0,-5.590206838585382,-6.170806057516197
1,6.715823209815799,-6.637612791328255
1,-1.3485151698015416,3.811451493010488
0,3.021817899318185,-7.412035523518744
1,-4.571726560906698,0.1812900090355818
1,3.913049068828607,2.594484386474168
0,-2.958141179607884,-11.931361700211825
0,4.137015369726891,-10.338874844023481
0,-3.5345462709470543,-8.243467962870703
1,5.4355519806981265,-4.288341108026646
0,-5.358095028568067,-5.649895856132289
1,3.5757145591306525,-4.309368107557717
0,2.0143030541917835,-9.954008088932037
1,5.868350642334873,-3.894823083359766
1,3.985444182569472,3.6735559062394474
1,-0.005218792556550334,1.859199028177153
0,-5.89806580482425,-13.398668732927838
0,2.2639189042034378,-8.393910880240389
0,-2.524128061724197,-8.997163570238746
1,-1.5423589154517743,-0.8789414694183879
1,1.968743611233224,0.2026475060680024
1,5.622752117690727,1.172827467423078
0,-0.19498191155157407,-6.417078866304605
1,6.967722321968175,-2.088255297120611
0,-4.873459424292056,-4.2406348263355715
1,-1.015898365111302,3.7738298148945373
1,-5.808824309527904,-2.9807442847299552
0,4.1307233215840125,-8.799678115567605
1,7.63098125559145,1.4716592863908031
0,6.819139773801375,-13.653822931672128
0,1.9782101184073253,-8.696295644818159
1,5.8864008890992805,-2.6087061755306755
0,1.544278060495536,-11.937412945839098
1,1.5631192670066714,-2.62572536558432
1,7.3827723303428625,-3.469081812370348
1,7.543608424439162,3.3089100809199192
1,3.1028047016703653,-4.893656285874403
1,0.5243044135646908,2.0268141000840885
0,-5.604406438395404,-11.951452435575712
1,-4.570995792331874,-0.3751641478210139
1,-1.2448856660645138,-2.516566194667382
0,2.452960653795918,-7.055096544634432
1,1.4419481113935797,-2.387506395710119
1,7.173304618293938,-3.6385866885023344
0,2.6011451647563995,-12.77859528133204
1,7.331021406641568,-4.494525297631048
0,5.217827878038905,-13.094760863346995
0,-0.10725809968072576,-9.374441735251374
1,-2.2623374183597407,0.2461671392967304
1,2.7341341537639505,-6.084584386828736
1,-5.851799645790492,3.3687029730195377
0,7.468325546980133,-10.084060214959306
0,-5.421150787568205,-4.456411465785761
1,7.319751404629706,2.3871252237688303
0,2.1852800944515534,-8.536120688233273
1,-1.3805476272312562,2.162443926748498
0,0.8849764988980766,-11.63990787859138
0,-2.5220433363694976,-9.017691773585018
0,-4.2703464109532705,-5.665201132616756
1,6.8247127158498735,-1.9619142261393032
0,-4.985365060516013,-13.90109327943507
0,-2.1325326554304387,-7.471527173709072
1,4.874495366654862,3.4060994307466004
1,-0.5740595720703894,-1.6395794632964993
1,7.928626702941487,-0.5780014902497417
0,2.906653687201823,-12.594652624790525
1,-1.4749871832737769,2.4410588522288243
1,-3.1859232564673197,1.1846264669177469
0,3.748531591127076,-7.406161325046416
1,1.4084397759771925,-4.2294835624493565
1,3.9967529910344073,-4.70199306021447
1,-4.1369361374216735,-0.07781591260557262
1,-0.3121850433143374,3.335690023814692
0,-2.030807047897519,-9.264581954661477
1,-1.330896460547443,-3.6982937127447415
0,6.528176362813753,-10.826930477479737
1,-2.084496833610917,-3.5297628233384866
0,0.3606793902612111,-5.948188029396943
1,5.490279669349692,2.6298094452045007
1,0.7382975249783463,-1.6276676819490719
1,5.214821954383514,-4.66940461303105
1,-1.8795702746477048,-2.514477240998893
1,2.1915274042848285,2.2281307553129857
1,-5.266301485222017,2.382364968402402
0,1.4820483943150349,-13.717829911101552
1,-1.1741694972509666,-0.9619958502442448
1,0.8380632311016614,3.642862673937863
0,-0.08345896636532046,-8.12056586673186
1,5.503407082013954,-4.137679411555435
1,3.552572106875825,0.5026420846961948
1,3.399985645758683,-6.396665094164038
1,-4.252849729479791,-3.55553300171659
1,6.564066574209633,-6.459936322668531
1,6.750153287799767,-4.936499243916764
1,2.691781874194671,0.993792569001572
0,1.9043595349701012,-12.362551892679855
0,7.733711611205533,-9.574712565568994
1,3.9470746008227806,-4.907958104880702
0,0.7028169154479134,-9.609065260395957
0,4.110110719801456,-11.969811233042225
1,7.866346331060793,1.216723667929669
0,1.483125160081089,-6.35804679095583
0,-1.989495145561853,-4.971353523066185
0,6.311844468338353,-9.049884787387695
0,1.0075244232439031,-9.778101762793444
0,-1.279912408690679,-10.575310839380014
1,7.86754871489663,-3.7130459636758
0,4.259411736513737,-12.231501557863341
1,-0.8743542989595792,2.067516454851788
0,-4.8178634300647305,-11.021301889886963
1,2.755846544916361,-2.7897981061239463
1,5.735178622355014,2.838869749685585
0,-4.012189344046306,-9.331271266514008
0,-0.01554032029441821,-13.983740860617509
0,-5.022599758564271,-9.923156997061609
0,0.7354274962213639,-9.472590712964971
1,6.273546491122673,-8.1630882402438
1,6.9447193699967995,3.5461706932247807
0,0.29806147470610256,-9.911681295812174
1,-1.9166741320779543,-0.02599373012996864
0,-2.1731040909037254,-7.149508377434878
1,0.7000620187458972,-3.6479999035402852
0,7.945406164217332,-9.820224407055337
0,-1.052068154525636,-9.267958813810802
0,-0.9444118869880552,-12.18551869589683
1,-0.9626632586253391,1.9815705663589915
0,-1.8197421301497132,-7.30517396271676
1,7.2226383021310845,-0.8891780661163722
1,1.2343420074526763,-0.010530888738070844
0,-4.275484916036945,-5.639173642024838
0,-4.344694197697872,-9.79487338964756
0,-4.01385836363638,-7.487577694955492
1,-0.6570495144570376,3.0515544729983373
0,-2.3022397633745904,-5.496280784302696
1,5.359311655488813,0.6811165558599104
0,4.504804618490284,-8.818992281478687
0,0.9296026717589988,-10.648191286638982
0,-3.3624066810407403,-6.1548581635104025
1,4.340291097401176,-4.521483320038918
1,6.413565091864332,0.956358359996365
1,-5.557523800514322,-3.768457228408112
1,2.528257700979003,3.3083525974014663
0,-5.6746872260759345,-4.440132122564679
0,-3.1330609328980668,-13.034067686751394
1,2.224839346244126,-0.09312541460955437
0,4.84811628915263,-13.454808617193676
0,-0.3027503961977489,-13.19882671132483
0,-2.5302589421292234,-10.52814735035693
0,-2.987443890609799,-7.895868547378487
1,-2.116147414296024,3.321038403896768
1,-1.0663003198686507,2.095105275273493
1,-3.4654165987070487,-0.2525563906121437
0,-5.141162495655001,-5.670297869551857
1,-5.922853836702638,0.5852337352498491
0,7.306804504528975,-13.368067325111378
1,7.073849060626402,-0.07062995315564713
1,-0.9759378969008649,2.359777922010494
0,-1.8523982024873868,-6.632684379774284
1,-4.6460423293116975,-2.1750986857974084
0,-5.585588397608193,-5.271705046417329
1,3.5646859035354734,0.7822768170839964
1,-3.90082054529673,-0.4263734075230872
1,4.067078329770414,-3.927730385843885
0,2.185024369030096,-12.357127024577991
0,2.406594605365324,-7.132600272725019
0,6.146131918783058,-8.364220128752175
0,2.0723310830893453,-6.321714805378502
0,6.267667135504383,-9.429499994194595
1,-4.8967669556675535,-0.524197022303488
1,-0.2194473632834999,-3.3962295357267536
1,-5.630549356013083,3.1379762451532365
1,6.286657283389671,-2.7703777896090056
0,-5.761582210423348,-7.196423468308223
1,7.703151528390085,-1.7360535426757764
0,-3.746169941612132,-5.7092585242189875
1,7.534328413808804,-4.37525286050132
1,-5.655396607582456,-2.844102483032401
0,-2.2029685669637624,-12.220772866215723
1,-0.3592817737534979,-3.9465842462195937
1,-5.761429947330762,-3.9371574445529447
1,1.1568440557549238,0.2903508957776815
1,-0.07030256458443951,-4.037892265942048
1,4.388130256799768,2.148625692075018
1,-0.6795159356683751,-3.1705970759033626
0,3.7245526478293454,-13.221127824040467
1,5.210647118805888,-7.206256666122911
1,3.3833451802105383,-5.510046808310918
1,3.832747997683901,-0.9620423737559792
1,-3.3180058111894573,-2.080863782843892
0,5.918528130349221,-9.759790390910453
1,4.614568578514291,-2.591147963205975
0,7.371764482615894,-9.315561608748308
0,-3.8401111127879504,-8.381821724929402
1,-2.3885771052291385,-0.3770103114767682
1,4.263530253855176,-1.9456717846039917
1,-2.970692397581171,1.5125225339036137
1,7.3920017820249875,-4.431095274044399
1,3.0912182288114014,-4.9875422176298825
0,-2.030191988563546,-8.849343128061124
0,-1.6121126817112152,-10.564699925045227
1,6.6269308568104455,1.4511664128403456
0,0.4629510584637142,-7.3894745739169325
0,7.14709699165938,-9.997277553809418
0,1.7495874325352228,-13.019033200241072
1,-3.3231692417557137,-3.1275151995288244
1,3.2705711398183763,-3.542075263881685
1,6.174419823990058,3.8812939748094446
1,4.6940657901407565,-5.6283478854123405
0,5.6750853723574375,-11.833026905011971
1,3.5657897502430167,-4.669919825838188
1,-3.507077592419942,3.5128051110438534
1,-1.2618761230975348,-2.9223786926590978
1,6.300319325349327,-4.879600809533231
1,-4.388070097529954,0.7373035182512186
1,-1.0550072611767938,3.6952036400530983
1,6.373556250223813,1.3620880002812292
1,-1.0124555144694083,-0.3716639994368176
1,7.808606882022243,-4.526210984876036
0,0.5902501693732418,-13.736015222502726
1,3.802852762289108,1.452596234833374
0,-2.53559939485438,-8.329557611936178
0,1.00947829856619,-12.702557167492694
0,-4.745005334617682,-6.420006340014544
0,-2.342934662152097,-6.691328554410168
1,0.3614081733991323,3.5729211413041284
0,7.219637481439722,-11.484857272284213
0,6.35620363225145,-12.556280078058586
0,1.1068965760485572,-11.049621798024225
1,-0.8775099650029237,-0.6198759383240358
1,-0.056923289004101825,0.5251231762840067
1,4.063419954525585,2.971110031798293
1,1.4781842882022822,0.4386631717803144
0,-1.4793005112812736,-7.776574788382438
0,-0.3928535098589237,-6.603516782634398
0,-4.554454910676356,-4.656219092026456
1,-4.644754930233642,2.015718444755752
0,-5.134173034873896,-5.905500254432441
0,-2.014283070533973,-11.212350518219377
1,4.973713671790971,-1.1312168194485377
1,-3.956729537458816,-2.6102184600864167
1,5.095772342626244,-0.080020033342036
1,-4.708085632712939,-1.6607710571760281
1,4.024334892370078,1.51899280675649
0,1.1126207441098137,-5.700307994539568
1,7.511628548872577,0.3372206032975633
0,1.8222338712908464,-8.048892716396969
1,5.8333319440491485,-5.802144989640716
0,-4.702407309785752,-5.811723091158083
1,6.2075575461020485,-5.930921355899981
1,-5.799111931635097,-2.993264169503547
1,7.941620047759581,0.7104745127292134
1,2.6413312526540706,2.459179962361929
1,5.390143543114867,-5.024491650679272
1,2.2770839957033453,-0.8367294343456422
0,5.849966295704108,-12.952824757219195
1,4.8472540002561155,-5.944938080392365
1,3.2511798442215696,-0.23660580274069964
0,1.5530269503842762,-11.146732689552817
0,-0.26662435874427537,-12.616286112457164
1,3.650209676173693,3.1667112753355013
1,5.1335393711386175,-6.983844389831862
0,2.18008094407692,-8.524387834756357
0,1.5746383937695096,-8.586915695876478
0,4.33654659518054,-9.331852856233542
1,7.4962854660745215,-2.084922820876434
0,-5.037110132426188,-13.806000256897526
0,7.958648818871406,-10.030899592115716
0,-1.6241215215995144,-10.24854774436205
1,6.993424814596553,-2.263768525964945
1,1.061408529785551,-3.962285339133734
1,-1.5497801378113776,-2.9448499574508564
0,-0.12559491163095338,-10.413893364364775
0,3.192471395938341,-7.270869753334183
1,4.990929307640263,-6.522890764828514
1,1.115799250646749,0.17439662525613284
1,0.2702933008762356,3.3919804322349627
1,5.102401340731563,0.8757472956696137
1,7.354886533852188,-7.000688680822266
1,2.121123698550392,-1.5153486656791384
1,3.42841876956883,3.1528623020983524
0,-1.963119125703317,-8.755492484732144
1,6.852061628548054,0.3875015510780724
1,-3.153007263025631,-3.7391561943301816
0,4.440692277348597,-7.645344971944835
1,0.08135151709946076,-3.642860990103927
1,0.5395198056749475,-0.4452369787574089
0,-5.916857448437023,-6.1766145609610925
1,-1.2738607453957984,-3.0350470490631167
0,4.863418186339036,-12.629387080372455
1,-3.7871637295833054,-2.0285307654434006
1,4.337634174215838,-3.412368012580963
1,7.7592468855509695,-5.009693196081656
1,-4.091907308632989,-1.6467609133205592
1,2.4290573107271736,-3.3724134494552587
1,1.6419508934495743,2.9037227718917014
0,-4.191810444428188,-12.682448626550391
0,-3.842359628717523,-9.590176221710893
1,2.3012484721105686,-2.9763455162587817
0,-2.7435737156008195,-5.1939410124031244
0,0.7488659387482874,-5.8440062068659495
1,5.249634128777213,-5.509524742238627
0,4.617116943386323,-11.003339627513633
1,1.4475428170243525,0.8338859691375191
0,-3.5119678251723934,-5.631400963442077
0,2.5271104245000338,-10.674057652928829
0,4.5947184827596415,-12.578067539666286
1,7.249817124708063,-5.572013104073557
0,-1.2942767908833286,-11.897473871072474
1,0.05635300295010559,-2.123527470966108
0,-4.677178092006622,-8.487156286980525
1,5.7042461588179565,-2.368741539230109
0,-3.110777833993265,-11.103623675724394
0,6.662790366812597,-8.833636015862284
1,-3.486997635419176,3.999352333766844
0,-1.671314411109318,-11.754676619431455
0,0.4646068165412594,-6.181788016427323
0,6.975234661624635,-11.584310945426516
0,-4.724090314189704,-12.326383923679757
1,6.660024521511311,-5.911354796700612
1,-3.8915086058268398,-3.3110582291727684
0,1.526726979111649,-10.428678540519812
0,2.4425339519691938,-7.8758377822949805
0,-2.662809251767821,-4.812789003817494
0,-1.916910338770574,-10.001481408298162
0,6.316113716195438,-11.196273621678491
0,-2.071740318012345,-7.049509162703138
0,-2.1690636557996803,-10.207208433600147
0,4.796045358764231,-8.077709142975532
0,-4.424818592209261,-4.2638870757794765
0,-4.243161038690254,-7.564647066063298
1,6.345574671811974,-7.355098488088045
1,2.8551256400355016,-4.736740351844638
1,-4.071852159108341,-2.3167472397649664
0,5.984489957073286,-12.322175467183808
1,4.551521247817082,-1.576196932658393
0,6.1332480499600415,-12.126345221597596
1,-1.7202646884464965,-1.5027532299252648
1,-5.691748295586897,-0.7866378008512047
1,6.011700106015693,-5.840527057218366
0,0.08061864797312968,-8.987558682751413
0,-5.9292738199287776,-10.64653670000559
1,7.718097657913196,1.611149388184419
1,-2.2689350575151006,3.3474794281788363
0,-0.8520233766539977,-8.643463254478759
1,-3.860693103701608,2.228999251192132
1,7.81789487493603,-8.106594727051716
0,3.8480259270179773,-7.964538623428017
0,-4.5301296497236265,-6.9315384761181695
0,1.7219794506564643,-11.785698334823106
1,5.455818847056655,-5.04746389592079
1,-2.7186386649359786,-3.3303275862270194
0,5.105630284761629,-8.102761717064434
1,3.82066854160832,-6.298534760347628
1,7.496716363838412,-0.123078441150831
0,-1.0110873646917071,-13.680536736888282
0,3.2052785353259914,-10.43830114547266
1,-4.293691540912142,2.771976125142288
1,7.999285583008834,-9.142001229841068
0,-1.7752402696768677,-11.030199093712964
1,0.4075868630147328,1.5851876770434572
1,3.8210833297482885,1.2339680453785782
1,-2.8012568205698734,-0.8517907866473582
0,6.859372797544843,-8.934509944140974
1,3.669149610276591,-6.78816658958262
1,-1.9368269677750831,3.4532224375782903
0,-1.1191347804439022,-12.058705737307632
0,-0.5597510653153019,-5.941790762720318
1,4.530951556989331,3.098456805046048
1,5.438797773118979,2.7569436025919103
1,0.6508418196490346,-1.0523017717441852
0,-1.673305809826366,-12.747432046657677
1,-0.8833706454360906,-1.437525890090642
1,-2.1552904565273883,1.5053061215473775
0,5.070819899760624,-10.507234114677146
1,-1.3682853251287057,0.855447115883651
0,-2.584870946841808,-8.031161377991648
1,-1.1970629460767857,0.4187565008638003
0,-5.481576281529765,-12.671834303814542
0,2.098321674281125,-6.8519841620708
0,2.8603944745499064,-9.203697028771106
1,6.73415748474185,-0.30304603085978954
1,-5.051552912294456,0.11029859113061492
1,7.5741532123715185,2.963841170574515
0,4.296773172356268,-11.775312437338119
0,2.065074721766358,-8.883810880871202
1,7.582981210907461,-1.0852569434910322
1,2.5507182570238687,-1.4884152331149283
0,0.1317078075355269,-7.29073847412308
1,7.101194112159499,-8.025311573731639
0,-5.41989415574193,-6.784877225219767
1,5.064764936703412,-2.327569555119449
0,7.470390856690246,-12.088366382855522
1,6.761648231211368,-7.360714509546883
0,0.6360361959067724,-6.287321219193781
0,-4.36966806470582,-9.539663796946602
0,4.391801969217088,-13.585864246777485
0,-4.125571158592157,-13.546216961755698
1,6.003432802529688,-2.888153099927965
1,-3.620998730340176,-0.1620999850324356
1,7.535208364321753,2.8220867415403283
0,6.9016656693703125,-13.859416122696624
0,2.246188845793899,-9.380612900497471
0,1.9050610003380228,-8.275454795110017
0,-3.8486684011834233,-5.999112979549759
1,0.931348580469228,3.815779123257244
0,-5.406569622060438,-8.579206419849022
1,5.926513831236518,-2.12548103373123
1,5.5735624458425415,-2.114763465924
1,4.633508328045861,-5.127408500052969
1,-3.131712299433635,0.5800694950695977
0,1.949489165295568,-11.488906511837065
1,5.2685163761921245,3.254546386526407
0,-1.1537057832014783,-8.716779462444016
1,-4.8551475050940756,-2.039157923910519
0,7.425462658950955,-11.552131580151062
0,0.7922348384704172,-12.23171267624154
1,-5.5224613480625795,-2.038981087982382
1,6.147620454808972,-7.923730349731464
0,6.26071244174139,-11.893044215281426
1,-2.668550453155333,2.228921084320934
1,1.1191385116693835,-3.0525370916535657
0,-5.4677447444048894,-11.688981617338
1,-5.218928624988056,2.2900133190940477
1,-4.112870505806741,1.294110878957582
1,-1.0855142087856562,0.4107549345840411
0,-0.8893903356055368,-9.181687285528225
0,-4.688750183353199,-8.94728136966559
1,0.6007160340419198,0.7151583801423199
1,0.33520936676177016,3.4858403488771152
0,1.5828621519675217,-13.550978663394018
1,-0.1848577973221861,-1.5998160670427524
1,-2.7199169525024534,-1.4246608847331432
0,1.051762272541227,-13.536720039503924
1,4.84094129272288,-3.9132733313466477
0,-4.845090956864693,-5.446147397679086
1,-1.9778996551535464,1.834267766582796
1,-2.0110212606985183,2.9503672775355803
0,1.6458584908595757,-8.174953228159016
1,5.389630243846082,-1.4467931894162156
1,-0.20452506025768716,-2.6668705512813244
1,4.900179696395939,1.3280402971028078
0,5.429777991996891,-11.010612405318478
0,5.597453735050198,-12.9446769400921
1,-3.1976104582920395,-2.787319038812196
1,-4.39430464374334,-3.1397432889883987
0,-1.6884803209101076,-6.269601467216329
0,-1.5878789517633072,-12.73687577843172
1,1.0106225409074527,3.3447899991079737
0,2.5649668742417795,-8.599426310891744
1,7.386097677736268,-6.993729464859908
1,3.7652482741638096,-2.5859695113960037
1,7.340751872543922,2.4628485009070644
0,-3.9279432110995622,-12.457654254870395
1,5.334992589183613,2.288977839342813
1,0.9016304549205928,-1.5662970709920483
0,-5.022964077502144,-10.043520838583506
1,-3.908733274805904,-3.179109496099388
0,-3.2344414872745,-12.922766320084689
1,-1.7690980416958502,-1.810176275948852
0,2.090092139665962,-8.046950621096556
0,5.668704261807271,-9.027156055782386
1,-2.3523330628804437,-3.920946605787412
0,0.6950189578408592,-5.9724921091935075
0,-3.81900133464306,-4.91636855060616
0,-2.3737351581437807,-6.940762112857724
1,4.269986267388488,2.8635308600684013
1,4.83408151265054,-6.698589896781253
1,2.3024639506026947,-0.5630393142373293
0,-0.20090529865751885,-7.51553314137858
1,-4.1065938566179145,-0.7473055734342395
0,5.739120271306748,-8.301480601460849
1,4.969108718995495,-3.0161649499342253
1,4.977162649645416,-6.595927103306041
1,4.466069091094493,-6.646835877842733
1,-4.757388204127659,-4.089579473571007
0,0.3606021694410391,-9.448162030371613
1,6.489586689534768,-7.108640500351979
0,-5.452234439948062,-7.121556676353373
1,-0.05686268939482364,1.5094790174948771
0,5.188564913470609,-10.400601453657364
0,5.746409163424191,-9.537309891434028
0,-1.2129219256998978,-12.617267828405154
1,-5.225011616118906,-1.7445178253995266
1,6.926775183304263,-5.125696623719083
1,5.8173119674201645,0.2875224944677601
1,3.3055021273386096,3.6081207601200127
0,5.230630892269405,-9.052800904143293
1,5.046199447095511,-1.5320903668897348
0,-0.4067137470910769,-12.61764553591193
1,-2.9989665853466043,0.35028204958038955
1,-2.5212059660953114,3.961443694420264
1,3.7158339598396246,-5.409995347083059
1,1.98611366296698,-3.0042909762541488
0,7.565227480456724,-11.08865849663265
1,-2.186458762749436,-1.2273611365176151
1,-2.641988235990082,1.683348919636904
0,-1.148521540786339,-10.744890801515256
1,-5.333309348102541,-3.2792892742768998
0,5.5539506537637235,-9.071723999321758
1,6.845552807623483,-0.3607831378759148
1,-5.141790445017014,-3.692606059854501
0,1.94417316455372,-10.357298511152356
0,-1.316378698679899,-5.750979915492279
0,-5.326910502676142,-11.304024632854018
0,-3.703938552452178,-7.173756419784963
1,4.463004421472126,0.9634658637506596
1,-3.720113355761456,-0.4656913518781423
1,3.3899394174343715,2.0323730544498098
0,7.563077555232406,-11.759709041421061
1,-4.870565940108566,0.3951423211361682
0,-3.729607776797982,-10.497658563370276
1,6.3485029153615775,2.9013681478454494
1,-1.541402585078364,1.1590258078838909
1,6.023996733891113,-3.1029713509633474
1,1.9252382728840292,-3.6349086335790246
1,-1.7819513730018803,-2.860393299098167
0,-2.589876204480019,-10.802618778639042
1,-0.21869363806391107,-1.2959523862801667
1,2.6999876229204998,3.367877428114647
0,3.050382759120115,-11.456347103673432
0,-3.7429450139047473,-12.32479147859902
1,-3.3235672900418187,-3.2368837877758203
1,5.736010650207414,2.0896177372142333
1,-0.3993855864093208,-3.9455054854298286
0,5.328794290111388,-8.382730618486956
0,2.339366062141732,-10.866514801034016
0,0.6715647672533258,-10.88469931345757
0,0.4739694641880377,-6.857245548183568
0,0.06570752900690646,-9.613179930082675
0,-4.095393206700913,-9.038024097442056
1,-2.645879450585272,-0.7826683534799059
1,4.037651021741644,-3.4793061122430977
1,-4.721326825637148,-3.8072866229594062
0,-4.890681636831631,-13.67288565302772
0,-1.0636543880728198,-9.67019145684981
1,2.3250675400625958,2.7155647852530467
1,4.077928388796689,-0.18750448452223267
1,7.3125035451887195,-2.586360543861783
1,2.088233179737559,-3.166376432851248
1,6.121273591944523,-7.014217366274267
1,5.1347071554320545,-2.2593751704110936
0,-1.735998289052512,-13.75360860228635
1,-3.0611201387831204,-1.4002022367165008
0,2.1156643364332868,-9.05729540323485
1,0.08023459961433588,-2.099322219534564
0,-4.220794033141442,-6.2189675446781045
1,-0.1672609902522879,-4.233181637835669
0,1.3067915230589309,-7.3809196687787075
0,4.678270803375648,-12.789877280158153
0,-5.502461384519156,-6.435331887229244
0,6.5537195023914006,-9.003751690465958
1,-3.587669454232856,2.707751097928771
0,-3.6448744358440166,-7.252870339156541
0,4.206217144710891,-9.303367847403168
0,-2.7821066108884622,-6.841989789232025
1,5.023107404355553,2.3977003569251143
0,-5.561904609263167,-11.028053707305435
1,7.420418048056708,-3.32975675211857
1,1.7197437681534762,0.643786227111903
0,-5.443033827601774,-13.750947478886454
1,7.544916695822287,0.9142723403082602
0,4.463344941815762,-11.1973861373924
1,0.6724549226056409,2.871283694185255
0,7.0703943387353645,-13.833552074368482
0,4.534879726086203,-13.887720203959214
1,7.780224187387791,-6.494590364077427
1,7.629262611721397,-7.380557437448525
0,-1.8953779319721,-8.306744650977112
0,4.229506932940262,-10.405888989256454
1,6.096807685097111,-3.369691514718637
1,7.578754363289776,3.7675282627506768
1,-3.407451981769965,3.204076964368319
0,-5.3484611906914274,-13.498452965784097
1,7.214104082599728,3.3231412740998816
0,-3.9385325825921447,-6.036515322998034
1,0.9172953918345552,1.4850622573294796
1,2.7908414047463665,-0.05780436437092185
1,0.7913558360380737,-2.328553359647092
1,4.295731040362021,-0.7181368894885765
0,-5.975670425014586,-12.201654672858911
0,-0.9087538245381764,-12.898445952136248
0,-0.6381441668519621,-6.987796727500539
1,6.883269521888355,-3.792706611895565
1,3.888917927471216,1.9695762775521108
0,0.1898104890904424,-13.96468139724712
1,-2.005295655244208,0.6548566006747638
1,6.625776377201048,-7.672827539872022
1,-1.8841224582933231,2.641093799237201
1,-1.0849676962410797,-2.259586614620151
0,-2.0756707092921127,-12.237461621766654
1,1.0173083650041883,2.618173068127017
0,2.66097055498227,-10.241120753892783
1,3.5540140271465823,-0.16949940624261473
1,-1.5093521331905766,-3.934230774241305
0,3.5473438405425157,-11.113643383151212
1,7.497413156814474,-5.877464693902847
0,7.715301466608928,-10.587670414799089
0,0.7728296483350219,-11.014634233834922
0,-5.8574684866248585,-9.71824689364635
0,-0.35537728104683275,-6.2396467209637585
1,6.411072171458863,-2.557809250144846
1,0.08218317305942248,3.783958592976632
0,2.5991406427736004,-8.19206663027051
1,3.678352336951125,-5.0774013917059095
1,6.3363477169544105,2.1372027171397825
1,-0.8570943983036257,-3.877897084517405
1,-2.279171783351724,-2.7205384686341
1,7.8928574724754474,0.9865933207993098
0,-0.8702613957604459,-12.283153664117133
1,7.5335478232292,-6.987473983801036
0,-1.892667494264588,-8.305962927699785
1,0.8589271329438546,3.2215251774820115
1,7.812712498668881,-8.669718907656879
1,-1.0794380915352093,-4.787481918811333
0,-5.885377959183698,-10.852941861606038
0,7.104826287067291,-13.4701657328955
0,-4.586332083912387,-6.428353693393063
0,4.240303488226168,-9.160191852973727
0,-1.7164817322455264,-8.501486357761037
0,6.21642697455049,-9.930243087906476
1,1.8736255641846649,3.998760646338692
0,4.198516928502254,-7.945688204655332
1,4.7164255846537335,3.1704827329409615
1,-0.7704706998638198,-1.2557976787520495
1,-4.938740316328552,2.1153430615745528
0,-4.652405855259632,-7.2873482672912955
0,1.5950818000712994,-9.25560243589606
1,3.089770563820487,-4.020282906936593
0,4.0405933641734855,-7.625491427801106
1,1.6441944551374268,0.6193372032621216
1,5.349748844020379,-1.1436804526661322
1,1.5871024546097114,-1.881300186059084
0,-4.783675938431289,-5.516290387206813
1,6.042009004265085,-3.0674332089204377
0,7.183563481551259,-9.280786616706543
1,-4.651774770449143,-2.720958159130042
1,-4.727036982514674,0.07843654163948699
1,-2.4056062859131986,-4.3024665480141815
1,5.359278564222574,0.18463663660540064
1,0.94365037910892,3.56523543967851
0,0.966864199271769,-8.981754499561003
1,-1.7659625762763849,-0.6144309702091366
0,0.11949854446831144,-6.461807273861176
0,-5.713187666220918,-8.504993112421111
1,6.045363117782495,0.4630809680886436
0,4.4511520397572415,-13.583689039837044
0,-5.622135919956295,-8.393630730964112
1,0.6423458110538656,2.375342823752856
0,-0.6151825759224492,-8.806549948467929
1,1.9961415562659768,2.464497391894501
1,4.3409419604715005,1.4199930756275894
0,-3.4492329710775387,-11.738039984351735
1,1.6169958716445008,-1.4473251370895002
1,7.369832674275445,-7.31238064778338
1,-1.1482040691482478,-4.714622637771477
1,3.589131113893924,-3.8115720119245426
0,4.1224297066563445,-7.154331131975173
0,6.070766822593383,-10.706439315488725
1,-1.5773350004034086,-0.07380205213428681
1,-1.3005884442884597,-1.9732171573397248
0,-1.9708334701785504,-10.632121836200731
1,-1.789744104655847,1.96587934668184
0,0.4523638016839682,-9.942527232711885
0,-1.4998597516893843,-13.950122780737724
0,4.581316028598401,-9.937805856209565
0,2.3708945637870333,-13.548028312811425
0,5.682978047629246,-10.625994434545607
0,-5.9332427113002195,-8.578619449422341
0,6.886819663721804,-9.272944075196557
0,1.0487037336507594,-6.6698628015613215
1,-1.880510383350786,2.692364414828276
1,5.045928712752172,-0.2855603232705697
1,1.3654997427373567,0.8475101271370704
0,0.4180012149575516,-5.626588091511998
0,0.912836887788492,-9.735615945957722
0,6.931126031417858,-9.342487852186114
0,-3.225767000847489,-9.612467720031463
1,5.442929631923146,-0.16617852182548987
0,-0.02050468161504515,-13.751925716757514
0,7.660290465512401,-11.614442405173461
1,5.919917472291352,0.07101555935354398
1,7.133060943959109,-0.07882629646480233
0,-1.3607977284215993,-9.825547218544953
0,-0.7123285143101921,-10.344430930699858
1,4.074046468429311,0.8773353848939891
0,3.0501444935614717,-10.650330836436162
1,-5.47661404559896,-3.5527771965746404
0,0.4774234711145899,-10.405329292417417
1,-0.8468253689159244,-4.253607399038842
1,2.8608395718721127,-5.420412004229269
0,7.599499504295712,-13.167924791524591
1,3.214910782376577,2.3720422321808634
0,-2.68810104441485,-10.153270614755524
1,4.67125930475615,-5.245271706105752
1,7.890485093770348,-3.3957748311491813
0,6.928187068831898,-13.780210646058405
1,-3.836445313340128,-1.6804571944713869
1,-0.16947082143575545,1.0473622497216442
1,0.004573295791253429,-1.1660594656102583
0,1.9262402384684147,-11.841735788084787
1,4.051316893898454,-1.2853075757414345
1,-4.379945883014994,-3.8855937594608783
0,-1.3008997543179426,-5.7407039231760395
0,-0.08137829756913639,-12.114060723514605
0,-3.7876781919220828,-12.437444909414294
1,-3.3057418095529334,1.343998956959421
0,-5.656682910318938,-6.230889494836591
0,5.213109441843268,-12.19535231850698
1,-2.812009737774495,-0.9060852639508354
1,3.065734056306937,-3.8655709391270103
1,-3.597028567205469,0.30155821538558136
0,-4.020202433661855,-11.573637894984847
1,5.130490620246961,-7.353980098086643
0,-1.6233603770731442,-8.983903076415745
0,-1.4503905108535804,-7.869423205263107
0,3.749147710491554,-9.675280379277094
1,-1.4454296513653322,-0.028192847538809573
1,6.784108026391968,-2.968952535888219
0,-4.528344787520702,-4.251476107244788
0,2.7889042391416883,-8.347051453874945
1,5.59200522097656,0.07741859362920599
0,2.05429389408406,-11.389719390311985
1,3.763340519577284,2.116275949147397
1,-2.498584463174692,3.2563461223121486
0,4.79823355842397,-8.594211653975979
0,2.6354957375621453,-8.458737222547496
1,-4.607449734685484,0.8346760531723376
1,3.321298483126453,-2.9479882769470063
0,-4.009579670014732,-7.207211962943653
0,6.2729051200687564,-11.060519706015684
0,-5.3293595820403405,-10.559273415976843
1,-2.4974798995519043,0.10556542778590128
0,3.0739805966506384,-13.687830557483142
1,-5.757944861623247,-3.795864281599002
0,2.866094193296042,-11.742406143520027
0,2.5464701291698297,-9.673665612448277
0,-1.2859012055523396,-6.641031553081857
1,-4.373272852720085,3.335684898009191
1,7.632702350785854,-5.989969596390668
1,-2.3954693068761546,3.2547000374556028
1,5.45280355166067,-0.9638850999518241
0,0.4653650218869494,-6.609583374058902
1,4.910889811875926,-4.646953800236721
1,3.2481499434913133,-3.8085263310485855
0,3.97059570011908,-12.306109926588785
0,-0.7133047030989843,-10.992394606822428
0,-2.611385399670501,-10.385163022312746
0,1.0465121902541128,-13.658126206821466
1,7.495546428118218,-4.658651124627719
1,-5.263998801138554,-1.7230308734883335
0,-2.2355672986297286,-12.078183333408266
0,5.624251603649928,-10.437663147542164
0,-4.533440235965161,-12.975683853131025
1,4.1998084094783374,-2.205117548190177
0,-5.885212031794963,-10.013350271930534
0,3.8655484356344942,-11.261464615328858
0,2.074510963766304,-10.163183598462071
1,0.2892799873510228,1.6136151124320597
1,-1.7636500177861958,-1.6524969813458377
0,0.13593725895921693,-12.269205422573213
1,-0.9511100888747864,1.1430411942659369
1,7.622647391755193,1.211470071088094
0,-3.72880252917029,-7.780832627916476
1,5.636634220494503,-4.029873180876223
1,4.866601159601714,9.879910222210242e-05
0,-5.004769391178326,-7.836681819181583
1,0.7063010763415409,3.014044988446983
1,6.575203214224058,-6.385424307238043
0,-4.6606770151831896,-6.718238836153128
1,1.5026466569779302,2.279149445182565
0,-1.8716902600229612,-8.440445377958227
1,2.7805652836697727,-4.9065520087151775
0,-3.2578345731767087,-11.394909520833574
1,0.8529609372748528,0.029037215205047318
1,4.903637521795026,3.5644663717706346
0,-0.6419452257880742,-6.944192117415303
1,-5.974527073072591,0.9385125735188052
1,3.0527982169527093,-0.14140186282596368
1,0.5887247992272426,2.563482795535567
0,-5.592406830341998,-11.92493871071801
0,-0.7357573103989559,-12.468093653955703
1,-4.769569652488993,-3.796291771690189
1,-2.9742917260211543,-2.722366209971669
1,7.011597510033614,0.8298797746563249
0,-2.521974574246684,-12.386067329996186
1,7.3026945550228834,3.900926764719848
0,-0.7570714074874907,-5.707809299433901
1,-3.9653287413790688,-1.2167457300017368
1,-0.09432950406022744,0.4542726145793683
0,2.0821539599439856,-13.22989143500059
1,-1.3106364329496358,0.554731072062765
1,3.633594339374975,-2.614424947179522
1,3.4150649924250938,-3.1093362387752315
1,2.9757405722260426,-2.8324201164643235
1,1.4679911530652159,-0.3605517423065656
0,-0.8271041107027529,-5.445709904470972
0,-0.3797062031243419,-10.234211159805305
0,-1.4935545250016196,-13.009728603021786
0,-1.4426131250834489,-6.969504327203675
0,-4.692622632916466,-10.03180766518226
0,-2.5064155358002265,-9.905536252243602
0,-1.096896178664711,-11.39223010874047
0,4.241018995822291,-7.832212604280442
1,-4.286886723696228,-3.3152039361179066
0,-3.484925548356082,-12.95498622780151
0,-3.7139100116536,-6.440093383115447
1,3.709125606984101,-2.452984074117317
1,-5.9271162889624485,0.2792317452535489
1,-1.3003711015250827,-1.7651175627997429
0,-5.542575596102941,-6.911811619298407
1,-5.725452981532558,0.6942196326120733
1,-3.3824594727736987,-1.8581376646563488
0,-2.121073721834439,-11.56367994192234
1,7.024134746652073,-3.2895569158408016
1,6.468834662184506,-8.481210770288495
1,5.6176946714975236,2.9502820013130844
1,-0.4674264249849651,2.274358921572045
0,-1.3087996024924609,-8.15720001570876
1,7.94025741073134,3.1433880671923404
1,-2.7993431563993503,1.0696364866686174
1,-1.2055897130273712,3.6263807316044847
1,5.897446802640887,2.288547423625687
0,2.0314291608538184,-8.705275658218753
0,-3.2346499107260605,-4.498305430169606
1,3.401220153261752,-0.6478045677733881
1,-3.61463502411852,-4.354016133720881
0,0.10553748133305252,-10.251964202399382
0,1.741472443023535,-9.033553007483766
0,1.4907637995337026,-10.398031791784211
1,6.599195516821273,-7.91414915144737
0,2.5446844372091033,-11.805206226441875
0,2.8202406953985406,-9.10327389275465
1,7.391442265196341,-6.905223211256045
0,2.5036917939660106,-10.115359418060667
1,6.060666840269602,0.4779925261683928
1,-2.5611056281391993,2.3988731441099027
1,-5.4378296915222135,-0.4536838306986848
1,0.4101629947970205,1.038269100585353
0,0.5168035441041123,-12.819522277932744
1,-2.8283625478581427,3.898747024904893
0,-1.3215135612288378,-11.114506093542206
0,5.281631561276843,-13.188743106970986
0,-5.070277479437324,-8.64466196982141
1,-5.336386355104446,3.9228283100615013
1,3.6758044051498544,-4.647444064567571
1,5.272329459387692,-2.0752375889851944
0,-3.574290648537476,-10.046591606319993
1,6.14772000009808,-7.934696118071215
0,0.2669647967482973,-6.959557181779762
1,-5.271582631929406,-1.3176730888948498
1,1.5610371310070192,-1.829478527349256
0,-2.1047605446599933,-6.6755496501144185
0,-3.3029033281969284,-6.445712634130441
1,3.1488797651584743,3.0044027774644237
1,3.2884007984041084,-4.547124860126021
0,-0.17085888502574065,-12.100105683302354
0,0.6790401570478649,-11.208054323108414
1,2.150620563107262,-0.8555526030094889
1,7.250938563634693,-8.656648381616602
0,-0.4433224573945385,-10.706865088544019
1,6.291167138326057,0.8333900400896095
0,4.849438525425303,-12.968779306101775
0,1.7940721876489023,-9.769755883361556
1,-4.324407245887703,0.06903580330100922
0,-3.037860748492453,-4.985389431541947
0,1.3653488776075706,-10.160923927298512
0,0.8916563285133519,-13.049241843200054
1,-5.9989857050611075,1.845794769958664
1,-0.18175817079387,2.333556381160399
0,0.9483030361956342,-6.240050697413034
0,-1.8572300307794984,-12.529599123325305
1,-1.6642749102966938,-3.047535226870851
1,4.679008861121849,-4.265140682230815
0,4.615581811749863,-11.160471350138225
1,2.165359043508433,1.8868580864627875
0,-2.948557093028753,-9.901959108926173
1,4.478055182952708,0.6170221272783198
0,-2.5273513842826105,-8.03174352462
0,2.8447716063085657,-6.828229162594584
1,2.736153581809541,-5.064259422258948
1,4.831118327102151,1.225995644439836
1,6.093580930272241,-2.992548600862824
1,2.576177463269506,-5.906355821250696
0,-5.6134033705137245,-8.614756049661276
0,-5.108231940989629,-6.119865520524443
1,5.892793485756599,-3.2575636813132185
0,3.4574563757737984,-10.615856508012653
0,-2.3326559041608803,-11.063621246487898
0,5.797642671646029,-8.954365766225132
0,1.872568335817209,-11.459684965657845
0,-4.264155283417637,-7.743499462111687
0,-1.3750557871597575,-8.080641791394656
0,2.413059018276586,-8.312177191272
0,4.762302165646798,-12.367926171560454
1,-1.4529979916732003,-1.9545236869628724
0,2.44104954668542,-11.848718869393005
0,0.15262890388772554,-8.43401366825834
0,2.8461860524068165,-11.662334967689535
1,3.3879229217719065,-5.651014437143785
1,-2.151540169130402,-0.5460081140466304
0,-3.3692620256145545,-11.259717105865068
1,-5.785016888096359,1.5034064136286354
1,0.893117569988128,-4.699119032212182
0,-4.393323366118306,-12.060029551142707
1,-1.3270323314741592,-4.707848407664995
1,3.8122110666068934,-5.0131335827672885
1,5.641818034546568,-7.206938028554197
0,-5.60676811263418,-6.329259049529972
0,-4.809963189556876,-8.203020307453551
1,7.792165563657704,1.4323766281787798
0,-2.689620015774854,-7.232676236371242
1,0.03631183322035092,-0.250369201396655
0,-5.531600210512089,-13.30479013949774
1,-4.360349854597984,-2.6901503134686653
1,-0.19634735857773755,1.2806613177220108
0,-2.0231895368102792,-5.193463463430193
1,3.89500010141642,-4.1863784510298325
0,-1.5648003114025697,-11.254230164959688
0,1.5684478607417691,-11.441182959281333
1,7.1502624356802365,-4.281969009008474
1,-3.5511857320030336,-1.0284341554956669
1,-4.550339279523189,-0.11039378046763916
0,0.40204755510661183,-11.612084800774426
1,-5.479045491676779,3.880803886418292
1,-2.158843938773161,3.140475197290712
1,1.0257087143187107,-4.9457230893413335
1,-4.7250239427901315,3.1127047390835507
1,4.2605421037012166,-4.66289891312808
0,-4.316400052965596,-10.837821749210859
0,0.05033247198497204,-7.479341226820095
0,1.8139320961986585,-12.625808454370242
0,-5.4351557295432436,-4.800144439579023
0,-5.600980666992989,-12.92806482781683
0,-0.731219585334312,-12.887976744773564
0,-0.6034252273710985,-9.648490713630144
0,-3.371215840472773,-6.715763033247268
0,-4.3213453211624016,-7.706491391853127
1,0.08823081113244058,0.9400530452824823
1,7.059286554751111,-8.449908179607814
