Date,FTI
2013-04-02,8.553858896349675
2013-04-03,3.522597351459221
2013-04-04,1.9507662116328428
2013-04-05,1.3897353755910262
2013-04-08,0.9111935405980529
2013-04-09,4.052552278422628
2013-04-10,5.132344226564579
2013-04-11,1.176007908784281
2013-04-12,0.9237033145851908
2013-04-15,19.027736067700978
2013-04-16,3.0240470647731685
2013-04-17,3.912017690631818
2013-04-18,4.231471019604529
2013-04-19,2.0765138884878085
2013-04-22,3.5495004078691292
2013-04-23,2.5553643445522565
2013-04-24,1.8493301838373721
2013-04-25,0.7035155808887823
2013-04-26,0.7048894909713606
2013-04-29,0.8436225162061035
2013-04-30,2.034137860849209
2013-05-01,16.593403799566033
2013-05-02,3.3455810246097464
2013-05-03,2.1590305704475448
2013-05-06,1.0084652055334844
2013-05-07,4.268433403611114
2013-05-08,0.6570599820797655
2013-05-09,1.6110630849050374
2013-05-10,2.01608148177402
2013-05-13,0.32530401048191965
2013-05-14,3.829244408308882
2013-05-15,1.497808125713458
2013-05-16,2.426715580478855
2013-05-17,1.579606120386535
2013-05-20,0.48140333577320654
2013-05-21,0.10634381751060802
2013-05-22,4.153441235727405
2013-05-23,2.2424903617758125
2013-05-24,0.10313334612894878
2013-05-28,2.554245544308716
2013-05-29,1.9910985843377311
2013-05-30,1.4900890798619864
2013-05-31,8.405672756813416
2013-06-03,2.1541273600349164
2013-06-04,1.121601661943483
2013-06-05,4.241693227710019
2013-06-06,2.3593023700988516
2013-06-07,5.248461856856448
2013-06-10,1.8753827148556468
2013-06-11,2.0594092179738976
2013-06-12,1.7772148414507534
2013-06-13,4.336317442973681
2013-06-14,0.9806121670329442
2013-06-17,1.1823053312002811
2013-06-18,1.4627762407676308
2013-06-19,5.423922456273628
2013-06-20,12.460241351659857
2013-06-21,3.8065225436149945
2013-06-24,3.2902931131329716
2013-06-25,1.6824455722066347
2013-06-26,5.580291539921472
2013-06-27,6.303816325533026
2013-06-28,3.8116546688233073
2013-07-01,3.3998979556898474
2013-07-02,0.04226843800269359
2013-07-03,0.6871554298880304
2013-07-05,2.1200289339511116
2013-07-08,2.318812976487462
2013-07-09,1.3353936110744602
2013-07-10,2.8916083910101147
2013-07-11,4.644692966450967
2013-07-12,1.5017365186237845
2013-07-15,1.5463974006281611
2013-07-16,0.7122809697211983
2013-07-17,0.0775376662314661
2013-07-18,4.818607209897946
2013-07-19,9.428330079185999
2013-07-22,0.3531053295832165
2013-07-23,2.7444769871262364
2013-07-24,5.349958544613437
2013-07-25,4.107512810819537
2013-07-26,4.1672697250339175
2013-07-29,1.2458979554058143
2013-07-30,2.5826114278631582
2013-07-31,1.1026020296143249
2013-08-01,2.5683011740646924
2013-08-02,1.3630403448610382
2013-08-05,1.6931514091705817
2013-08-06,1.922701052593008
2013-08-07,1.5490416324605787
2013-08-08,0.18405969868490119
2013-08-09,0.951379818883088
2013-08-12,3.470742886746751
2013-08-13,2.61430695679916
2013-08-14,0.9420501229815471
2013-08-15,5.209982729592463
2013-08-16,1.2080743943372192
2013-08-19,3.788147503170781
2013-08-20,7.841727259720793
2013-08-21,1.5514681658988816
2013-08-22,2.4682419855261872
2013-08-23,1.2187114017708613
2013-08-26,3.186985475718668
2013-08-27,9.180991116955333
2013-08-28,0.374360690795115
2013-08-29,5.87035713245057
2013-08-30,10.42517789549617
2013-09-03,0.7558440530153312
2013-09-04,1.4067495124316847
2013-09-05,0.30312378884779057
2013-09-06,0.0325724362823398
2013-09-09,2.978500003412672
2013-09-10,1.2873119337688275
2013-09-11,2.808282452423133
2013-09-12,1.294656492014235
2013-09-13,0.7997239727342637
2013-09-16,7.190403120999301
2013-09-17,2.1303904256293977
2013-09-18,4.062765807004007
2013-09-19,1.7829787476321435
2013-09-20,4.107331483800486
2013-09-23,2.155940370096952
2013-09-24,2.5704311246466265
2013-09-25,0.4582430432234712
2013-09-26,1.674272797072538
2013-09-27,1.319001307242096
2013-09-30,3.883002016457775
2013-10-01,3.0025693405193556
2013-10-02,1.235705813440647
2013-10-03,1.9743094149054852
2013-10-04,1.4438758416683446
2013-10-07,1.8336579493562248
2013-10-08,9.759817810038527
2013-10-09,3.8425102365271053
2013-10-10,7.93403223911733
2013-10-11,3.1906340528345054
2013-10-14,0.6089045224988134
2013-10-15,2.0241363881812195
2013-10-16,4.625791734280414
2013-10-17,0.9433710005567578
2013-10-18,5.499826394806943
2013-10-21,0.9769509880250085
2013-10-22,2.5393683580659343
2013-10-23,0.9237081906225146
2013-10-24,0.9361166415433944
2013-10-25,2.641554296696975
2013-10-28,0.8040553765980716
2013-10-29,1.9344404126995505
2013-10-30,5.989471765393115
2013-10-31,0.6530329018790502
2013-11-01,4.041753908242491
2013-11-04,4.44347034154592
2013-11-05,2.7810377104967916
2013-11-06,8.415847161754112
2013-11-07,7.730229715911497
2013-11-08,3.760761695251869
2013-11-11,0.1435929007211844
2013-11-12,1.0279276863878295
2013-11-13,2.381725190591877
2013-11-14,3.297115622929111
2013-11-15,0.3897808045214226
2013-11-18,4.350123147677048
2013-11-19,1.1274305840842103
2013-11-20,0.8966043896648562
2013-11-21,5.512821056941541
2013-11-22,0.505149167723317
2013-11-25,0.5670999379440853
2013-11-26,5.7215950916071465
2013-11-27,1.9951638479497174
2013-11-29,2.468032892419779
2013-12-02,5.9392682921389
2013-12-03,0.7656396230412162
2013-12-04,0.5377096897814435
2013-12-05,3.0351307804179712
2013-12-06,5.346542740725813
2013-12-09,1.0770006497403524
2013-12-10,3.0497725396535404
2013-12-11,3.844659062987871
2013-12-12,2.7163065791751086
2013-12-13,0.818298145894377
2013-12-16,1.6897897394863295
2013-12-17,0.8770968191139119
2013-12-18,9.961552314739217
2013-12-19,2.8361670384838087
2013-12-20,10.928048962484798
2013-12-23,3.5930960428946355
2013-12-24,0.6408797891063911
2013-12-26,1.8569329114831024
2013-12-27,0.8347392964013731
2013-12-30,0.0777252530118007
2013-12-31,1.0566555471211865
2014-01-02,2.2071408563574946
2014-01-03,4.695947549920397
2014-01-06,1.6199450633835377
2014-01-07,1.8591625142322727
2014-01-08,1.5052215497576045
2014-01-09,1.4998233112568706
2014-01-10,0.5878872884172193
2014-01-13,4.828101728318167
2014-01-14,7.0263359316071075
2014-01-15,0.9542880389677633
2014-01-16,0.8444228111989893
2014-01-17,0.8726114165567322
2014-01-21,1.6833352635352536
2014-01-22,1.5022156410031042
2014-01-23,3.302275008534419
2014-01-24,9.44701294854252
2014-01-27,6.667357604429258
2014-01-28,3.4650661711916673
2014-01-29,2.5453533348211326
2014-01-30,6.986639163767476
2014-01-31,1.4862122317688735
2014-02-03,11.78615191771139
2014-02-04,1.347702584698195
2014-02-05,2.4756732755762068
2014-02-06,4.688053762547835
2014-02-07,7.966093279972249
2014-02-10,2.112518022255134
2014-02-11,2.991554918785547
2014-02-12,0.9383934071525932
2014-02-13,3.008258964878011
2014-02-14,3.0542570393142014
2014-02-18,5.577727925093932
2014-02-19,1.5652647973316685
2014-02-20,1.7362473116468835
2014-02-21,1.4973412419184395
2014-02-24,0.6188694355425259
2014-02-25,0.23007155452158978
2014-02-26,3.0834784644912503
2014-02-27,0.5497026332780999
2014-02-28,5.020583625460498
2014-03-03,2.0911339301983127
2014-03-04,9.172083655710164
2014-03-05,0.9798412471583463
2014-03-06,1.6055714734894608
2014-03-07,3.007243852464995
2014-03-10,0.24382547283376682
2014-03-11,2.157644641267883
2014-03-12,1.2004926236553395
2014-03-13,5.2453041112369245
2014-03-14,5.705532999688201
2014-03-17,3.483799733591077
2014-03-18,3.4534289842223806
2014-03-19,0.9299836804482511
2014-03-20,2.653527406111013
2014-03-21,8.368833018307233
2014-03-24,6.428455141018304
2014-03-25,2.113190622493632
2014-03-26,8.596304520136496
2014-03-27,1.9147834583896088
2014-03-28,2.559832011223938
2014-03-31,5.546668032535071
2014-04-01,9.529875944761738
2014-04-02,0.38296336507491135
2014-04-03,7.41154206957302
2014-04-04,20.02161576605324
2014-04-07,2.6897909446402544
2014-04-08,1.718885496452787
2014-04-09,6.154484012046417
2014-04-10,17.416382977058355
2014-04-11,2.910451339765926
2014-04-14,3.52395918215971
2014-04-15,2.907511670711388
2014-04-16,2.7825611960765513
2014-04-17,0.959546764843116
2014-04-21,1.1457568457687985
2014-04-22,3.1401635727002914
2014-04-23,3.672856779888074
2014-04-24,5.347072393894694
2014-04-25,8.761822070912306
2014-04-28,4.562875761188339
2014-04-29,2.0583285081372313
2014-04-30,0.6902958751562072
2014-05-01,1.8946188285918975
2014-05-02,1.4506062953347167
2014-05-05,2.9385892672031093
2014-05-06,3.5871105240282617
2014-05-07,8.833244821008885
2014-05-08,3.980540334527545
2014-05-09,2.7471819081547113
2014-05-12,9.114680590765982
2014-05-13,6.924460836588657
2014-05-14,6.832501772541755
2014-05-15,3.230554949153536
2014-05-16,0.3763156759916282
2014-05-19,2.1346685841942357
2014-05-20,4.870964419860829
2014-05-21,2.5313409102918536
2014-05-22,2.1218145764160257
2014-05-23,1.9794470583396322
2014-05-27,3.472512044821573
2014-05-28,0.5730034448406351
2014-05-29,1.1770688722196727
2014-05-30,2.299682358852311
2014-06-02,1.5139635959668176
2014-06-03,0.19145969843991917
2014-06-04,0.38856407279691074
2014-06-05,8.756613754510031
2014-06-06,1.4726063958372104
2014-06-09,3.4938696830511837
2014-06-10,0.6649264007472167
2014-06-11,1.5600556845838742
2014-06-12,1.9942395201902492
2014-06-13,0.17751326484242552
2014-06-16,0.3275283201844766
2014-06-17,2.034100683123284
2014-06-18,2.069733005719884
2014-06-19,0.7258604408159046
2014-06-20,0.2880600854222103
2014-06-23,0.6452746302273696
2014-06-24,3.711530115621291
2014-06-25,0.585584824617624
2014-06-26,0.2835191257313673
2014-06-27,1.3680312822771725
2014-06-30,0.7879714178680678
2014-07-01,2.053327044623768
2014-07-02,2.1792504288506325
2014-07-03,0.5652359742655555
2014-07-07,8.642148832799133
2014-07-08,4.462397991527613
2014-07-09,2.5370455155389324
2014-07-10,1.9535488669319363
2014-07-11,3.2875270909998866
2014-07-14,0.44098977545130247
2014-07-15,3.556961740084267
2014-07-16,2.514288109326618
2014-07-17,3.760072979987522
2014-07-18,3.411253606521357
2014-07-21,0.5518826179115837
2014-07-22,0.6561355525988335
2014-07-23,0.6670162079565869
2014-07-24,0.15278895740083775
2014-07-25,2.031460626464074
2014-07-28,0.9864988180260799
2014-07-29,3.764701161558324
2014-07-30,1.8269852980217007
2014-07-31,10.370141139554967
2014-08-01,0.30563362121624926
2014-08-04,1.3707946071272619
2014-08-05,6.7679159435767895
2014-08-06,1.076519600093333
2014-08-07,1.1627869941784825
2014-08-08,5.473373132024663
2014-08-11,1.8531278864623268
2014-08-12,1.8521002986836457
2014-08-13,2.082320508538035
2014-08-14,1.1144519509754223
2014-08-15,1.948191485710704
2014-08-18,3.196441956154299
2014-08-19,0.7236290152412895
2014-08-20,2.224443628082857
2014-08-21,0.7043834873463165
2014-08-22,1.520211539339077
2014-08-25,0.5764141320784575
2014-08-26,3.342309466018245
2014-08-27,0.19219736964129028
2014-08-28,0.7506460653184683
2014-08-29,0.7355599772724932
2014-09-02,2.0399590565111185
2014-09-03,2.1448703401160083
2014-09-04,0.31807820914057033
2014-09-05,0.9930510094656457
2014-09-08,3.2806719721912287
2014-09-09,1.6893470797698282
2014-09-10,1.5225921846243562
2014-09-11,2.7462420531067413
2014-09-12,2.4939943824627027
2014-09-15,9.178633080289703
2014-09-16,2.6147713576219846
2014-09-17,0.09542246058694434
2014-09-18,0.9832180025315181
2014-09-19,4.8432333840238515
2014-09-22,2.680594710049496
2014-09-23,3.0960276504307123
2014-09-24,1.7333777700373592
2014-09-25,9.477660307441067
2014-09-26,1.9207071967222682
2014-09-29,0.5855000815425391
2014-09-30,10.142722584515624
2014-10-01,5.322713141243412
2014-10-02,6.643462898399586
2014-10-03,4.119106473115513
2014-10-06,1.8814704206537143
2014-10-07,6.295008620020586
2014-10-08,6.963469694076361
2014-10-09,12.77419786477078
2014-10-10,22.53668232362085
2014-10-13,19.86134581888399
2014-10-14,5.954165192226006
2014-10-15,18.34838893014178
2014-10-16,10.632308954008899
2014-10-17,16.510598292072885
2014-10-20,2.7695150965491133
2014-10-21,11.896038934853237
2014-10-22,3.024795622636354
2014-10-23,3.3895662853506714
2014-10-24,2.318433763760816
2014-10-27,0.6488899681289958
2014-10-28,10.777716158521127
2014-10-29,0.4582974676965053
2014-10-30,3.432879382979318
2014-10-31,2.655583519762647
2014-11-03,1.529900956181372
2014-11-04,0.2372426975898529
2014-11-05,6.165211767522164
2014-11-06,0.27414910364806067
2014-11-07,0.891828961464273
2014-11-10,0.2832391042253761
2014-11-11,0.21950561953604672
2014-11-12,1.8246662600480446
2014-11-13,6.114382698935712
2014-11-14,0.6958048314356575
2014-11-17,2.788146959577837
2014-11-18,0.5973283836088905
2014-11-19,2.569150018254766
2014-11-20,2.9987371794256443
2014-11-21,1.8141084400109408
2014-11-24,3.570940800971948
2014-11-25,0.4944832556513668
2014-11-26,1.222580807518125
2014-11-28,15.054054428940068
2014-12-01,4.046233199940553
2014-12-02,3.5548916035986444
2014-12-03,1.931220358577542
2014-12-04,0.76763484004147
2014-12-05,2.083895307965617
2014-12-08,2.062289709382278
2014-12-09,11.12683301921925
2014-12-10,7.099890367244554
2014-12-11,0.35441983276230005
2014-12-12,10.62447738199983
2014-12-15,1.8811560564620722
2014-12-16,10.947298509743103
2014-12-17,13.357758780589464
2014-12-18,16.718141372094593
2014-12-19,0.596482239355669
2014-12-22,0.5135873393753352
2014-12-23,3.8748380125498927
2014-12-24,0.5735095568365569
2014-12-26,1.0787907910703631
2014-12-29,0.7895508891968344
2014-12-30,0.7625853989087774
2014-12-31,3.5393991287079856
2015-01-02,0.5416459153114417
2015-01-05,9.36358500967033
2015-01-06,2.749052480007478
2015-01-07,2.4168057059152055
2015-01-08,6.045783425960951
2015-01-09,2.336564899215329
2015-01-12,2.3653145744182877
2015-01-13,0.7302888478508617
2015-01-14,1.2586763784248136
2015-01-15,3.7406595010832424
2015-01-16,4.588908159026199
2015-01-20,5.726025238525546
2015-01-21,2.5579950079086884
2015-01-22,4.346147370990736
2015-01-23,6.947398635075228
2015-01-26,2.807844697509852
2015-01-27,15.640978452766483
2015-01-28,9.284658899268885
2015-01-29,2.053097041625027
2015-01-30,10.161279716684206
2015-02-02,5.755112072814303
2015-02-03,8.577602246688368
2015-02-04,1.1001831387636503
2015-02-05,2.67100337029928
2015-02-06,0.5297272745471062
2015-02-09,1.1404164669307149
2015-02-10,4.470719585830055
2015-02-11,1.5379348592259263
2015-02-12,1.623809432212886
2015-02-13,1.1708827597382605
2015-02-17,0.0831850178351752
2015-02-18,0.3930137076912978
2015-02-19,2.8857183388270093
2015-02-20,1.0412964291810591
2015-02-23,0.201101079567147
2015-02-24,0.35537676721256156
2015-02-25,0.18560040868488792
2015-02-26,3.18087740586963
2015-02-27,0.49382338613865157
2015-03-02,1.0741717508416413
2015-03-03,0.5081694921575645
2015-03-04,0.9472621323774844
2015-03-05,0.2919114991284107
2015-03-06,6.078778575900234
2015-03-09,0.6649271573490917
2015-03-10,7.208036936606323
2015-03-11,3.57708872992193
2015-03-12,8.300584236071968
2015-03-13,1.319711316837218
2015-03-16,5.509645725861946
2015-03-17,2.7161438630887496
2015-03-18,4.156010041059748
2015-03-19,5.093132190935827
2015-03-20,2.5346240425741957
2015-03-23,0.49867754951920035
2015-03-24,2.1132388618928473
2015-03-25,9.718277815407447
2015-03-26,0.2753778524707161
2015-03-27,0.9367956672291546
2015-03-30,3.174850087336951
2015-03-31,3.2083446446711967
2015-04-01,1.0249978724769548
2015-04-02,1.1243619806930258
2015-04-06,1.0087609224956
2015-04-07,0.8763411486645566
2015-04-08,2.853490053964994
2015-04-09,2.9058792061122034
2015-04-10,0.6366694706623376
2015-04-13,1.7360034289415955
2015-04-14,2.2645785151686555
2015-04-15,0.5878869277255065
2015-04-16,0.07013124491013552
2015-04-17,3.8604322018643824
2015-04-20,2.4812647318696417
2015-04-21,3.8919037421381404
2015-04-22,1.011522587048366
2015-04-23,0.2922830429920672
2015-04-24,7.166129176972659
2015-04-27,2.0374688603501125
2015-04-28,4.245289544907013
2015-04-29,1.5088221425669306
2015-04-30,6.621985348375242
2015-05-01,4.099858272655075
2015-05-04,0.4784300447563953
2015-05-05,4.162725456245029
2015-05-06,3.2217536955042094
2015-05-07,0.2998092035339573
2015-05-08,4.637562587976266
2015-05-11,2.082010577478035
2015-05-12,0.40816237127374927
2015-05-13,0.2616233198031309
2015-05-14,3.0005636559220603
2015-05-15,0.3136990976681358
2015-05-18,2.0892375192939965
2015-05-19,0.23750531839072828
2015-05-20,0.28257484396360966
2015-05-21,1.060219899407534
2015-05-22,0.9404244536363311
2015-05-26,2.1618050444758916
2015-05-27,4.189358439035728
2015-05-28,0.1580425834377675
2015-05-29,0.9173957894559814
2015-06-01,0.05237742713771598
2015-06-02,0.6025068746037612
2015-06-03,2.3080357272353678
2015-06-04,1.788037592546871
2015-06-05,3.1189975923505924
2015-06-08,2.4096788555789246
2015-06-09,0.7315703661838212
2015-06-10,2.5812276500196147
2015-06-11,0.17670909190547932
2015-06-12,1.62726865889398
2015-06-15,0.5409863749892743
2015-06-16,0.8795333348759733
2015-06-17,0.39188101742790693
2015-06-18,2.4828522572479956
2015-06-19,1.6901792580494224
2015-06-22,0.6469151573650872
2015-06-23,0.15556919202063366
2015-06-24,1.173395219074909
2015-06-25,0.42969668588131466
2015-06-26,5.0734138456192275
2015-06-29,8.33230813444829
2015-06-30,0.9506189971803577
2015-07-01,1.8783315107370373
2015-07-02,1.575514671778044
2015-07-06,0.6530334800776012
2015-07-07,4.313361904807968
2015-07-08,5.066471224137353
2015-07-09,0.2462704552050427
2015-07-10,2.9791816929666473
2015-07-13,3.6071286789290227
2015-07-14,0.5920026709498982
2015-07-15,1.6981122483421065
2015-07-16,4.360900539626722
2015-07-17,14.692492258809594
2015-07-20,2.267973349083933
2015-07-21,1.0579938350278881
2015-07-22,7.241812686261158
2015-07-23,2.112193450322471
2015-07-24,2.7655251936006504
2015-07-27,2.3243601472814834
2015-07-28,3.9766526024136706
2015-07-29,2.2750794068294735
2015-07-30,1.0974634290109462
2015-07-31,2.242765053293013
2015-08-03,0.5518608394133846
2015-08-04,0.12259618818109166
2015-08-05,1.9199165988900067
2015-08-06,9.230043116679886
2015-08-07,1.1595814916012266
2015-08-10,3.336342573507781
2015-08-11,2.9916758259705416
2015-08-12,0.43767376922580425
2015-08-13,0.24001090803217598
2015-08-14,1.1565958728325483
2015-08-17,1.641153388431885
2015-08-18,2.0602904311253254
2015-08-19,1.377217651536394
2015-08-20,11.402197710873537
2015-08-21,32.825586584781654
2015-08-24,23.225492241016134
2015-08-25,12.62146785342027
2015-08-26,27.19462307599578
2015-08-27,8.034725999800525
2015-08-28,1.957572586969708
2015-08-31,3.319913661363601
2015-09-01,10.557726814417226
2015-09-02,7.8838662004987805
2015-09-03,2.8274318483201974
2015-09-04,6.106872598775011
2015-09-08,7.2955359061357905
2015-09-09,3.0344118334708825
2015-09-10,1.3411580474448543
2015-09-11,0.25490031938316515
2015-09-14,0.22203576902439998
2015-09-15,2.4906683742040956
2015-09-16,2.4350992348349605
2015-09-17,2.1570180277777284
2015-09-18,3.972801013813241
2015-09-21,3.0570841583026493
2015-09-22,2.492550754169528
2015-09-23,0.26645277900934905
2015-09-24,0.2380449013143155
2015-09-25,11.456598306594834
2015-09-28,8.626540890065368
2015-09-29,5.753281237859854
2015-09-30,5.486686021746021
2015-10-01,0.8911898106929929
2015-10-02,2.6540957542236994
2015-10-05,9.507255082388232
2015-10-06,1.3481336920303533
2015-10-07,4.011281511965608
2015-10-08,4.903872274232255
2015-10-09,1.1022260355664693
2015-10-12,0.24006295657808582
2015-10-13,2.8333592634670577
2015-10-14,2.5118571556363536
2015-10-15,5.043414689754899
2015-10-16,1.1565557610834105
2015-10-19,1.2531462762711214
2015-10-20,2.020936626431282
2015-10-21,4.476757306397287
2015-10-22,5.535551099327423
2015-10-23,16.773573611426013
2015-10-26,1.9762979963729967
2015-10-27,5.884079364073885
2015-10-28,15.84435695668237
2015-10-29,4.501219505031873
2015-10-30,0.3892912790512903
2015-11-02,4.913552078614651
2015-11-03,0.23146705967335107
2015-11-04,1.0695607768541309
2015-11-05,0.7613000463096367
2015-11-06,2.8571756573543396
2015-11-09,1.546331264814092
2015-11-10,2.650109859159971
2015-11-11,1.2140862286337226
2015-11-12,5.1765254680218655
2015-11-13,4.816531658975884
2015-11-16,4.840557985848066
2015-11-17,0.42822113019505115
2015-11-18,2.83992324737945
2015-11-19,0.6241378501075918
2015-11-20,0.8147572961297168
2015-11-23,1.3594114757960722
2015-11-24,2.388272409440321
2015-11-25,2.4983284890772626
2015-11-27,0.4138272346578137
2015-11-30,0.33380675136245475
2015-12-01,2.4291978142915758
2015-12-02,4.1200813870093596
2015-12-03,2.9703838441243438
2015-12-04,7.584905029500464
2015-12-07,4.442532750105249
2015-12-08,4.142476549984555
2015-12-09,5.760407077773762
2015-12-10,0.4232653683901988
2015-12-11,4.698141506858146
2015-12-14,5.794948196856989
2015-12-15,3.563526000433998
2015-12-16,2.429384702378502
2015-12-17,2.94967334056161
2015-12-18,4.410498294146445
2015-12-21,0.9068528550407349
2015-12-22,2.0800919234973927
2015-12-23,4.367452579601476
2015-12-24,0.6720022233495879
2015-12-28,0.779728946629966
2015-12-29,1.5797788572734164
2015-12-30,0.8103050550629427
2015-12-31,1.4959884988922565
2016-01-04,7.121329763009779
2016-01-05,2.771137166062043
2016-01-06,2.678486764142092
2016-01-07,9.039208075733645
2016-01-08,4.051298457305728
2016-01-11,1.1158954583234075
2016-01-12,2.6304299349849556
2016-01-13,13.4138307009565
2016-01-14,3.3061205875325834
2016-01-15,8.772844642354148
2016-01-19,7.17859137487877
2016-01-20,17.21665585625613
2016-01-21,3.8413802290610515
2016-01-22,6.5559398287897785
2016-01-25,5.2586429692513645
2016-01-26,8.785066949580642
2016-01-27,11.552743087110073
2016-01-28,2.8414891875524178
2016-01-29,11.504767873689072
2016-02-01,0.7889325635276916
2016-02-02,4.188268759680035
2016-02-03,6.91003053585193
2016-02-04,0.7495175606870637
2016-02-05,17.346706763038625
2016-02-08,2.5710669851443515
2016-02-09,1.0545170817141745
2016-02-10,1.4105846901658332
2016-02-11,9.268002805432566
2016-02-12,5.860729314133975
2016-02-16,6.1408170938374305
2016-02-17,4.661101861493472
2016-02-18,2.688118952217203
2016-02-19,1.7138700624617202
2016-02-22,2.1790976313717008
2016-02-23,2.299202604185897
2016-02-24,2.003189016894323
2016-02-25,2.277651247941082
2016-02-26,2.5486646783257454
2016-02-29,1.6041790893185415
2016-03-01,7.1630408870983056
2016-03-02,3.345595531394337
2016-03-03,4.250889350988998
2016-03-04,0.8805093419403546
2016-03-07,7.822536535969967
2016-03-08,7.90689878088888
2016-03-09,0.2376140357585493
2016-03-10,2.3548993634849458
2016-03-11,3.970967934065885
2016-03-14,0.5616134686303906
2016-03-15,7.290256836130691
2016-03-16,0.5383412651265653
2016-03-17,9.025933483269572
2016-03-18,1.6506355792119098
2016-03-21,1.096928459325578
2016-03-22,1.3250020621852796
2016-03-23,6.32315654476848
2016-03-24,0.7196327443503195
2016-03-28,0.4753563213921965
2016-03-29,12.766557001903491
2016-03-30,0.46074232292955
2016-03-31,1.2438291781783248
2016-04-01,1.488283254123801
2016-04-04,0.7822322458147681
2016-04-05,1.1683390595098482
2016-04-06,2.6875793444757274
2016-04-07,1.537235542383381
2016-04-08,1.1143026073798672
2016-04-11,0.12752654045374817
2016-04-12,1.6970857326048991
2016-04-13,6.072925994377957
2016-04-14,0.03921933529553797
2016-04-15,0.6081120189934875
2016-04-18,1.350526890496262
2016-04-19,4.914260206157169
2016-04-20,0.09379278042397222
2016-04-21,3.0831905392772727
2016-04-22,13.903201133364554
2016-04-25,1.1327103421523237
2016-04-26,6.271267597798116
2016-04-27,5.080071373559657
2016-04-28,1.1045356978730343
2016-04-29,0.5377570214626745
2016-05-02,0.601366566201421
2016-05-03,2.7084032746778055
2016-05-04,0.4819317275768288
2016-05-05,0.6085054854944731
2016-05-06,0.44069503811394894
2016-05-09,0.5054371176912171
2016-05-10,1.7231189592000329
2016-05-11,1.0863335717787264
2016-05-12,1.9901111488019252
2016-05-13,2.8603422779259375
2016-05-16,1.256895319325153
2016-05-17,2.311258341737404
2016-05-18,2.108239829053014
2016-05-19,0.5246178253317414
2016-05-20,4.745305256703327
2016-05-23,0.2609673277262117
2016-05-24,4.717903955579864
2016-05-25,0.5503178575297104
2016-05-26,0.3425914604842043
2016-05-27,1.1250613376289351
2016-05-31,1.6596430791429353
2016-06-01,1.6462368286345321
2016-06-02,0.5777176545356881
2016-06-03,0.6199133781284131
2016-06-06,1.6930637144174485
2016-06-07,1.0038099171579276
2016-06-08,1.139172182127541
2016-06-09,0.6962605122030006
2016-06-10,1.7914260333983802
2016-06-13,0.8332447562228188
2016-06-14,0.15617431343959023
2016-06-15,0.4693790573692844
2016-06-16,0.5929209035396669
2016-06-17,3.080729239405926
2016-06-20,1.3945425066569415
2016-06-21,1.166661720328496
2016-06-22,0.18984752558522394
2016-06-23,3.0921485275254588
2016-06-24,11.564704143425448
2016-06-27,9.453568163023027
2016-06-28,3.352343412381771
2016-06-29,3.19957852654929
2016-06-30,2.6121441517742485
2016-07-01,0.45010701627126803
2016-07-05,2.3278392790060893
2016-07-06,0.4987313484474316
2016-07-07,1.8240187504842162
2016-07-08,4.533394379942849
2016-07-11,1.9748444356638355
2016-07-12,2.039044584957349
2016-07-13,1.0419080799325355
2016-07-14,0.9953324961947922
2016-07-15,0.5102397587891425
2016-07-18,0.8263604705789643
2016-07-19,0.7322863770577068
2016-07-20,3.2302909790749834
2016-07-21,0.28815261006682724
2016-07-22,0.4383955318952359
2016-07-25,0.8494326058299524
2016-07-26,1.0753314398764373
2016-07-27,4.382213574616195
2016-07-28,0.6640785105827168
2016-07-29,0.04795613344134625
2016-08-01,2.9945202094283223
2016-08-02,1.8534810700598923
2016-08-03,1.0458121738479345
2016-08-04,0.09996108452648685
2016-08-05,1.548033676968934
2016-08-08,0.047863669610948734
2016-08-09,0.3357568086111366
2016-08-10,0.5280911781079155
2016-08-11,0.20683085372169613
2016-08-12,0.27750082950225174
2016-08-15,1.6467514014895686
2016-08-16,0.5240565754974025
2016-08-17,0.7585944001789451
2016-08-18,1.2017788808396328
2016-08-19,0.21056852415345043
2016-08-22,0.4902338166941616
2016-08-23,0.9512794050319373
2016-08-24,0.8684760070161427
2016-08-25,0.601988107786184
2016-08-26,0.9982806999018659
2016-08-29,1.2625015138561324
2016-08-30,0.47387206469189447
2016-08-31,0.4454046428221333
2016-09-01,0.8369311995978717
2016-09-02,1.3306338066873473
2016-09-06,0.7720274710861975
2016-09-07,1.534188170720802
2016-09-08,0.61299476025158
2016-09-09,8.142632549664043
2016-09-12,2.9581652300557075
2016-09-13,6.6986503436283265
2016-09-14,1.9099352874100863
2016-09-15,2.1700021300926613
2016-09-16,1.217686114680448
2016-09-19,2.729833289269526
2016-09-20,0.8201434936330534
2016-09-21,1.7664499874062063
2016-09-22,2.4024660445387
2016-09-23,0.4820113672186237
2016-09-26,1.057453862676358
2016-09-27,1.5880833805823538
2016-09-28,1.87321086656123
2016-09-29,1.875041582903232
2016-09-30,0.9909636499317853
2016-10-03,0.493538968969124
2016-10-04,1.4472798173049517
2016-10-05,0.34202448757941434
2016-10-06,0.5722214004748917
2016-10-07,1.0549605643304125
2016-10-10,1.643552418696163
2016-10-11,2.5773096640711035
2016-10-12,0.7828954891847685
2016-10-13,1.3936789435207415
2016-10-14,0.373245289846156
2016-10-17,0.25983630628397836
2016-10-18,0.8653456405828668
2016-10-19,0.8282302940542126
2016-10-20,0.12748619494715738
2016-10-21,1.392272398723769
2016-10-24,2.5516965013165676
2016-10-25,0.8705887640007435
2016-10-26,3.1160019848765526
2016-10-27,3.4933606958778336
2016-10-28,0.6991131456742037
2016-10-31,0.5732015268914767
2016-11-01,1.3161199918590878
2016-11-02,1.78915781506393
2016-11-03,2.5109614681471837
2016-11-04,3.2101624428723796
2016-11-07,6.2589724677632255
2016-11-08,0.6210215564224583
2016-11-09,17.68207663412867
2016-11-10,25.48419030964209
2016-11-11,25.008181561906802
2016-11-14,9.317275921684715
2016-11-15,3.7591873623785808
2016-11-16,2.8900377383114657
2016-11-17,0.7991696218809163
2016-11-18,2.096663234812998
2016-11-21,1.460445173191745
2016-11-22,1.4974279468507068
2016-11-23,1.6042402894798204
2016-11-25,0.27276875284217283
2016-11-28,2.295652560587759
2016-11-29,0.48156570023513723
2016-11-30,5.530464677126098
2016-12-01,8.809907860164884
2016-12-02,0.04294054411915016
2016-12-05,4.6909578159181615
2016-12-06,1.7411932241769086
2016-12-07,4.640903546009488
2016-12-08,6.009123901513642
2016-12-09,1.8730114529886224
2016-12-12,4.010080805190709
2016-12-13,4.1622295778375245
2016-12-14,3.888488468675968
2016-12-15,0.5287859279439021
2016-12-16,0.317438852253328
2016-12-19,0.42773245582184455
2016-12-20,0.7571321504958843
2016-12-21,0.732730858117776
2016-12-22,1.8874920625732092
2016-12-23,0.8159648749959937
2016-12-27,0.45968269154540947
2016-12-28,1.423420219106155
2016-12-29,0.24741011158857587
2016-12-30,1.9440258407578184
2017-01-03,1.7129222226984813
2017-01-04,3.2603910274804555
2017-01-05,6.59248582551158
2017-01-06,3.5787922285381364
2017-01-09,5.10952731076983
2017-01-10,3.5036069657590434
2017-01-11,0.2817923207467309
2017-01-12,1.6227564250108937
2017-01-13,1.3442170753334093
2017-01-17,4.6218007925589895
2017-01-18,0.23564802583220978
2017-01-19,1.7335916889050984
2017-01-20,0.24257233659581645
2017-01-23,0.9933598002475346
2017-01-24,2.445055910708767
2017-01-25,1.0848091859208893
2017-01-26,0.8953094407400685
2017-01-27,0.979675683129916
2017-01-30,2.1817958656105185
2017-01-31,2.2858506873298277
2017-02-01,2.7110800084566575
2017-02-02,0.7874654493476287
2017-02-03,3.5683119907825978
2017-02-06,2.0894355303510626
2017-02-07,1.3592678972907113
2017-02-08,0.40630381636924073
2017-02-09,2.548972799888889
2017-02-10,0.5747819644664429
2017-02-13,1.2502220228816048
2017-02-14,0.635441059384396
2017-02-15,0.548186734664283
2017-02-16,0.3608389307064688
2017-02-17,0.8851825350192762
2017-02-21,1.3171283425663318
2017-02-22,0.5500260445299829
2017-02-23,4.250561305518666
2017-02-24,0.19609302795773595
2017-02-27,2.5144424047561413
2017-02-28,5.8448054910013365
2017-03-01,4.748313616409467
2017-03-02,1.8640657688957945
2017-03-03,0.33727011566749865
2017-03-06,0.6781578468867917
2017-03-07,0.7664472746839102
2017-03-08,2.4524141588979687
2017-03-09,1.156887312350861
2017-03-10,0.20005618483806875
2017-03-13,0.6700076099726602
2017-03-14,0.526104494896721
2017-03-15,3.060719917304654
2017-03-16,1.1156162841825559
2017-03-17,1.3851121521633183
2017-03-20,1.4642338911952257
2017-03-21,9.493254997571299
2017-03-22,1.7990601153643517
2017-03-23,2.1151406843525757
2017-03-24,1.102573728565924
2017-03-27,1.4666273695863876
2017-03-28,2.034691170240444
2017-03-29,0.8495302960777031
2017-03-30,0.8579374783721285
2017-03-31,1.6708738734499988
2017-04-03,3.8447234653219216
2017-04-04,0.16207774100775274
2017-04-05,2.970552501999798
2017-04-06,1.6992335740218056
2017-04-07,0.12806915691357196
2017-04-10,0.06270864204552484
2017-04-11,3.974394098457488
2017-04-12,2.8793121900000322
2017-04-13,2.25081262406381
2017-04-17,1.8923047213809179
2017-04-18,1.3168315203995091
2017-04-19,3.3045253618913484
2017-04-20,1.4491789254409593
2017-04-21,1.0341744411194456
2017-04-24,2.894221708989256
2017-04-25,0.8437528061595163
2017-04-26,1.7818180417166325
2017-04-27,2.2492655498511285
2017-04-28,5.009908472189459
2017-05-01,3.9824127533721807
2017-05-02,2.157496961677431
2017-05-03,1.5514138152743948
2017-05-04,0.2252754572606758
2017-05-05,0.41768100787385637
2017-05-08,0.6717889986169377
2017-05-09,2.3064164233640336
2017-05-10,0.697775165104868
2017-05-11,0.8192770211023848
2017-05-12,1.7690680705135915
2017-05-15,0.8211535620105094
2017-05-16,2.311129155971415
2017-05-17,14.083693746101737
2017-05-18,1.845633641715372
2017-05-19,3.146857455731605
2017-05-22,1.3228601584533282
2017-05-23,0.4688961395595327
2017-05-24,0.5514454332487834
2017-05-25,2.4508743330244367
2017-05-26,0.07865450296857217
2017-05-30,1.7317197001213531
2017-05-31,0.07373080364268017
2017-06-01,4.83633320568056
2017-06-02,4.250242762616518
2017-06-05,0.9199305295093773
2017-06-06,0.7311920569594137
2017-06-07,0.4689598139184878
2017-06-08,7.229516104654616
2017-06-09,46.69665505209884
2017-06-12,2.725034555908095
2017-06-13,1.0728933835273553
2017-06-14,1.9229176147067855
2017-06-15,1.1366211709032756
2017-06-16,1.1862222503024382
2017-06-19,5.278389340706518
2017-06-20,1.6309473873864906
2017-06-21,8.67075596757993
2017-06-22,0.8753809652933036
2017-06-23,1.5830116367872544
2017-06-26,1.864504954269004
2017-06-27,10.468316032987103
2017-06-28,4.56250841197967
2017-06-29,8.444972357350824
2017-06-30,1.095802503057096
2017-07-03,9.42692433672449
2017-07-05,5.296373137769667
2017-07-06,3.7941046277929145
2017-07-07,2.3241514167126573
2017-07-10,2.774569928451487
2017-07-11,1.909899657852924
2017-07-12,2.746210546658691
2017-07-13,0.19663751957932984
2017-07-14,1.513076373441618
2017-07-17,0.17986248044079375
2017-07-18,2.5053378355838594
2017-07-19,1.112485460229503
2017-07-20,0.07684553071781276
2017-07-21,0.65754870248541
2017-07-24,2.7354592959469533
2017-07-25,2.754729915547674
2017-07-26,1.6804799467258649
2017-07-27,4.14117156157772
2017-07-28,0.1838386122130739
2017-07-31,1.6532875761385684
2017-08-01,0.2417784675161353
2017-08-02,5.082157635790939
2017-08-03,0.607033542621148
2017-08-04,0.39933412337974306
2017-08-07,1.2110042982855835
2017-08-08,0.3826585402585446
2017-08-09,3.45588350435258
2017-08-10,11.82823532817526
2017-08-11,2.745959356260497
2017-08-14,3.6986240406594306
2017-08-15,1.9803551714910128
2017-08-16,0.13314941798383526
2017-08-17,10.252862957820323
2017-08-18,0.44584269658216
2017-08-21,0.6452711781029373
2017-08-22,4.002571296781846
2017-08-23,1.1484893404709422
2017-08-24,1.7604070526843447
2017-08-25,1.2228035750161173
2017-08-28,0.7473773365173727
2017-08-29,0.39958470451763267
2017-08-30,3.5753063916128456
2017-08-31,1.8487433414257222
2017-09-01,0.8666718194423614
2017-09-05,2.3927373123829434
2017-09-06,0.5679172093152481
2017-09-07,0.27057938937281717
2017-09-08,2.8873560729121657
2017-09-11,5.317074175795527
2017-09-12,0.48609966687611367
2017-09-13,0.10288104404151709
2017-09-14,1.72927260709986
2017-09-15,0.31557054652827365
2017-09-18,1.072369572547935
2017-09-19,0.15347908261513254
2017-09-20,0.7339900533023175
2017-09-21,1.509383445221962
2017-09-22,0.6182796860228814
2017-09-25,5.897068748959682
2017-09-26,0.6540383001482929
2017-09-27,11.141719513328708
2017-09-28,0.3654535108483292
2017-09-29,1.5718099408456667
2017-10-02,2.86164932708234
2017-10-03,0.18383977131730211
2017-10-04,0.8587131947760676
2017-10-05,2.242670221689175
2017-10-06,0.6233935484261416
2017-10-09,0.46044724743429705
2017-10-10,0.5024165041996367
2017-10-11,0.4492704077104289
2017-10-12,0.3497294836572007
2017-10-13,0.4609832007977922
2017-10-16,0.3132050117359428
2017-10-17,0.7425901381808357
2017-10-18,0.830020731964481
2017-10-19,1.4582641142702064
2017-10-20,1.9078978408344125
2017-10-23,1.4273308374637934
2017-10-24,0.04503841118291086
2017-10-25,1.56971596767305
2017-10-26,0.9637051909065302
2017-10-27,20.022948422576427
2017-10-30,4.244025729606475
2017-10-31,2.500658373262118
2017-11-01,4.047962241783184
2017-11-02,0.3034241482843807
2017-11-03,2.875295128307631
2017-11-06,0.2832673145517459
2017-11-07,6.127176473202927
2017-11-08,0.19322651096954815
2017-11-09,1.332862316398462
2017-11-10,0.43773606631555634
2017-11-13,0.07281697326666108
2017-11-14,0.5642587150855697
2017-11-15,3.1130498167804785
2017-11-16,4.476964609167326
2017-11-17,3.911306901803129
2017-11-20,1.6659922510778047
2017-11-21,2.4546324047492374
2017-11-22,0.38950876068373247
2017-11-24,0.17662450768715354
2017-11-27,0.5793073521081413
2017-11-28,11.969871043998484
2017-11-29,20.660288931551396
2017-11-30,8.352119131856265
2017-12-01,0.7143139576101795
2017-12-04,10.158995757074605
2017-12-05,2.930952261629575
2017-12-06,1.676231506564679
2017-12-07,1.3047324191546885
2017-12-08,4.394345998261303
2017-12-11,2.017512743236189
2017-12-12,2.550848069641645
2017-12-13,2.8483925588623897
2017-12-14,3.252706119296284
2017-12-15,4.2887979794192725
2017-12-18,2.56321577904563
2017-12-19,1.2092351457895885
2017-12-20,0.8873409658613731
2017-12-21,0.8458964610983615
2017-12-22,0.19799200681926024
2017-12-26,1.2139558089438576
2017-12-27,0.07908876925693023
2017-12-28,0.22483875447353213
2017-12-29,1.9862795427867206
2018-01-02,5.797765834154481
2018-01-03,4.429556978310664
2018-01-04,2.435048166099784
2018-01-05,4.628831698980945
2018-01-08,0.14254353139656506
2018-01-09,0.389081954264612
2018-01-10,0.40187780260801914
2018-01-11,5.532641085057207
2018-01-12,4.060793712527308
2018-01-16,3.2472794596473338
2018-01-17,5.123934211119639
2018-01-18,1.3657433791545328
2018-01-19,3.7172190913541145
2018-01-22,4.7589103352929145
2018-01-23,2.278816763293884
2018-01-24,4.219983789771984
2018-01-25,0.20415199269976594
2018-01-26,13.834446904406457
2018-01-29,4.885210254381054
2018-01-30,11.428679802726329
2018-01-31,1.433481901446346
2018-02-01,2.2171301840629685
2018-02-02,29.687819423824436
2018-02-05,77.33250412229945
2018-02-06,14.433128511320879
2018-02-07,5.061161524097267
2018-02-08,49.02782169093376
2018-02-09,8.282495491109987
2018-02-12,6.568429386099735
2018-02-13,0.32609567182214005
2018-02-14,5.921106736562315
2018-02-15,4.399942071681849
2018-02-16,1.9940887546783155
2018-02-20,5.169658188017644
2018-02-21,4.474183733491173
2018-02-22,0.7629323867585415
2018-02-23,7.074136242187048
2018-02-26,4.977032771913919
2018-02-27,4.955984456470722
2018-02-28,6.5112833049049055
2018-03-01,10.254001876231687
2018-03-02,8.3629358200547
2018-03-05,3.678116468772365
2018-03-06,3.096703462098735
2018-03-07,3.9568365282411326
2018-03-08,2.142812887258251
2018-03-09,7.135905282810661
2018-03-12,2.704300909519067
2018-03-13,2.4901961996863333
2018-03-14,2.7604581676596105
2018-03-15,0.8604527325964999
2018-03-16,1.6329388298156202
2018-03-19,7.322952678456934
2018-03-20,0.2416896996487785
2018-03-21,3.063331991553592
2018-03-22,16.043445121102405
2018-03-23,9.990315749654524
2018-03-26,16.038101477619513
2018-03-27,16.053120972199828
2018-03-28,3.781069887169993
2018-03-29,3.8895447047775518
2018-04-02,10.234534419101733
2018-04-03,4.566908506615324
2018-04-04,2.453453796565593
2018-04-05,1.7452765994828496
2018-04-06,9.368149825555488
2018-04-09,0.6545824722897617
2018-04-10,5.046242570204024
2018-04-11,3.7692096377455604
2018-04-12,1.1591137898866037
2018-04-13,0.6469868269910848
2018-04-16,1.6397379399208165
2018-04-17,4.276130238036723
2018-04-18,0.16271322891254167
2018-04-19,0.9072628312807415
2018-04-20,2.779883815475376
2018-04-23,0.7265291173423564
2018-04-24,6.701775504874727
2018-04-25,1.2300335199844081
2018-04-26,5.460863252328927
2018-04-27,0.339042237281261
2018-04-30,1.693725994139406
2018-05-01,3.697330538757036
2018-05-02,6.6404060436684125
2018-05-03,0.7594571059350995
2018-05-04,3.044190089916299
2018-05-07,2.326667225382332
2018-05-08,1.2307306665566997
2018-05-09,2.0207731350482767
2018-05-10,2.4354649598256195
2018-05-11,0.5988538523631146
2018-05-14,1.2780112816680547
2018-05-15,3.1028441532578497
2018-05-16,2.158263247930456
2018-05-17,2.3574357074555126
2018-05-18,0.826571074061462
2018-05-21,1.7564578635175052
2018-05-22,1.6723287476901727
2018-05-23,1.039587484556478
2018-05-24,0.6097145760234154
2018-05-25,1.4958326565159537
2018-05-29,10.480798681228507
2018-05-30,6.3133634998639305
2018-05-31,3.691494396466533
2018-06-01,2.6300146056851337
2018-06-04,0.6144484834877916
2018-06-05,2.3507742509915515
2018-06-06,1.9620858907989012
2018-06-07,4.684016535392322
2018-06-08,0.7015729193384153
2018-06-11,0.023516054672933922
2018-06-12,1.447909062301175
2018-06-13,1.384108906216252
2018-06-14,3.029561220597133
2018-06-15,0.16947342643962543
2018-06-18,2.7410646649148926
2018-06-19,1.27718771401837
2018-06-20,3.8126052790702647
2018-06-21,2.2761830452341667
2018-06-22,2.9254887209833402
2018-06-25,7.121830963601223
2018-06-26,1.1128039676086683
2018-06-27,7.968096141500491
2018-06-28,1.1954969176666623
2018-06-29,0.22423879911049502
2018-07-02,2.18103214832443
2018-07-03,5.99373994758478
2018-07-05,1.688967635369684
2018-07-06,2.434597968343288
2018-07-09,1.4579798902990166
2018-07-10,4.670339702496152
2018-07-11,1.572765758747674
2018-07-12,4.420471275013355
2018-07-13,0.5541647202253137
2018-07-16,1.108239118344844
2018-07-17,0.4972130427204354
2018-07-18,0.9897121000047588
2018-07-19,4.685302581135386
2018-07-20,0.2732628875832681
2018-07-23,0.1167951089621255
2018-07-24,12.849957685762313
2018-07-25,3.223238444065611
2018-07-26,11.781684490481691
2018-07-27,11.800537548468583
2018-07-30,6.55932390313012
2018-07-31,2.2780237348022085
2018-08-01,3.428079210508744
2018-08-02,4.528964872251201
2018-08-03,5.305060124197391
2018-08-06,0.7763948109352822
2018-08-07,0.09492496342073417
2018-08-08,0.11919423145541949
2018-08-09,0.7855357594856522
2018-08-10,1.6469329988424146
2018-08-13,1.5791230902722888
2018-08-14,1.7243974367684942
2018-08-15,3.9383998698694818
2018-08-16,3.8290282609412163
2018-08-17,1.0141181676533462
2018-08-20,0.7338364060143887
2018-08-21,4.174285369846888
2018-08-22,1.660413826059641
2018-08-23,0.33199264360362324
2018-08-24,0.7993664227089072
2018-08-27,2.496071960197107
2018-08-28,0.14653515297367034
2018-08-29,1.9746201588430738
2018-08-30,0.9751288943695765
2018-08-31,1.1712093735693756
2018-09-04,0.5348475262782102
2018-09-05,8.048143168809473
2018-09-06,3.190150586611832
2018-09-07,0.19694464779336412
2018-09-10,0.05222007856369834
2018-09-11,1.1522850924817925
2018-09-12,0.8473720686666552
2018-09-13,2.5523319533726623
2018-09-14,1.0364225108833214
2018-09-17,7.151763408409591
2018-09-18,0.625519938182344
2018-09-19,1.825000192007745
2018-09-20,1.264036622404435
2018-09-21,2.5447569045778966
2018-09-24,2.593526451953853
2018-09-25,1.149552259642511
2018-09-26,3.5209886052026143
2018-09-27,1.9859663336968534
2018-09-28,0.6764205689658075
2018-10-01,14.24126236218562
2018-10-02,4.934389233657208
2018-10-03,3.460633700877019
2018-10-04,9.120140447440036
2018-10-05,3.327942475767214
2018-10-08,3.7177392574829438
2018-10-09,1.1645825320656702
2018-10-10,18.116365720210517
2018-10-11,16.550544314848736
2018-10-12,16.291238229162193
2018-10-15,6.073671060382153
2018-10-16,10.366916047258513
2018-10-17,0.8073371363439237
2018-10-18,5.139892501957318
2018-10-19,6.006445363858719
2018-10-22,4.569224049586984
2018-10-23,1.5074058556214132
2018-10-24,20.429385803609218
2018-10-25,9.488207544454124
2018-10-26,5.280800231040919
2018-10-29,8.113950283512263
2018-10-30,5.4873941822112196
2018-10-31,9.93202424131648
2018-11-01,8.234888482957533
2018-11-02,4.968094928606138
2018-11-05,8.441945142677652
2018-11-06,0.5050840153001476
2018-11-07,6.012055251239252
2018-11-08,0.5655748546952325
2018-11-09,5.951084293174244
2018-11-12,6.4566991248604975
2018-11-13,0.4131695570367956
2018-11-14,0.7694937796946734
2018-11-15,3.2777324511442183
2018-11-16,1.475628560750067
2018-11-19,11.271263507825136
2018-11-20,5.611002069686318
2018-11-21,5.262830520676923
2018-11-23,2.3184084658805943
2018-11-26,3.6494810456517266
2018-11-27,5.438847805485706
2018-11-28,6.603929987490233
2018-11-29,0.11535221724657362
2018-11-30,1.0413282895533476
2018-12-03,1.623065354082069
2018-12-04,19.377535282850786
2018-12-06,3.101930563542394
2018-12-07,6.942626321538196
2018-12-10,4.404316649065176
2018-12-11,0.5273107544724289
2018-12-12,1.7247545455791145
2018-12-13,8.878891594561736
2018-12-14,4.0750302984063715
2018-12-17,5.320136402015996
2018-12-18,1.5867651070651718
2018-12-19,3.9012840736007175
2018-12-20,3.1609159381380345
2018-12-21,6.688689941377822
2018-12-24,13.360662608373968
2018-12-26,22.01262211859904
2018-12-27,3.9313164215005276
2018-12-28,1.40841572726552
2018-12-31,1.1499977018815608
2019-01-02,1.0379781524466178
2019-01-03,6.627282817690849
2019-01-04,10.84893198165928
2019-01-07,5.287920662391561
2019-01-08,2.603956660573361
2019-01-09,1.4454226398693686
2019-01-10,0.36332286741377096
2019-01-11,0.6217936456654491
2019-01-14,1.465208310009733
2019-01-15,2.7569933676240135
2019-01-16,1.3406448067030832
2019-01-17,1.0831943248910125
2019-01-18,3.4608864727729927
2019-01-22,2.1982675069971607
2019-01-23,0.7689278226037513
2019-01-24,2.1784582026262695
2019-01-25,1.5612238206459703
2019-01-28,0.9508900095152273
2019-01-29,3.37026043558644
2019-01-30,4.40360343440288
2019-01-31,1.4722779814839844
2019-02-01,1.2617037728666278
2019-02-04,1.3291192118689912
2019-02-05,0.9545646678048618
2019-02-06,0.19921007467958274
2019-02-07,0.9269486895290349
2019-02-08,0.020420172729493435
2019-02-11,2.5691215696721024
2019-02-12,1.6031385858874756
2019-02-13,0.8283526802159047
2019-02-14,1.3778349483148113
2019-02-15,7.942752597187694
2019-02-19,0.1657861809044141
2019-02-20,0.9165339665620691
2019-02-21,0.15053439297870647
2019-02-22,0.7169175806090774
2019-02-25,0.7301754451149765
2019-02-26,1.9501101489310981
2019-02-27,0.3222153595178154
2019-02-28,0.15417903877827688
2019-03-01,0.6615555387306854
2019-03-04,2.4113724368335996
2019-03-05,0.8593872826803911
2019-03-06,8.192880818873377
2019-03-07,0.7702773541937593
2019-03-08,0.11263794675351088
2019-03-11,2.664777952844835
2019-03-12,0.4126057402628366
2019-03-13,0.8316022173447599
2019-03-14,0.38202342324808125
2019-03-15,0.7752062082482194
2019-03-18,0.8801698037440605
2019-03-19,1.8472248128953106
2019-03-20,3.3604843741805417
2019-03-21,1.2473691515929515
2019-03-22,15.202563508287891
2019-03-25,1.3914149921608991
2019-03-26,1.419612652239869
2019-03-27,0.36576468643895277
2019-03-28,1.5739055895352454
2019-03-29,0.9276621820800339
2019-04-01,1.4686131486631953
2019-04-02,0.7962848643485824
2019-04-03,0.930807413847251
2019-04-04,1.4454569187460153
2019-04-05,1.3142287190213724
2019-04-08,0.5226515265648679
2019-04-09,2.6684380198249427
2019-04-10,4.506334528186141
2019-04-11,0.38658096138957265
2019-04-12,1.4847476999064917
2019-04-15,0.2864068627568778
2019-04-16,0.4711807452085468
2019-04-17,3.2563928453739166
2019-04-18,0.36547938013044146
2019-04-22,1.0250146414534336
2019-04-23,2.8248452716473658
2019-04-24,0.8935151551550536
2019-04-25,3.481046797354355
2019-04-26,2.0711448583034766
2019-04-29,0.788995046815504
2019-04-30,6.723191795437287
2019-05-01,2.0724802796859874
2019-05-02,1.6963514397824921
2019-05-03,4.949274877332881
2019-05-06,1.45465850654606
2019-05-07,3.6165425668865536
2019-05-08,0.30522442089583546
2019-05-09,0.14570566586311084
2019-05-10,1.2531908884806513
2019-05-13,8.530328303394436
2019-05-14,1.6274824791510896
2019-05-15,2.444335799937597
2019-05-16,1.2175783832767832
2019-05-17,2.5237460384157533
2019-05-20,3.9488431991394357
2019-05-21,1.655497884673679
2019-05-22,1.2166889632628601
2019-05-23,3.28307988024517
2019-05-24,2.535025950659436
2019-05-28,4.208344921530521
2019-05-29,0.7432001289297233
2019-05-30,1.0098822310091087
2019-05-31,2.076920780891961
2019-06-03,18.03654532282275
2019-06-04,5.487809077660556
2019-06-05,4.148159349361789
2019-06-06,4.762477257688906
2019-06-07,2.2909028890116003
2019-06-10,1.9095477307334265
2019-06-11,0.2171873218950546
2019-06-12,0.6938444326259063
2019-06-13,1.831913166768829
2019-06-14,1.7385896112547714
2019-06-17,2.6743515652004417
2019-06-18,1.2222189603619977
2019-06-19,0.12097637065360126
2019-06-20,2.2279900498384797
2019-06-21,1.8080661463924388
2019-06-24,3.8320469707322067
2019-06-25,3.243302570144359
2019-06-26,1.8708447270645245
2019-06-27,5.800390176258648
2019-06-28,3.3688260417622002
2019-07-01,3.1352776638488193
2019-07-02,1.4698320448927158
2019-07-03,0.8668824401363531
2019-07-05,0.8517316856344744
2019-07-08,0.7341785786985784
2019-07-09,1.3138543495218085
2019-07-10,0.9398632837967318
2019-07-11,1.8931447619430377
2019-07-12,0.6253305030862656
2019-07-15,1.374788931819832
2019-07-16,0.844045261727702
2019-07-17,1.6230753029465208
2019-07-18,0.34765383410690787
2019-07-19,0.6191156808825673
2019-07-22,2.4848020409724
2019-07-23,1.0658525047962208
2019-07-24,5.2800020245143315
2019-07-25,1.9432565428813218
2019-07-26,1.1888915549711498
2019-07-29,0.8664047381877306
2019-07-30,7.265502505483569
2019-07-31,2.3156513880702043
2019-08-01,3.5203540872293337
2019-08-02,2.0043788679041614
2019-08-05,9.563947512581699
2019-08-06,2.36246067587082
2019-08-07,0.9233903971371736
2019-08-08,3.6416216378808848
2019-08-09,1.362854709604778
2019-08-12,2.482586870991072
2019-08-13,3.685641616628165
2019-08-14,11.1288075756321
2019-08-15,2.071369395857594
2019-08-16,4.347819532512655
2019-08-19,1.6039151649763215
2019-08-20,1.3462289151631706
2019-08-21,0.7291450482061258
2019-08-22,0.7136504685687066
2019-08-23,7.042071294529219
2019-08-26,1.1165837846290259
2019-08-27,3.844358798728
2019-08-28,3.645308647832003
2019-08-29,2.0078094017503427
2019-08-30,0.3454941030536625
2019-09-03,2.3666521486523253
2019-09-04,1.2645787716406458
2019-09-05,2.178688838216115
2019-09-06,0.9505318652723567
2019-09-09,7.786459904246974
2019-09-10,5.302005426509135
2019-09-11,7.816360758842457
2019-09-12,0.3718028254975964
2019-09-13,0.6371186811008931
2019-09-16,2.1745477850781487
2019-09-17,1.7026752631764555
2019-09-18,1.2907012295501734
2019-09-19,0.6724106372373015
2019-09-20,1.6014383130747243
2019-09-23,0.022463379362259187
2019-09-24,2.913082137234564
2019-09-25,1.5556378343596324
2019-09-26,2.3588748170505176
2019-09-27,2.1564442355141966
2019-09-30,0.885462106437459
2019-10-01,4.712488252412872
2019-10-02,8.54598707039114
2019-10-03,1.3623986297453499
2019-10-04,3.259963982869572
2019-10-07,0.8005166258200188
2019-10-08,2.628608330603534
2019-10-09,1.4613650714507276
2019-10-10,0.781932416393144
2019-10-11,2.578707062380322
2019-10-14,0.3485261411992575
2019-10-15,0.9517332790047359
2019-10-16,0.6927290504600355
2019-10-17,2.5978098393459033
2019-10-18,1.4776543988763524
2019-10-21,0.9399694190570067
2019-10-22,1.6588013190884108
2019-10-23,0.3062859008076547
2019-10-24,5.4609460298313675
2019-10-25,0.6746451655962726
2019-10-28,1.434857214223469
2019-10-29,4.255261778936293
2019-10-30,1.3464957983603356
2019-10-31,1.3368185536628179
2019-11-01,2.9755436057989164
2019-11-04,0.2684374432729585
2019-11-05,0.5167705582120338
2019-11-06,2.499583593240506
2019-11-07,0.08649987377228477
2019-11-08,0.37521384403801594
2019-11-11,0.19225976290807728
2019-11-12,0.14389397710633386
2019-11-13,0.708519051972839
2019-11-14,0.2261311649458919
2019-11-15,1.1957206115305914
2019-11-18,0.36736528916235567
2019-11-19,1.5674107699777209
2019-11-20,0.29217786233688287
2019-11-21,0.32502178306927165
2019-11-22,0.27579773181653233
2019-11-25,7.470794541779761
2019-11-26,0.12918929739265764
2019-11-27,0.49545921252040587
2019-11-29,0.30273308870388627
2019-12-02,1.0623933095758225
2019-12-03,1.743818308901161
2019-12-04,1.091450955829776
2019-12-05,0.24037277082320763
2019-12-06,1.2272221051718293
2019-12-09,0.2596689853977452
2019-12-10,0.3386894223980669
2019-12-11,0.6484985519200368
2019-12-12,1.8352471367732388
2019-12-13,1.574126904179701
2019-12-16,0.5451177460269386
2019-12-17,0.8149775973511453
2019-12-18,0.4803982663239179
2019-12-19,0.6214090594865569
2019-12-20,0.6775241653484985
2019-12-23,0.2436450593773552
2019-12-24,0.41535131859131935
2019-12-26,2.442109566114342
2019-12-27,1.2193677956440292
2019-12-30,1.3743775898485322
2019-12-31,0.10372325291583374
2020-01-02,8.348214232008367
2020-01-03,2.159269669836605
2020-01-06,0.7179559981697495
2020-01-07,1.6682713165227019
2020-01-08,0.5948075263852279
2020-01-09,2.2959844140094576
2020-01-10,0.39817826421033764
2020-01-13,1.2762895079233392
2020-01-14,1.8027054275644767
2020-01-15,0.7164026566524564
2020-01-16,1.8839387273561277
2020-01-17,2.3599129642475845
2020-01-21,1.6278364618179526
2020-01-22,0.21778968737534227
2020-01-23,0.07796965643579568
2020-01-24,2.7143403055523434
2020-01-27,7.327558593264239
2020-01-28,2.749881580131821
2020-01-29,1.4114966352456575
2020-01-30,0.788832555491279
2020-01-31,10.53047651830051
2020-02-03,4.3450756319416435
2020-02-04,5.33580151060335
2020-02-05,16.302132859166385
2020-02-06,3.2006836466105053
2020-02-07,2.36663457003272
2020-02-10,1.9020987812677883
2020-02-11,1.2094481678916207
2020-02-12,0.7969353787095508
2020-02-13,1.1507756356115508
2020-02-14,1.1201548567843314
2020-02-18,2.157508752067662
2020-02-19,1.5810040256774056
2020-02-20,3.8471561823660174
2020-02-21,7.375837896144471
2020-02-24,22.181376164190514
2020-02-25,23.890701457493364
2020-02-26,9.022244452360692
2020-02-27,35.6648809871614
2020-02-28,15.446106636667999
2020-03-02,42.65603176302902
2020-03-03,11.9761487707009
2020-03-04,30.993098099658717
2020-03-05,17.513258132781893
2020-03-06,3.408245283037425
2020-03-09,68.05951479971466
2020-03-10,33.289401648855126
2020-03-11,27.267677377899258
2020-03-12,59.40661988712115
2020-03-13,50.06088792549703
2020-03-16,61.174626369085026
2020-03-17,13.43150785634538
2020-03-18,67.49563727187709
2020-03-19,83.99449995285545
2020-03-20,10.165195435366263
2020-03-23,57.10919709157772
2020-03-24,39.22279855363092
2020-03-25,20.36435478988627
2020-03-26,13.908286536000167
2020-03-27,4.5456091743526255
2020-03-30,6.691138213825992
2020-03-31,4.817854108046284
2020-04-01,13.379069829016885
2020-04-02,4.5609102157619255
2020-04-03,3.7516398604047008
2020-04-06,13.681288229288533
2020-04-07,0.5551370099777527
2020-04-08,10.97363810505117
2020-04-09,22.209898264502687
2020-04-13,20.128633070768227
2020-04-14,10.066330429880882
2020-04-15,10.404177024941005
2020-04-16,8.899701298384462
2020-04-17,15.80973995998356
2020-04-20,3.886091007350366
2020-04-21,5.5561771651343435
2020-04-22,4.442887953904724
2020-04-23,1.938052768264471
2020-04-24,0.7474807186643347
2020-04-27,9.830047289766883
2020-04-28,10.163993487203715
2020-04-29,9.898973415693517
2020-04-30,11.18518468799283
2020-05-01,3.373972470630223
2020-05-04,3.1419675540358463
2020-05-05,0.4143283684367382
2020-05-06,6.928572290542682
2020-05-07,0.7023996198843527
2020-05-08,5.07730835238602
2020-05-11,3.137032858504105
2020-05-12,2.5728913109936187
2020-05-13,2.948547568155799
2020-05-14,1.5137014757172924
2020-05-15,2.2591675846683
2020-05-18,13.73166737440138
2020-05-19,1.9248553237402002
2020-05-20,2.886911200891527
2020-05-21,1.6592349938145472
2020-05-22,0.2624559671965955
2020-05-26,9.094757118539903
2020-05-27,5.856813585169668
2020-05-28,5.7204864090697285
2020-05-29,4.053477677391738
2020-06-01,0.49499964544239783
2020-06-02,0.5462006044805091
2020-06-03,3.369197875824886
2020-06-04,1.1424407867505475
2020-06-05,4.060558466069711
2020-06-08,0.8416930644796423
2020-06-09,6.352284661664076
2020-06-10,10.36742416241557
2020-06-11,9.618015047053703
2020-06-12,1.7047097605736992
2020-06-15,3.8639901304522732
2020-06-16,0.9427987301685679
2020-06-17,2.713751193933048
2020-06-18,0.20853085524869275
2020-06-19,1.381212322695013
2020-06-22,1.0352126664755668
2020-06-23,0.34559620577940814
2020-06-24,2.0752308424755253
2020-06-25,0.5355458123822965
2020-06-26,1.8930322019622046
2020-06-29,3.0852204611477485
2020-06-30,1.0035982026954047
2020-07-01,3.0496564380185247
2020-07-02,0.060418019665145546
2020-07-06,3.092451445404248
2020-07-07,0.6949329448903059
2020-07-08,1.8292617320501041
2020-07-09,6.214810852792759
2020-07-10,1.405404556228422
2020-07-13,8.048883813153548
2020-07-14,1.3144459127591521
2020-07-15,6.990625330553636
2020-07-16,1.1457039124411468
2020-07-17,0.04343645895356173
2020-07-20,12.491954905287495
2020-07-21,5.637109561271283
2020-07-22,0.9743248673129896
2020-07-23,7.331386044778502
2020-07-24,1.5146609283961325
2020-07-27,3.61119076057344
2020-07-28,2.292526662360995
2020-07-29,0.9042763392768871
2020-07-30,2.2300300992497015
2020-07-31,4.653591316525576
2020-08-03,3.335690447426792
2020-08-04,0.14265370441501307
2020-08-05,1.6201462566377596
2020-08-06,0.9424510686409351
2020-08-07,5.846188439618755
2020-08-10,2.4036374429900254
2020-08-11,3.992211961683414
2020-08-12,2.977206153496149
2020-08-13,0.6685108804663487
2020-08-14,0.29600629422834107
2020-08-17,1.8478881333761283
2020-08-18,1.9072127161757668
2020-08-19,0.6430982422950112
2020-08-20,2.149824748376215
2020-08-21,1.2057463021767987
2020-08-24,1.0371531455814047
2020-08-25,0.44150450685892784
2020-08-26,4.38434602152131
2020-08-27,1.3198543745567928
2020-08-28,0.16302696866830735
2020-08-31,2.745461783926187
2020-09-01,1.5247072790220035
2020-09-02,2.8239858773355135
2020-09-03,12.574652766388688
2020-09-04,1.3108150077671274
2020-09-08,9.781830731549995
2020-09-09,2.605731128013341
2020-09-10,1.6090906454348803
2020-09-11,2.6877694376166597
2020-09-14,3.3622148762155653
2020-09-15,1.417227819846477
2020-09-16,4.049243982265684
2020-09-17,1.115332709958945
2020-09-18,1.1192486753035822
2020-09-21,5.92060282035436
2020-09-22,1.4292927624962206
2020-09-23,3.549694189904028
2020-09-24,0.08016727379806521
2020-09-25,1.7231841118048867
2020-09-28,1.1231840309293553
2020-09-29,0.16572382310542316
2020-09-30,0.7348534103798151
2020-10-01,3.846777994459874
2020-10-02,7.472002527182226
2020-10-05,2.1967271552950822
2020-10-06,2.1133555599179874
2020-10-07,0.6717772414653636
2020-10-08,0.5795855361139406
2020-10-09,0.8136503744309267
2020-10-12,3.412729574525935
2020-10-13,0.7302910474429728
2020-10-14,0.34845499904747623
2020-10-15,1.7170761607612832
2020-10-16,0.8796386925188175
2020-10-19,1.0137969023773103
2020-10-20,0.3016573395376015
2020-10-21,0.4647818145244253
2020-10-22,1.4248141399605128
2020-10-23,0.08614128144035137
2020-10-26,0.8496665429983777
2020-10-27,2.364705310337111
2020-10-28,3.8147767821625154
2020-10-29,0.7204721458069137
2020-10-30,6.136896972032277
2020-11-02,2.7239367853459533
2020-11-03,1.480133270068274
2020-11-04,11.184855099052132
2020-11-05,2.415578020942378
2020-11-06,0.40041342418906145
2020-11-09,21.85237542347276
2020-11-10,6.4406617942470845
2020-11-11,3.8286985233279136
2020-11-12,0.5538657580834412
2020-11-13,0.9125312196107507
2020-11-16,1.4243979054393587
2020-11-17,1.0944772073225582
2020-11-18,0.5077734150718454
2020-11-19,0.7691333861613225
2020-11-20,0.9878560427640232
2020-11-23,1.4565302072539852
2020-11-24,0.8405979797199994
2020-11-25,0.8254633029738581
2020-11-27,1.2615507181554952
2020-11-30,1.7046694503105453
2020-12-01,0.338340912823471
2020-12-02,0.2963523843568262
2020-12-03,0.6362469069070523
2020-12-04,1.7268850954334574
2020-12-07,0.9742725083786288
2020-12-08,1.263930088673682
2020-12-09,4.280833555061616
2020-12-10,2.8676352585269003
2020-12-11,0.33775941253875685
2020-12-14,2.733254745014128
2020-12-15,1.0335306326009865
2020-12-16,0.33132998280989967
2020-12-17,0.5996513273826093
2020-12-18,0.13173149500473144
2020-12-21,0.39389546470101633
2020-12-22,2.952523960660914
2020-12-23,0.7791270849090406
2020-12-24,0.47233375159816937
2020-12-28,2.1446675708282554
2020-12-29,2.7364560776176234
2020-12-30,0.6455952946832143
2020-12-31,2.2426668666580474
2021-01-04,0.5456505022959892
2021-01-05,0.9445201354483941
2021-01-06,10.11132925187447
2021-01-07,3.26332328680866
2021-01-08,0.8648657035631183
2021-01-11,1.3629497260575412
2021-01-12,2.5866094030749256
2021-01-13,0.837687828910467
2021-01-14,5.176256117622622
2021-01-15,0.8415077245247127
2021-01-19,1.4276529679130463
2021-01-20,1.6752074305989422
2021-01-21,0.9127575540931248
2021-01-22,2.554403895525158
2021-01-25,0.43173799118769607
2021-01-26,0.21436923889363022
2021-01-27,2.085051762951401
2021-01-28,2.646220070849833
2021-01-29,1.088350019524699
2021-02-01,3.189425845944546
2021-02-02,0.4881626566521327
2021-02-03,0.11515328330742909
2021-02-04,0.6401617719233983
2021-02-05,0.7448740743809157
2021-02-08,2.3323054852859433
2021-02-09,0.2925607547904181
2021-02-10,0.8273525352383501
2021-02-11,0.04386734012262049
2021-02-12,0.19029353576417318
2021-02-16,0.9303138794595156
2021-02-17,1.7988274879387367
2021-02-18,1.848103171033857
2021-02-19,4.403927152450906
2021-02-22,7.8635972225136825
2021-02-23,2.535133808776954
2021-02-24,1.0115213559036278
2021-02-25,6.026537793096006
2021-02-26,2.755021942846102
2021-03-01,2.327340699640556
2021-03-02,3.823027483837853
2021-03-03,5.299811796137596
2021-03-04,3.879466893885731
2021-03-05,1.3413482855076242
2021-03-08,8.206641201982675
2021-03-09,11.089698196076085
2021-03-10,1.5483161060000095
2021-03-11,5.921472413722407
2021-03-12,1.1712282066281903
2021-03-15,0.4685573376642185
2021-03-16,2.2785986688488795
2021-03-17,0.11226355537197244
2021-03-18,9.927253287572475
2021-03-19,2.91286561268255
2021-03-22,3.225852557039393
2021-03-23,9.242829051791343
2021-03-24,11.11080272832176
2021-03-25,2.3779474087206918
2021-03-26,2.3882718912972027
2021-03-29,9.744477776154472
2021-03-30,4.729755118520931
2021-03-31,4.103422614495098
2021-04-01,1.0431479542064657
2021-04-05,2.8399421895427697
2021-04-06,0.08884326654587982
2021-04-07,3.9611399603746325
2021-04-08,0.947761676175091
2021-04-09,1.8429524585102481
2021-04-12,0.7429942616129821
2021-04-13,1.1843373601709826
2021-04-14,2.016515800241617
2021-04-15,1.6257320172079908
2021-04-16,0.4569771761470856
2021-04-19,1.6440334627007605
2021-04-20,2.190188247191559
2021-04-21,1.9058608222974578
2021-04-22,1.5485600412576235
2021-04-23,0.9369735162309769
2021-04-26,2.306563393748206
2021-04-27,0.3139709980440909
2021-04-28,0.15647333084886972
2021-04-29,3.2112186831694034
2021-04-30,0.8597874400469274
2021-05-03,1.6338291410283565
2021-05-04,4.606336854892172
2021-05-05,0.9025659203012777
2021-05-06,2.661573648809029
2021-05-07,0.47362221724996467
2021-05-10,9.02689245560412
2021-05-11,3.8538885116082175
2021-05-12,5.06779137133789
2021-05-13,1.9456381997300447
2021-05-14,3.1659773351664304
2021-05-17,0.2684882716549888
2021-05-18,1.3808564461391057
2021-05-19,0.5553872629283341
2021-05-20,1.6992690432964064
2021-05-21,0.4862947100900667
2021-05-24,1.1291077413601283
2021-05-25,0.7516301720828201
2021-05-26,3.8969518283773805
2021-05-27,0.8055550523132105
2021-05-28,0.11305673230233432
2021-06-01,1.4126802947523556
2021-06-02,0.011389501293134315
2021-06-03,1.5135520912660416
2021-06-04,1.391007260094141
2021-06-07,3.646901486351704
2021-06-08,1.3851095325929537
2021-06-09,0.47794704589536974
2021-06-10,1.809813160510085
2021-06-11,0.7420997540018854
2021-06-14,1.0785207578357157
2021-06-15,0.7119193681500144
2021-06-16,1.1215435846961976
2021-06-17,3.380279371584572
2021-06-18,3.7639289974512278
2021-06-21,3.9351122011409285
2021-06-22,0.2528535837510148
2021-06-23,0.4771064193474749
2021-06-24,0.5948322422695363
2021-06-25,0.8650231237501484
2021-06-28,1.8035558209783806
2021-06-29,0.5267371761725859
2021-06-30,0.3107917470465567
2021-07-01,0.8456320066097903
2021-07-02,4.427363214976894
2021-07-06,1.9200965304921094
2021-07-07,2.6728024300457927
2021-07-08,1.436433196570555
2021-07-09,2.20636578932835
2021-07-12,0.3203213244295522
2021-07-13,2.798498075087756
2021-07-14,4.0073049727557875
2021-07-15,0.5109611384883938
2021-07-16,1.1091709705272947
2021-07-19,5.615816566611834
2021-07-20,4.009394481875306
2021-07-21,1.3331308562167472
2021-07-22,3.4492064857050653
2021-07-23,1.5127881608254674
2021-07-26,0.1988081774334714
2021-07-27,2.0598735687731247
2021-07-28,4.220031393398009
2021-07-29,0.5513580765948007
2021-07-30,0.4917201646069187
2021-08-02,0.43862308614718126
2021-08-03,1.4942272826579226
2021-08-04,2.265806110261112
2021-08-05,1.6359040837561045
2021-08-06,1.0817721411155738
2021-08-09,0.5179170860591955
2021-08-10,1.0211368938674412
2021-08-11,0.348406981572549
2021-08-12,0.8101214626860209
2021-08-13,1.4591014483921434
2021-08-16,1.7315658858388865
2021-08-17,1.2752176102294688
2021-08-18,2.2502925652071752
2021-08-19,2.0559027369931284
2021-08-20,1.2809938419823594
2021-08-23,2.3795880836121865
2021-08-24,1.1344499377303352
2021-08-25,0.05467031978100537
2021-08-26,0.808021592185363
2021-08-27,4.302417396522444
2021-08-30,1.6622119063036949
2021-08-31,0.3474172013389155
2021-09-01,0.5778268915279317
2021-09-02,0.2855848209649847
2021-09-03,0.5022956638236885
2021-09-07,1.0758423934792098
2021-09-08,1.6924544479406247
2021-09-09,0.9883003708983358
2021-09-10,1.0294149953436922
2021-09-13,0.4356851116192727
2021-09-14,1.312102578936813
2021-09-15,0.786670761457879
2021-09-16,0.4294162598974132
2021-09-17,3.1971060295141602
2021-09-20,4.556045938937364
2021-09-21,0.45270302282788333
2021-09-22,1.0552807212748703
2021-09-23,2.171029722027634
2021-09-24,0.6395256594261775
2021-09-27,3.7223066121652417
2021-09-28,6.627075157217588
2021-09-29,0.7083812921753063
2021-09-30,5.358172191629187
2021-10-01,2.393066372639403
2021-10-04,4.0120627246326155
2021-10-05,1.928976389763547
2021-10-06,1.5010406231186035
2021-10-07,1.1171690906335026
2021-10-08,0.6591251643703416
2021-10-11,0.9999514210468498
2021-10-12,1.087189823860271
2021-10-13,0.554649995472596
2021-10-14,4.133973457190026
2021-10-15,2.762911248317863
2021-10-18,0.8627845560255432
2021-10-19,0.92234215604549
2021-10-20,0.7997337828853945
2021-10-21,0.3190358040432934
2021-10-22,1.5278327586522602
2021-10-25,0.7297699072837414
2021-10-26,1.0406791273908331
2021-10-27,3.7565388186008297
2021-10-28,2.0111518242030204
2021-10-29,0.13033995589708203
2021-11-01,6.911339104000802
2021-11-02,0.221011646874355
2021-11-03,1.7456864352309256
2021-11-04,1.0206329097256517
2021-11-05,1.530342970299279
2021-11-08,0.026164404447268592
2021-11-09,0.5055751190558541
2021-11-10,3.3314074057960976
2021-11-11,1.290077345727406
2021-11-12,1.5444801405718995
2021-11-15,0.24744307634592708
2021-11-16,0.6686361864700485
2021-11-17,1.0503525479816713
2021-11-18,1.2549134922970877
2021-11-19,2.2490901460165778
2021-11-22,3.2708776456255704
2021-11-23,1.8835176448613025
2021-11-24,0.18859239672136763
2021-11-26,11.729567425135286
2021-11-29,7.028828480704323
2021-11-30,8.723893680830491
2021-12-01,3.7934299085119267
2021-12-02,7.572380652603953
2021-12-03,5.061008332840466
2021-12-06,3.36379682556863
2021-12-07,7.468977862704863
2021-12-08,0.559427812078995
2021-12-09,4.936006331796179
2021-12-10,4.058966230528329
2021-12-13,1.844983842912707
2021-12-14,1.2578660234214802
2021-12-15,3.93228282311782
2021-12-16,8.64559650313696
2021-12-17,11.85513150282296
2021-12-20,2.4174140648935967
2021-12-21,5.0186935604612355
2021-12-22,1.373787492199395
2021-12-23,0.47890549501149027
2021-12-27,3.230253622042155
2021-12-28,0.8056172149733354
2021-12-29,0.21844471349578146
2021-12-30,0.6180384071911814
2021-12-31,0.5627841302855567
2022-01-03,1.3307489396841883
2022-01-04,5.931785533260926
2022-01-05,9.268377980255229
2022-01-06,0.791019356377426
2022-01-07,1.2503218553869178
2022-01-10,0.43395633516108323
2022-01-11,1.4112850275713031
2022-01-12,1.5714270087842865
2022-01-13,7.661688716977323
2022-01-14,1.100049491706859
2022-01-18,5.875435891577821
2022-01-19,1.720966525209578
2022-01-20,2.244462218370211
2022-01-21,6.560028171701977
2022-01-24,5.464057657705012
2022-01-25,4.37877190998243
2022-01-26,2.2728910321965365
2022-01-27,4.224496361670973
2022-01-28,10.08203331621636
2022-01-31,8.965849993417901
2022-02-01,0.7205954186320177
2022-02-02,7.42188892798706
2022-02-03,12.68696829139282
2022-02-04,3.966061528795538
2022-02-07,1.903675530638743
2022-02-08,1.5268555238624653
2022-02-09,2.8857282266361146
2022-02-10,5.705307252071566
2022-02-11,8.29925862746219
2022-02-14,1.3874330965102992
2022-02-15,4.709345256650698
2022-02-16,0.15811214519673344
2022-02-17,6.131387007756681
2022-02-18,1.0059687577499272
2022-02-22,1.571477750998903
2022-02-23,5.117796403540496
2022-02-24,10.779904112490552
2022-02-25,11.382263578001758
2022-02-28,2.624137761207826
2022-03-01,3.9916617714682636
2022-03-02,6.591240993920324
2022-03-03,3.271978832664115
2022-03-04,2.48450763807628
2022-03-07,12.959274128597507
2022-03-08,4.834177547690167
2022-03-09,8.661547042399675
2022-03-10,1.2379938162988928
2022-03-11,3.2270776419616767
2022-03-14,5.517469159843683
2022-03-15,7.412036346265982
2022-03-16,9.431456431424083
2022-03-17,1.9988430161570476
2022-03-18,3.4248493263226503
2022-03-21,1.1767031605322642
2022-03-22,2.8572722303721507
2022-03-23,2.3892010642442103
2022-03-24,2.688428740195736
2022-03-25,2.7930445281383527
2022-03-28,2.718037662295332
2022-03-29,4.183765999130927
2022-03-30,2.716417196078951
2022-03-31,4.856493345881919
