Date,MSI
2013-04-02,0.8404666739356141
2013-04-03,5.998510092262551
2013-04-04,0.7093406046291675
2013-04-05,0.9518437881332928
2013-04-08,1.5173127703306348
2013-04-09,0.45749952427438945
2013-04-10,8.595600476326982
2013-04-11,0.13502626596639655
2013-04-12,0.482575212754237
2013-04-15,28.955507976895262
2013-04-16,7.970011847069253
2013-04-17,10.338029413760083
2013-04-18,2.8001840687340267
2013-04-19,3.9574363158054373
2013-04-22,1.0410881801036416
2013-04-23,4.855254338124864
2013-04-24,0.18910542294800797
2013-04-25,0.9049766355814314
2013-04-26,0.5629828356312967
2013-04-29,1.8903810436037902
2013-04-30,0.6964046867038175
2013-05-01,8.237920933387866
2013-05-02,5.276582057976844
2013-05-03,4.803894900373905
2013-05-06,0.38975281247371035
2013-05-07,0.8352446116271832
2013-05-08,0.4149551424379547
2013-05-09,0.5877747566032296
2013-05-10,1.453382493901507
2013-05-13,0.05711550389911464
2013-05-14,2.9881375363873888
2013-05-15,0.3345644899240053
2013-05-16,0.7896457315955117
2013-05-17,3.1913751994215485
2013-05-20,0.08388918619751608
2013-05-21,0.01667158948632245
2013-05-22,6.034916957881316
2013-05-23,0.28925274191560574
2013-05-24,0.054932844141895046
2013-05-28,2.5916666942854016
2013-05-29,2.8209399892225324
2013-05-30,0.9585142303964922
2013-05-31,6.377401681543789
2013-06-03,0.7134242782960333
2013-06-04,2.2394787665296745
2013-06-05,8.102301827338083
2013-06-06,2.5597728710871848
2013-06-07,4.822794593628161
2013-06-10,0.19537119784908674
2013-06-11,5.336513526410712
2013-06-12,4.201214563018634
2013-06-13,8.067806624488302
2013-06-14,2.3344298272621233
2013-06-17,1.8200752273689038
2013-06-18,2.920326152629194
2013-06-19,7.510837015744471
2013-06-20,24.76617860696878
2013-06-21,0.22240941585679172
2013-06-24,6.391668669705814
2013-06-25,2.9765923602441684
2013-06-26,2.0819187890983333
2013-06-27,3.6822572525396393
2013-06-28,0.5481623406347809
2013-07-01,2.8568423677549633
2013-07-02,0.05533888424951214
2013-07-03,0.08667599073474316
2013-07-05,4.789023250948576
2013-07-08,0.43959639311825927
2013-07-09,1.6691190816617372
2013-07-10,0.23948699781425353
2013-07-11,7.422219645167496
2013-07-12,0.49246405859766634
2013-07-15,0.346659742584775
2013-07-16,0.8527521829960607
2013-07-17,0.20730343146178143
2013-07-18,0.7410239557854572
2013-07-19,0.7842883724588122
2013-07-22,0.15470444650335594
2013-07-23,0.8585613884670735
2013-07-24,1.3710214053961565
2013-07-25,1.4318916849122763
2013-07-26,0.5182118533529746
2013-07-29,1.561862911892583
2013-07-30,0.26844744851351804
2013-07-31,0.07225827847714195
2013-08-01,6.746197200524744
2013-08-02,0.14647448539864452
2013-08-05,0.13778854997373918
2013-08-06,3.385560309817307
2013-08-07,1.5088871840555358
2013-08-08,0.5185012586699338
2013-08-09,0.5690375658944963
2013-08-12,0.3037724151345846
2013-08-13,0.31317015545762267
2013-08-14,1.341007399485178
2013-08-15,13.781049982939454
2013-08-16,0.5339966393318442
2013-08-19,2.6843288389752615
2013-08-20,3.0959034702440036
2013-08-21,1.7511365279841478
2013-08-22,4.719097661610721
2013-08-23,0.5017279014787516
2013-08-26,0.4219729708365395
2013-08-27,19.12037635323003
2013-08-28,0.30466293472710115
2013-08-29,1.683497510466612
2013-08-30,4.5341545044997975
2013-09-03,0.8986432943016813
2013-09-04,3.02069706514192
2013-09-05,0.10770831234346333
2013-09-06,0.007102022998835552
2013-09-09,6.288570092766447
2013-09-10,2.0127327988727512
2013-09-11,0.17209901380012466
2013-09-12,1.0656387549337036
2013-09-13,0.3133992437945501
2013-09-16,0.5491374933332384
2013-09-17,1.7872902748249624
2013-09-18,4.653103256876806
2013-09-19,0.19978201815109894
2013-09-20,1.5700682870748204
2013-09-23,0.708058274668313
2013-09-24,0.21413517025210596
2013-09-25,0.3744206592646717
2013-09-26,0.8557758734723608
2013-09-27,0.7775811400759329
2013-09-30,1.0340773567189325
2013-10-01,4.551150823647422
2013-10-02,0.42574579034366533
2013-10-03,5.248797086065118
2013-10-04,2.1287211831670856
2013-10-07,4.9671620968677885
2013-10-08,13.056591291438046
2013-10-09,0.6672065325716345
2013-10-10,20.97017535136743
2013-10-11,3.1004700451309004
2013-10-14,0.7971328799508633
2013-10-15,2.9586418405753547
2013-10-16,6.0434093439320655
2013-10-17,1.7141264777106842
2013-10-18,3.849667807990925
2013-10-21,0.13307041240925305
2013-10-22,0.48171561638805194
2013-10-23,1.5922800592524986
2013-10-24,0.7692936568731241
2013-10-25,0.34848089282242956
2013-10-28,0.09013581712934271
2013-10-29,0.46985181163986
2013-10-30,3.7595856396743543
2013-10-31,1.0532172700295621
2013-11-01,0.38853889045285867
2013-11-04,1.4125826030796729
2013-11-05,0.627075722913494
2013-11-06,0.7683255129463975
2013-11-07,14.28583095194017
2013-11-08,9.91714407716017
2013-11-11,0.021217875744690338
2013-11-12,0.28106728306038575
2013-11-13,3.3451055039370643
2013-11-14,0.31994128798822336
2013-11-15,0.3600238071894012
2013-11-18,3.2157518965832543
2013-11-19,1.209676177486724
2013-11-20,0.7327886158788381
2013-11-21,6.1524433544115364
2013-11-22,0.7488495834621814
2013-11-25,0.13248524594565653
2013-11-26,0.9883712019463922
2013-11-27,0.7753310343644968
2013-11-29,0.16452962506289276
2013-12-02,2.702565391032908
2013-12-03,0.9349280393340613
2013-12-04,0.2550047073543576
2013-12-05,0.6512833196447432
2013-12-06,3.1508686528271075
2013-12-09,0.11579807441186882
2013-12-10,1.6322244832901978
2013-12-11,10.053861137770824
2013-12-12,0.5411777927234811
2013-12-13,0.08192701483156911
2013-12-16,2.4191464817669144
2013-12-17,0.473964277931043
2013-12-18,8.239439938526314
2013-12-19,1.1448388410989883
2013-12-20,5.391193596194094
2013-12-23,2.5272178688386675
2013-12-24,0.1457410318572227
2013-12-26,0.30177501930142886
2013-12-27,0.36599945062758993
2013-12-30,0.11265556625291953
2013-12-31,0.5241197727341876
2014-01-02,5.296491184558155
2014-01-03,0.4435335435001032
2014-01-06,1.7234439781998598
2014-01-07,2.549623659564046
2014-01-08,0.10356301360720963
2014-01-09,0.21415763627832252
2014-01-10,0.4300453199924542
2014-01-13,10.817811914990424
2014-01-14,7.965066789506467
2014-01-15,1.4427235998512842
2014-01-16,0.10815910891395375
2014-01-17,1.4188389581396033
2014-01-21,0.8898314121385632
2014-01-22,0.2879646040791243
2014-01-23,3.606162995014939
2014-01-24,24.724518274905158
2014-01-27,5.472687706323416
2014-01-28,1.4499291880265255
2014-01-29,7.235083034427181
2014-01-30,8.774402598458307
2014-01-31,2.3477884305087833
2014-02-03,33.281262456717066
2014-02-04,2.324543907051393
2014-02-05,1.5641016841441924
2014-02-06,5.074374293678432
2014-02-07,7.960502750695431
2014-02-10,0.3089587532717521
2014-02-11,4.003623017278912
2014-02-12,0.09256978799189824
2014-02-13,3.113027458436688
2014-02-14,0.3080052235163593
2014-02-18,1.4571757694524146
2014-02-19,3.802219923485141
2014-02-20,2.154379180395949
2014-02-21,0.2420809426063235
2014-02-24,1.6330558600392848
2014-02-25,0.2161778373842233
2014-02-26,0.34353878459761034
2014-02-27,0.9090352979592324
2014-02-28,0.5861294765908466
2014-03-03,2.8562547768428237
2014-03-04,15.381878980006842
2014-03-05,0.13117527659724862
2014-03-06,0.16606997792569092
2014-03-07,0.4049895640089252
2014-03-10,0.18680737633621247
2014-03-11,3.0689177186525383
2014-03-12,0.1824953000488071
2014-03-13,8.462598315839633
2014-03-14,0.6612860607802938
2014-03-17,2.4698735400984217
2014-03-18,4.507672826596373
2014-03-19,2.476507478756393
2014-03-20,0.6004955769844409
2014-03-21,2.3730792147117774
2014-03-24,5.050350283687217
2014-03-25,0.2781538064313779
2014-03-26,8.630773023341554
2014-03-27,0.9242394728936629
2014-03-28,0.2999431057975633
2014-03-31,5.361768949492348
2014-04-01,5.701896334486668
2014-04-02,0.1467353332750633
2014-04-03,2.767365832875058
2014-04-04,19.418270621219207
2014-04-07,7.222727845682661
2014-04-08,1.3579680585633278
2014-04-09,7.265204256828989
2014-04-10,31.089056667734475
2014-04-11,7.037879303549158
2014-04-14,1.4869968391412192
2014-04-15,0.8300074620829127
2014-04-16,4.85297786254486
2014-04-17,0.23956204797607342
2014-04-21,0.6853275490191013
2014-04-22,2.4713757394222537
2014-04-23,2.0522669544620165
2014-04-24,0.3739823772498645
2014-04-25,9.978377947435867
2014-04-28,0.5179839223265613
2014-04-29,0.9259715076775872
2014-04-30,0.37542757893317635
2014-05-01,0.10980731815933018
2014-05-02,0.1521483531146553
2014-05-05,0.2144911545772862
2014-05-06,7.740628810635314
2014-05-07,0.711258202408159
2014-05-08,1.5566383908192314
2014-05-09,1.013157726137229
2014-05-12,11.157461082364033
2014-05-13,1.605817567556784
2014-05-14,4.196144106382803
2014-05-15,3.3386664464232143
2014-05-16,0.8433217852272705
2014-05-19,2.0778699127130427
2014-05-20,4.184399528256198
2014-05-21,2.155927952160866
2014-05-22,1.144616811444624
2014-05-23,2.0253662941412065
2014-05-27,4.200273016822987
2014-05-28,0.534641067165548
2014-05-29,0.7793184056313234
2014-05-30,0.39505841583601015
2014-06-02,0.3774894677063863
2014-06-03,0.16182090840998728
2014-06-04,0.3295636364935489
2014-06-05,5.844954220848631
2014-06-06,1.4999221250876986
2014-06-09,0.8065475478526544
2014-06-10,0.15339256819057914
2014-06-11,0.8194909999694645
2014-06-12,2.9192411936516685
2014-06-13,0.23877482571601705
2014-06-16,0.12155819886339217
2014-06-17,0.7731246982428841
2014-06-18,1.678664681484826
2014-06-19,0.05662369488878661
2014-06-20,0.11204631347309502
2014-06-23,0.19745651816168647
2014-06-24,2.924395557163792
2014-06-25,1.4717154901463936
2014-06-26,0.18418609969865316
2014-06-27,0.6853703982036052
2014-06-30,0.10791044067503631
2014-07-01,3.546331352651174
2014-07-02,0.4372753282295518
2014-07-03,1.4122393275540346
2014-07-07,5.353722413915851
2014-07-08,6.320955439915679
2014-07-09,0.8279599126889581
2014-07-10,2.33952499767328
2014-07-11,0.2533091972117652
2014-07-14,1.1248853605242706
2014-07-15,2.2915431172998337
2014-07-16,0.39383108389866084
2014-07-17,9.740243722711181
2014-07-18,7.978385790785595
2014-07-21,0.5382115329509821
2014-07-22,1.6538493485126347
2014-07-23,0.18242085480478498
2014-07-24,0.06758766040845422
2014-07-25,2.3917843017678346
2014-07-28,0.31863093457776076
2014-07-29,0.6856628899025522
2014-07-30,0.37999568432664055
2014-07-31,22.131981210457795
2014-08-01,0.8159503517818284
2014-08-04,2.3896529733992997
2014-08-05,3.375657693413544
2014-08-06,0.11637483786516033
2014-08-07,1.5597947907581313
2014-08-08,4.594645782972478
2014-08-11,1.500124160504141
2014-08-12,0.9785071236722073
2014-08-13,2.664207592317295
2014-08-14,0.4814536895711278
2014-08-15,0.1016000408601325
2014-08-18,4.65078852569861
2014-08-19,0.6642112193512912
2014-08-20,0.3316390941499169
2014-08-21,0.14586945109276264
2014-08-22,0.18029650116578833
2014-08-25,0.664142011324406
2014-08-26,0.7453872632127382
2014-08-27,0.11401273441836496
2014-08-28,0.7998788748860859
2014-08-29,0.868868050641963
2014-09-02,0.3319403662989938
2014-09-03,1.1992289892036843
2014-09-04,0.535620462385511
2014-09-05,0.6899831289371109
2014-09-08,0.3915432045027346
2014-09-09,4.305953494020764
2014-09-10,1.1709462387994949
2014-09-11,0.3850282580840354
2014-09-12,2.836477823238915
2014-09-15,3.735817180218096
2014-09-16,1.9728997685705378
2014-09-17,0.09086252854174519
2014-09-18,1.1885465574491607
2014-09-19,1.585347089396853
2014-09-22,6.690112457357329
2014-09-23,2.3877396066443115
2014-09-24,3.3526857274325184
2014-09-25,15.350307984951215
2014-09-26,3.433304315832066
2014-09-29,0.32668843300462813
2014-09-30,2.7552047739280576
2014-10-01,10.802633593037225
2014-10-02,1.0964710922220615
2014-10-03,4.495204933052618
2014-10-06,1.5076197932010063
2014-10-07,12.761567278505154
2014-10-08,15.60737545715184
2014-10-09,23.887197883190254
2014-10-10,13.04360712028468
2014-10-13,9.574072027570004
2014-10-14,1.6070213224728458
2014-10-15,2.8367791226173242
2014-10-16,1.7239203250355708
2014-10-17,4.828633361968131
2014-10-20,5.516021472455011
2014-10-21,17.938982222306578
2014-10-22,4.404778931655741
2014-10-23,9.352474981622114
2014-10-24,1.4938605534159421
2014-10-27,0.0939653432486645
2014-10-28,14.416462558227234
2014-10-29,0.3596215189318401
2014-10-30,1.4247109738321635
2014-10-31,7.154470321942641
2014-11-03,0.11961160746077698
2014-11-04,0.6266826806438632
2014-11-05,0.5783753237340254
2014-11-06,0.4944887812692006
2014-11-07,0.06268345097138474
2014-11-10,0.5427114554889727
2014-11-11,0.020961524120806114
2014-11-12,0.3879148688876648
2014-11-13,0.9287228205556531
2014-11-14,0.04511552571550759
2014-11-17,0.990233341459795
2014-11-18,1.164380477899066
2014-11-19,1.8620132171789416
2014-11-20,1.6148238124549021
2014-11-21,0.5215229640966922
2014-11-24,2.5130273177499
2014-11-25,0.06810203039076493
2014-11-26,0.6202549315908495
2014-11-28,2.426139663690624
2014-12-01,6.550571819827961
2014-12-02,2.592102753170076
2014-12-03,1.1151199369919358
2014-12-04,0.3825632574998874
2014-12-05,0.6663492571169494
2014-12-08,4.093253881249146
2014-12-09,3.3359751650864955
2014-12-10,15.163552059418052
2014-12-11,0.7622316385571326
2014-12-12,9.28908101506454
2014-12-15,3.6326867224719193
2014-12-16,3.8402757712135345
2014-12-17,22.434354797679
2014-12-18,18.705379254727546
2014-12-19,0.5166431247369314
2014-12-22,0.5186244084356713
2014-12-23,0.2240547318784266
2014-12-24,0.1324795245831069
2014-12-26,1.0888709097010714
2014-12-29,0.08959143676717894
2014-12-30,1.4085341001733913
2014-12-31,3.8216435460371216
2015-01-02,0.34322937456997127
2015-01-05,11.927008842089451
2015-01-06,6.493167894332765
2015-01-07,5.584806619755334
2015-01-08,12.043235042109249
2015-01-09,2.848563269117764
2015-01-12,2.51458397003666
2015-01-13,0.17977870347736155
2015-01-14,1.1237332639140014
2015-01-15,7.779021195116987
2015-01-16,8.518379991867569
2015-01-20,0.486911056332368
2015-01-21,0.5029890965104654
2015-01-22,11.407109909034517
2015-01-23,0.715685726408312
2015-01-26,0.992185375551522
2015-01-27,8.500488253794188
2015-01-28,7.269362100738023
2015-01-29,3.9701538876974922
2015-01-30,9.144827140317613
2015-02-02,4.3819350781269994
2015-02-03,7.765765629582224
2015-02-04,0.7619893939146515
2015-02-05,4.7951692014128176
2015-02-06,0.6889067302628984
2015-02-09,1.3038175718512248
2015-02-10,4.2057434309999575
2015-02-11,0.09615107920961105
2015-02-12,4.449238419127365
2015-02-13,1.098256990472458
2015-02-17,0.03637146882005293
2015-02-18,0.06573573533810498
2015-02-19,0.17390441825995345
2015-02-20,1.07724158208969
2015-02-23,0.016320576281984737
2015-02-24,0.1192904962312834
2015-02-25,0.04505965105307472
2015-02-26,0.3217653165851344
2015-02-27,0.8439125697826371
2015-03-02,2.026899281717812
2015-03-03,1.3824896709071293
2015-03-04,0.6858065710663697
2015-03-05,0.16777479398108713
2015-03-06,7.521922727960593
2015-03-09,0.5286296005126064
2015-03-10,10.73744629634859
2015-03-11,0.5183073600817558
2015-03-12,6.293997640885543
2015-03-13,1.228113387759321
2015-03-16,5.087658270590079
2015-03-17,0.30370568886086474
2015-03-18,3.976012782373917
2015-03-19,0.5719251642087476
2015-03-20,2.5220656787550295
2015-03-23,0.3026016956941296
2015-03-24,1.0240927586119422
2015-03-25,16.922348469927257
2015-03-26,0.3158307904144896
2015-03-27,0.8126694639147851
2015-03-30,5.800131725869615
2015-03-31,2.928595216496785
2015-04-01,0.6397086622018557
2015-04-02,0.25126470560637654
2015-04-06,1.1758688505388057
2015-04-07,0.5542923705420746
2015-04-08,1.366674925143109
2015-04-09,0.6219926156274441
2015-04-10,0.7220123468010351
2015-04-13,0.5825497702717679
2015-04-14,0.16462599152695523
2015-04-15,1.4907657274521513
2015-04-16,0.12510917272155248
2015-04-17,9.233185343038329
2015-04-20,4.533583773118586
2015-04-21,0.22023648989115008
2015-04-22,0.5636053772043995
2015-04-23,0.4091725459999458
2015-04-24,0.7641269691353579
2015-04-27,2.71634024644016
2015-04-28,0.39126171654724257
2015-04-29,2.187307823340218
2015-04-30,11.2111880199471
2015-05-01,4.499503589559746
2015-05-04,0.2795572693890879
2015-05-05,8.812170326152906
2015-05-06,0.8460495348691378
2015-05-07,0.7047287616995894
2015-05-08,5.348345723048581
2015-05-11,0.6681670990359098
2015-05-12,0.5520781464961877
2015-05-13,0.028115586485644953
2015-05-14,5.385007206704829
2015-05-15,0.04879923541314161
2015-05-18,1.6444860004361073
2015-05-19,0.1605370968177137
2015-05-20,0.05445954056149775
2015-05-21,0.20610062115548353
2015-05-22,0.3262934990831742
2015-05-26,5.488754515861062
2015-05-27,5.776786764352077
2015-05-28,0.1610191478603623
2015-05-29,1.7247585534300613
2015-06-01,0.13970286205345028
2015-06-02,0.11125146902917049
2015-06-03,1.3241873693882567
2015-06-04,3.7903882508451687
2015-06-05,0.6900885798688261
2015-06-08,2.6235980881138037
2015-06-09,0.20640593252047137
2015-06-10,6.412404066977119
2015-06-11,0.05171079725362479
2015-06-12,1.7537527366303047
2015-06-15,0.8948401544766025
2015-06-16,1.2533693757469642
2015-06-17,0.08845557332077388
2015-06-18,5.634880764230004
2015-06-19,0.760771444588733
2015-06-22,1.5193120293322997
2015-06-23,0.05971039184185441
2015-06-24,2.9334067103636183
2015-06-25,0.2949787224061428
2015-06-26,0.757202351510617
2015-06-29,23.043166988529
2015-06-30,0.8082411007561404
2015-07-01,1.118951087937803
2015-07-02,0.5209604081924651
2015-07-06,0.52866160195652
2015-07-07,0.593530395999671
2015-07-08,11.848375112867114
2015-07-09,0.30056703001244656
2015-07-10,7.565650974859711
2015-07-13,5.748269197706816
2015-07-14,1.1360554773286176
2015-07-15,0.6625630215081351
2015-07-16,3.3428387961400614
2015-07-17,1.2334013588042203
2015-07-20,0.3901312842886665
2015-07-21,0.7059016663602127
2015-07-22,0.973425741959895
2015-07-23,2.342253985911686
2015-07-24,6.50594268715964
2015-07-27,2.9643621702405576
2015-07-28,4.230726748680216
2015-07-29,1.1537734919313318
2015-07-30,0.12433077363043243
2015-07-31,0.3962806941241301
2015-08-03,0.7062676477640851
2015-08-04,0.2954750706464498
2015-08-05,0.6608431940043705
2015-08-06,6.902202078920665
2015-08-07,0.9533204973984425
2015-08-10,6.014100105645585
2015-08-11,5.04431254418532
2015-08-12,0.06658251760198053
2015-08-13,0.29275112582726665
2015-08-14,0.7565303040047898
2015-08-17,2.3958113074260634
2015-08-18,1.5751804329300245
2015-08-19,3.2490337102712328
2015-08-20,24.674700654146775
2015-08-21,32.46224281908024
2015-08-24,53.05999162485518
2015-08-25,3.1067031565855268
2015-08-26,44.414847115466344
2015-08-27,16.757680624549856
2015-08-28,0.7215342178759174
2015-08-31,2.165625535569931
2015-09-01,25.62347514798521
2015-09-02,11.97774100448234
2015-09-03,0.14890536257957362
2015-09-04,4.340676713359277
2015-09-08,18.529973927460574
2015-09-09,4.634871890219253
2015-09-10,1.0767487337878041
2015-09-11,0.6178333774623606
2015-09-14,0.44074893872453685
2015-09-15,4.020126071052344
2015-09-16,1.6812506107593577
2015-09-17,0.26267693746463305
2015-09-18,6.6786913196682836
2015-09-21,0.27033879778717307
2015-09-22,6.002338333525048
2015-09-23,0.1287920915822075
2015-09-24,0.32702322224411295
2015-09-25,2.560103047083142
2015-09-28,22.814333794194567
2015-09-29,0.6885214401747155
2015-09-30,10.556815475957642
2015-10-01,0.13409470651939154
2015-10-02,6.796597511393033
2015-10-05,10.831238003701237
2015-10-06,1.063630360953205
2015-10-07,3.7741849179752807
2015-10-08,1.6270856608292308
2015-10-09,0.13180833385480656
2015-10-12,0.03543799777504699
2015-10-13,3.308278660138379
2015-10-14,1.2570041145445634
2015-10-15,9.71763488007051
2015-10-16,0.281604751698963
2015-10-19,0.12747252041007184
2015-10-20,0.3284201809974207
2015-10-21,3.481201106532317
2015-10-22,6.094191745471302
2015-10-23,6.7492852639302425
2015-10-26,0.36036443491766695
2015-10-27,1.5298030466188675
2015-10-28,10.702808994123256
2015-10-29,1.3436569370908822
2015-10-30,0.5613482630356357
2015-11-02,7.248981984988655
2015-11-03,0.3384535651331559
2015-11-04,0.17628919172113322
2015-11-05,0.12237586026637642
2015-11-06,0.6120827568549098
2015-11-09,3.6036878477477092
2015-11-10,0.1573173990540154
2015-11-11,0.843334243166598
2015-11-12,7.0888686317551
2015-11-13,4.088285621253605
2015-11-16,4.167204456199283
2015-11-17,0.07770011935771536
2015-11-18,7.827427944604803
2015-11-19,0.1848568677588228
2015-11-20,0.9174848020207498
2015-11-23,0.19645161129955888
2015-11-24,0.46279153693764447
2015-11-25,0.5642665348115466
2015-11-27,0.13873330659631117
2015-11-30,0.512221135017837
2015-12-01,2.1570368469362062
2015-12-02,2.7185218937073006
2015-12-03,7.609091367441932
2015-12-04,9.121360495272297
2015-12-07,3.4522301346729978
2015-12-08,0.6374944661446849
2015-12-09,3.906740703530291
2015-12-10,0.261661574125481
2015-12-11,12.863907827901699
2015-12-14,0.7517046564492242
2015-12-15,3.664059024088794
2015-12-16,6.4815790023525715
2015-12-17,5.3938739392595325
2015-12-18,7.034336745885097
2015-12-21,1.7385641075257918
2015-12-22,1.9125738713862432
2015-12-23,3.9359144470008074
2015-12-24,0.05800472505147518
2015-12-28,0.353238968007969
2015-12-29,3.7069320770137217
2015-12-30,1.9802262336946672
2015-12-31,3.4854652988110653
2016-01-04,11.535753718481772
2016-01-05,0.13273255328704053
2016-01-06,4.802838464382214
2016-01-07,20.08324756920352
2016-01-08,4.497324845911485
2016-01-11,0.14199016260989736
2016-01-12,1.6332190162343894
2016-01-13,25.01086417928599
2016-01-14,8.19644950984043
2016-01-15,13.014307623332012
2016-01-19,1.3107744626467515
2016-01-20,1.5119955305650485
2016-01-21,0.31944226757296296
2016-01-22,14.700470270829964
2016-01-25,8.389154731367874
2016-01-26,6.651277523885062
2016-01-27,6.5071734772216585
2016-01-28,0.9211445778972916
2016-01-29,18.920271202579443
2016-02-01,0.062066196365504464
2016-02-02,11.095852809714764
2016-02-03,0.35510051534078363
2016-02-04,0.2523506749853134
2016-02-05,17.164256417817874
2016-02-08,6.1159582502400625
2016-02-09,0.2534450676140438
2016-02-10,0.11649210579720193
2016-02-11,2.080770713669207
2016-02-12,8.993705298991786
2016-02-16,11.410186213852628
2016-02-17,8.15784384791425
2016-02-18,1.1213825831000452
2016-02-19,0.3944115593856766
2016-02-22,4.718034300371781
2016-02-23,3.358302889596242
2016-02-24,1.606121423389304
2016-02-25,2.52023509427924
2016-02-26,0.3317092498067407
2016-02-29,0.9271141824430021
2016-03-01,14.053420763111149
2016-03-02,1.142121646491299
2016-03-03,0.8873770057536174
2016-03-04,0.3921946187895177
2016-03-07,1.03217919025411
2016-03-08,6.26158831242737
2016-03-09,0.6475289450738666
2016-03-10,0.47657566296326487
2016-03-11,8.532239964463674
2016-03-14,0.062439716399608526
2016-03-15,1.9280645862528771
2016-03-16,1.1382072133581664
2016-03-17,2.3019409837567912
2016-03-18,1.0347180433324212
2016-03-21,0.10350913681056974
2016-03-22,0.060465900385238906
2016-03-23,3.8763015645236476
2016-03-24,0.12664314639323995
2016-03-28,0.025659100642749923
2016-03-29,7.884606341002792
2016-03-30,0.3366057029515516
2016-03-31,0.13339957494666693
2016-04-01,1.0410130111554663
2016-04-04,0.6759729704566821
2016-04-05,2.45019036861361
2016-04-06,3.805099794832188
2016-04-07,4.1313527404570225
2016-04-08,0.22390658874303687
2016-04-11,0.18508342430558372
2016-04-12,2.123357055670596
2016-04-13,5.974149104750001
2016-04-14,0.00612367560020273
2016-04-15,0.06787831755596786
2016-04-18,0.9303743578199755
2016-04-19,0.20281197995748632
2016-04-20,0.05502527568495308
2016-04-21,0.44341472795960346
2016-04-22,1.124110255538553
2016-04-25,0.41598549387502193
2016-04-26,0.9407812997059786
2016-04-27,0.2775530180711152
2016-04-28,2.710802332317901
2016-04-29,0.9502580323675882
2016-05-02,1.6856057546580152
2016-05-03,3.481199477405415
2016-05-04,1.1232662073241544
2016-05-05,0.14789516393345306
2016-05-06,0.5080754302582291
2016-05-09,0.15725863125195436
2016-05-10,3.190681820767622
2016-05-11,2.5545358376434684
2016-05-12,0.3390678540655422
2016-05-13,0.9264801519591233
2016-05-16,3.1114768464767555
2016-05-17,3.6269624932492204
2016-05-18,0.37732028436570086
2016-05-19,0.6491890591400351
2016-05-20,3.203501412635201
2016-05-23,0.03967025872952053
2016-05-24,7.737346198006126
2016-05-25,0.9683679334791302
2016-05-26,0.02014982048449633
2016-05-27,1.0865707105259643
2016-05-31,0.1836190916951967
2016-06-01,0.3836869991899493
2016-06-02,0.4771640090225294
2016-06-03,0.5058343650308668
2016-06-06,1.2349802503440368
2016-06-07,0.08192826058222344
2016-06-08,0.5557108324049471
2016-06-09,0.37313113116384933
2016-06-10,3.3241579488298925
2016-06-13,2.0250077533223125
2016-06-14,0.06712031477662497
2016-06-15,0.06624777368191205
2016-06-16,0.1260719988980651
2016-06-17,0.7034672664248542
2016-06-20,1.6692313920060955
2016-06-21,0.14098116463068416
2016-06-22,0.15517797880254186
2016-06-23,6.168702135067097
2016-06-24,31.979856841838142
2016-06-27,13.579608386062596
2016-06-28,7.464331218176082
2016-06-29,7.834368807211018
2016-06-30,4.723916797493793
2016-07-01,0.26147263978549634
2016-07-05,2.199122858886558
2016-07-06,0.9096079837456733
2016-07-07,0.13037087317944832
2016-07-08,7.321310808029958
2016-07-11,1.1006785603369658
2016-07-12,1.8120679641308834
2016-07-13,0.1607284562289119
2016-07-14,0.44471045895318395
2016-07-15,0.058802285320741304
2016-07-18,0.25321833967007956
2016-07-19,0.3423703166568896
2016-07-20,1.2468435052331923
2016-07-21,0.34000021938639935
2016-07-22,0.6663707251999462
2016-07-25,0.13181911198381216
2016-07-26,0.243523363163973
2016-07-27,0.24967218823314863
2016-07-28,0.08193300185386186
2016-07-29,0.05578096538060934
2016-08-01,0.13447324219514634
2016-08-02,2.0682364239534023
2016-08-03,0.6397535712744682
2016-08-04,0.011293065759917112
2016-08-05,2.606824761913578
2016-08-08,0.03614281806505569
2016-08-09,0.036131313042618
2016-08-10,0.5059782730821701
2016-08-11,0.43646269217465994
2016-08-12,0.013231014484065879
2016-08-15,0.821123127144489
2016-08-16,1.082350028862816
2016-08-17,0.08021276739351399
2016-08-18,0.3691775446524757
2016-08-19,0.05097315830441994
2016-08-22,0.03994531773855268
2016-08-23,0.36519387813267934
2016-08-24,1.5046110638345973
2016-08-25,0.07353826465493021
2016-08-26,0.07433667549864112
2016-08-29,0.45681461595412187
2016-08-30,0.11006502559202376
2016-08-31,0.33153409302216114
2016-09-01,0.04537543444306751
2016-09-02,0.9108100365254048
2016-09-06,0.24919966511676678
2016-09-07,0.24149974166057186
2016-09-08,0.3482610691012469
2016-09-09,19.519638810890722
2016-09-12,5.840409105026713
2016-09-13,6.180185363419322
2016-09-14,0.10464905527209396
2016-09-15,3.842738957700596
2016-09-16,0.24525897408865704
2016-09-19,0.28827121273045714
2016-09-20,0.10291330623404363
2016-09-21,3.2425124727871593
2016-09-22,2.30490672049459
2016-09-23,1.3086927267169122
2016-09-26,2.7422169006808597
2016-09-27,1.169512422394272
2016-09-28,0.6305351975581232
2016-09-29,3.522760354664006
2016-09-30,2.050080120001496
2016-10-03,0.4105453110392695
2016-10-04,0.5948008921139494
2016-10-05,0.6865284622789805
2016-10-06,0.07167261695814017
2016-10-07,0.7087007109610381
2016-10-10,1.4626304767852865
2016-10-11,6.7332872787537665
2016-10-12,0.04225552514002393
2016-10-13,1.0430575255517287
2016-10-14,0.06385717597789056
2016-10-17,0.24734746879743388
2016-10-18,1.2425904007460788
2016-10-19,0.17025465945666374
2016-10-20,0.08921076456794505
2016-10-21,0.08992430075190386
2016-10-24,1.4339583225697374
2016-10-25,0.9988185298935236
2016-10-26,1.1068277412554939
2016-10-27,1.6895847974902396
2016-10-28,0.3989798858826824
2016-10-31,0.07424231870178223
2016-11-01,2.000209133176872
2016-11-02,2.6279429312360514
2016-11-03,1.2036495370811144
2016-11-04,0.3313219818762607
2016-11-07,15.623386274954356
2016-11-08,0.44011529119451875
2016-11-09,9.343448497489904
2016-11-10,2.3694465181347373
2016-11-11,4.408787319808351
2016-11-14,1.1715987670332872
2016-11-15,1.780918232570412
2016-11-16,0.14786749361887794
2016-11-17,0.9188012273641875
2016-11-18,0.2734830705795216
2016-11-21,1.49999570780542
2016-11-22,0.6644228750179823
2016-11-23,0.21971413640303783
2016-11-25,0.33435017656536314
2016-11-28,1.963436222750536
2016-11-29,0.06611155322280532
2016-11-30,1.3613665578988743
2016-12-01,2.3071951895352143
2016-12-02,0.005097084343988424
2016-12-05,3.4755207584353065
2016-12-06,1.0749842150594886
2016-12-07,3.792584229539246
2016-12-08,1.8453627814162301
2016-12-09,0.6076042402053089
2016-12-12,1.3859644637901125
2016-12-13,1.3239658680791515
2016-12-14,2.638856743476972
2016-12-15,0.6046532077052824
2016-12-16,0.2734436982777307
2016-12-19,0.30284223242219693
2016-12-20,0.8372470042662548
2016-12-21,0.5601808823941514
2016-12-22,1.0123960080960195
2016-12-23,0.3166209170973765
2016-12-27,0.3231482861730937
2016-12-28,3.2373533923835014
2016-12-29,0.04151301344306112
2016-12-30,1.4933413398822464
2017-01-03,1.7970455102285972
2017-01-04,2.901183752120234
2017-01-05,1.2970430577535796
2017-01-06,0.5770654675510134
2017-01-09,0.8213609697373387
2017-01-10,0.684908125437419
2017-01-11,0.09690518045972887
2017-01-12,1.1549839352913325
2017-01-13,0.5640653416981554
2017-01-17,2.8456665165321424
2017-01-18,0.15842258608380544
2017-01-19,1.4086267973449527
2017-01-20,0.25203618608051276
2017-01-23,0.37751085686764596
2017-01-24,3.1508816184128916
2017-01-25,2.5443974133555862
2017-01-26,0.38289834202068
2017-01-27,0.24422450367087445
2017-01-30,3.910797821521209
2017-01-31,0.35166549728403995
2017-02-01,0.24183941344547838
2017-02-02,0.22423122890240654
2017-02-03,2.7856037339360697
2017-02-06,1.0637890742960288
2017-02-07,0.29597433436354836
2017-02-08,0.09471817924679142
2017-02-09,2.4057398425812555
2017-02-10,0.5894307365365701
2017-02-13,0.7313658853224216
2017-02-14,0.3291024894578898
2017-02-15,0.9774998650436506
2017-02-16,0.3411108241347415
2017-02-17,0.16578831407218858
2017-02-21,1.197721899009605
2017-02-22,0.47136270267224645
2017-02-23,1.0305918117775807
2017-02-24,0.0337213361208788
2017-02-27,0.7517008114986582
2017-02-28,3.642821684877449
2017-03-01,9.859601882707594
2017-03-02,3.9413540529034394
2017-03-03,0.05234148603930869
2017-03-06,1.4031183406188623
2017-03-07,1.1220715528427987
2017-03-08,0.7635601912342813
2017-03-09,0.28191747865755945
2017-03-10,0.4074238718211024
2017-03-13,0.10933094010283151
2017-03-14,1.1476537893405456
2017-03-15,4.181749243158762
2017-03-16,0.15450395504529024
2017-03-17,0.1922955071015981
2017-03-20,0.5792981112907083
2017-03-21,18.06191239343012
2017-03-22,0.3340036508964027
2017-03-23,0.3381200239542466
2017-03-24,0.07027693719514204
2017-03-27,0.09877670891531086
2017-03-28,1.9933963778884545
2017-03-29,0.2225949892611018
2017-03-30,0.6906493003752433
2017-03-31,0.25952608422821555
2017-04-03,1.9701198649388556
2017-04-04,0.04285251726991671
2017-04-05,2.7300619044559378
2017-04-06,0.7708359830935867
2017-04-07,0.07325244134070023
2017-04-10,0.012736631972427243
2017-04-11,0.6968477127609431
2017-04-12,3.035855421397674
2017-04-13,3.271138436367951
2017-04-17,4.203666371621848
2017-04-18,0.36339386898433523
2017-04-19,0.2670500391399797
2017-04-20,3.955210627991575
2017-04-21,0.5426154652839067
2017-04-24,6.675546314516893
2017-04-25,2.194746359390932
2017-04-26,0.30143513729473265
2017-04-27,0.22725210788103678
2017-04-28,1.8198873000298672
2017-05-01,0.9200279971030083
2017-05-02,0.4691114321042937
2017-05-03,1.0238493026285347
2017-05-04,0.06636579113765273
2017-05-05,0.7524222146745387
2017-05-08,0.24748022165215397
2017-05-09,0.1480856095427555
2017-05-10,0.22786251723400666
2017-05-11,1.0291272611453257
2017-05-12,0.5297201618437053
2017-05-15,1.2475667723831898
2017-05-16,0.1463670562867649
2017-05-17,31.10537073762658
2017-05-18,1.090760359949486
2017-05-19,1.4140349269381673
2017-05-22,1.9925019263894357
2017-05-23,0.08570109648581745
2017-05-24,0.2739529336412518
2017-05-25,1.0726458674536385
2017-05-26,0.02945231671026325
2017-05-30,0.9667480381677238
2017-05-31,0.10163425587660746
2017-06-01,5.633198604518824
2017-06-02,1.9859266875584138
2017-06-05,0.7403350330169309
2017-06-06,0.6778242308995666
2017-06-07,0.15526666989500357
2017-06-08,1.8630984203290595
2017-06-09,6.990771717726646
2017-06-12,0.8760812894110772
2017-06-13,1.2969376488300821
2017-06-14,1.051462333841966
2017-06-15,1.2620173343890135
2017-06-16,0.30719091593453995
2017-06-19,5.401553669491384
2017-06-20,4.444193949625621
2017-06-21,0.9393075899690678
2017-06-22,0.15088047512232028
2017-06-23,0.7371596882027565
2017-06-26,0.39759716912935666
2017-06-27,11.075893713215052
2017-06-28,9.365589425289492
2017-06-29,9.299814150339087
2017-06-30,0.12257104971935867
2017-07-03,1.5533640672489746
2017-07-05,1.1677499423880504
2017-07-06,9.162861466740742
2017-07-07,4.764294769970817
2017-07-10,0.653841578997836
2017-07-11,0.2292678007721386
2017-07-12,4.82861002935909
2017-07-13,0.10674717562115449
2017-07-14,1.3119667807623816
2017-07-17,0.0403546800938559
2017-07-18,0.5033309443901804
2017-07-19,2.684200704712325
2017-07-20,0.01980008409474207
2017-07-21,0.4240756299016766
2017-07-24,0.27693144504430633
2017-07-25,1.0220871032268066
2017-07-26,0.5275731610316853
2017-07-27,1.8763045180093352
2017-07-28,0.4092253111597182
2017-07-31,0.8327885483959877
2017-08-01,0.22256881462471212
2017-08-02,1.7107052472893753
2017-08-03,1.195461804227914
2017-08-04,0.35332967182071595
2017-08-07,0.48708569458515677
2017-08-08,0.698331047268716
2017-08-09,1.6218317317831135
2017-08-10,23.680593489964423
2017-08-11,0.7677458711855014
2017-08-14,9.531408996955873
2017-08-15,1.029459725249101
2017-08-16,0.06166777653579243
2017-08-17,22.147193159938997
2017-08-18,0.2607473584701553
2017-08-21,0.06595227171902514
2017-08-22,8.104246542703756
2017-08-23,0.9085449711331609
2017-08-24,0.394867332921471
2017-08-25,0.16950021700780754
2017-08-28,0.20146862783850167
2017-08-29,0.11522706007651827
2017-08-30,2.9533982824725324
2017-08-31,3.708502108500827
2017-09-01,0.4410856411811908
2017-09-05,5.771646261960411
2017-09-06,0.35154674799739816
2017-09-07,0.151289172118058
2017-09-08,1.2003437063521658
2017-09-11,8.250384548651816
2017-09-12,0.8434755382970511
2017-09-13,0.04325778493732221
2017-09-14,0.924792151265737
2017-09-15,0.39405738383956374
2017-09-18,0.49424955578292934
2017-09-19,0.028473142506761646
2017-09-20,0.17763019207320513
2017-09-21,1.4427817878332103
2017-09-22,0.21361973625090355
2017-09-25,2.517469469206881
2017-09-26,0.1298348518274954
2017-09-27,7.949694077011488
2017-09-28,0.08419607368455505
2017-09-29,1.2308705553119563
2017-10-02,2.493745467153662
2017-10-03,0.16505446581207314
2017-10-04,0.19880925603769928
2017-10-05,2.3099733120581143
2017-10-06,0.1970267215407147
2017-10-09,0.8505885635841643
2017-10-10,0.1864409790626958
2017-10-11,0.14813486645729712
2017-10-12,0.5284343503143022
2017-10-13,0.1307119246013077
2017-10-16,0.14163221991895464
2017-10-17,0.29166100646472454
2017-10-18,0.27706255053966644
2017-10-19,0.49550516566339564
2017-10-20,1.3278702405215301
2017-10-23,3.461733106192553
2017-10-24,0.06961546656929964
2017-10-25,2.80288719462939
2017-10-26,0.16048718728029432
2017-10-27,13.739209865897852
2017-10-30,3.107748281819213
2017-10-31,0.9178518300682517
2017-11-01,1.0625096068889
2017-11-02,0.10311911743170513
2017-11-03,1.3723063900806858
2017-11-06,0.15368992105066406
2017-11-07,3.2804669463420786
2017-11-08,0.1609235726779573
2017-11-09,2.751042803136873
2017-11-10,0.16592593296076333
2017-11-13,0.012240715489094273
2017-11-14,1.0631873611801939
2017-11-15,3.4131860204615125
2017-11-16,10.634267199940961
2017-11-17,0.9519210374557827
2017-11-20,0.7509090453752092
2017-11-21,5.878588442654044
2017-11-22,0.16862905159611885
2017-11-24,0.24431222519709478
2017-11-27,0.5603525603102761
2017-11-28,8.448905794987695
2017-11-29,5.343979494150685
2017-11-30,3.955220367820756
2017-12-01,1.5066265685706686
2017-12-04,3.9102423592555287
2017-12-05,3.228265754501838
2017-12-06,0.6066967769099052
2017-12-07,1.7499302671784218
2017-12-08,1.5492868803070514
2017-12-11,0.8866166764382497
2017-12-12,0.4081237995364786
2017-12-13,0.5488336607634609
2017-12-14,4.12461495221999
2017-12-15,10.844192882936856
2017-12-18,4.996077774010624
2017-12-19,2.8205925494493447
2017-12-20,0.22777903189548118
2017-12-21,0.38058996692566766
2017-12-22,0.3291453036305727
2017-12-26,0.7024914706259315
2017-12-27,0.01757955636691682
2017-12-28,0.2006658306891984
2017-12-29,5.058667187790422
2018-01-02,9.988171531392009
2018-01-03,3.278070208255344
2018-01-04,0.6655367189887804
2018-01-05,3.6845350723926074
2018-01-08,0.14569419568187947
2018-01-09,0.06485178707563632
2018-01-10,0.3684544631015829
2018-01-11,8.491783796281506
2018-01-12,2.9344673408397552
2018-01-16,4.900363203535111
2018-01-17,7.378752864978144
2018-01-18,1.239694550385642
2018-01-19,3.986865179250674
2018-01-22,5.060225855640312
2018-01-23,1.1713543234671406
2018-01-24,2.1606750016132525
2018-01-25,0.08241579526710448
2018-01-26,10.13288299054351
2018-01-29,5.043775039662228
2018-01-30,11.490737783298757
2018-01-31,0.5758454631317858
2018-02-01,0.7668460588198327
2018-02-02,41.52305479921412
2018-02-05,115.98816317459988
2018-02-06,20.04969061214199
2018-02-07,3.0896273961538174
2018-02-08,83.78016905627211
2018-02-09,10.561592594989355
2018-02-12,10.002168905681856
2018-02-13,0.45900625414618695
2018-02-14,14.755379828684315
2018-02-15,8.685417349500119
2018-02-16,0.3913383140116419
2018-02-20,2.4144911022279345
2018-02-21,1.1458541147208439
2018-02-22,0.11295135733052566
2018-02-23,13.1095989114154
2018-02-26,5.545213305371021
2018-02-27,10.912433839437135
2018-02-28,8.641156383863828
2018-03-01,7.988463405074358
2018-03-02,6.340051007587278
2018-03-05,4.990362578884463
2018-03-06,1.9366969760402364
2018-03-07,0.919570753138357
2018-03-08,0.6155516544665982
2018-03-09,14.76334239408223
2018-03-12,0.24410172283623593
2018-03-13,3.754997899728471
2018-03-14,1.5301739914394652
2018-03-15,0.6255246456499934
2018-03-16,0.4823368875219758
2018-03-19,12.930750808219079
2018-03-20,0.07659820928781955
2018-03-21,0.7372889128439822
2018-03-22,32.49366690223475
2018-03-23,26.45904066450454
2018-03-26,35.301787764650044
2018-03-27,23.828664198145255
2018-03-28,1.3447970671604383
2018-03-29,8.190699466262842
2018-04-02,27.771074511149898
2018-04-03,6.108827792264475
2018-04-04,6.676560556646949
2018-04-05,1.5814959390676213
2018-04-06,20.646704841002038
2018-04-09,0.3817309702236584
2018-04-10,13.79988709534016
2018-04-11,0.8926323128875292
2018-04-12,2.532654534207625
2018-04-13,0.9775469955310538
2018-04-16,2.3109854624414132
2018-04-17,6.2821118769100925
2018-04-18,0.057504590803826895
2018-04-19,2.166366736880917
2018-04-20,4.1111391887113005
2018-04-23,0.15997755651073062
2018-04-24,7.33471971247403
2018-04-25,0.11426010043971804
2018-04-26,4.744828349676057
2018-04-27,0.0402378103767716
2018-04-30,3.2683195469680664
2018-05-01,1.2182895953474713
2018-05-02,1.327540664753223
2018-05-03,0.6414414949694853
2018-05-04,7.431929090602321
2018-05-07,1.5441491176886308
2018-05-08,0.24406168493295022
2018-05-09,2.756141739804118
2018-05-10,2.235789984761039
2018-05-11,0.05845948175347704
2018-05-14,0.2872339237201703
2018-05-15,1.8427709107787014
2018-05-16,1.7539092507132032
2018-05-17,0.4541205893554737
2018-05-18,0.4093783501273123
2018-05-21,1.520436574468309
2018-05-22,1.2404772310849563
2018-05-23,0.5017334193046328
2018-05-24,0.12055196247461367
2018-05-25,0.17326483793555253
2018-05-29,2.8960111222707283
2018-05-30,6.0976736339500235
2018-05-31,2.249523380103926
2018-06-01,4.998577786403264
2018-06-04,0.7680586554544815
2018-06-05,0.6401096909770221
2018-06-06,1.964552943649268
2018-06-07,1.179167148169308
2018-06-08,0.17348522243746778
2018-06-11,0.02164938647849689
2018-06-12,0.49583983972326495
2018-06-13,0.6315968527488216
2018-06-14,0.9489965951659167
2018-06-15,0.1504863890054428
2018-06-18,0.38833968549487513
2018-06-19,0.49841666161339554
2018-06-20,1.2183274317992452
2018-06-21,3.666410338423514
2018-06-22,0.2754919803776371
2018-06-25,12.930719526904284
2018-06-26,0.6671207175124572
2018-06-27,8.626404014360094
2018-06-28,1.1603969528738536
2018-06-29,0.0457903745208908
2018-07-02,1.257371152776638
2018-07-03,1.6112839708273599
2018-07-05,3.924221707275908
2018-07-06,3.699851148283388
2018-07-09,2.223068083922947
2018-07-10,0.6461855631364777
2018-07-11,2.245417794753146
2018-07-12,3.1560722961068755
2018-07-13,0.10276252098386239
2018-07-16,0.6382826885712445
2018-07-17,0.8173539195293821
2018-07-18,0.11163170639015464
2018-07-19,0.893591599378013
2018-07-20,0.2174777537705601
2018-07-23,0.07061420051000852
2018-07-24,2.1086257827651878
2018-07-25,2.545715595219822
2018-07-26,1.9651133818221038
2018-07-27,8.727346418796207
2018-07-30,3.634763939932743
2018-07-31,1.9098104515001457
2018-08-01,0.23750451659946753
2018-08-02,2.425963489589696
2018-08-03,0.7409168447492014
2018-08-06,0.8958213307434899
2018-08-07,0.16233408492416074
2018-08-08,0.0563329191026868
2018-08-09,0.10594131752731045
2018-08-10,1.7498732912593074
2018-08-13,1.28584243982711
2018-08-14,2.1612884598020337
2018-08-15,5.814074903681563
2018-08-16,1.90677475666552
2018-08-17,0.2738671585199487
2018-08-20,0.1420565653514839
2018-08-21,1.7591765491289282
2018-08-22,0.15158259901789733
2018-08-23,0.38966209323751116
2018-08-24,1.3937721513156585
2018-08-27,1.532965501244976
2018-08-28,0.01767148364644676
2018-08-29,1.4379245651515873
2018-08-30,0.6392249436955353
2018-08-31,0.2576209042124432
2018-09-04,0.5840819256124574
2018-09-05,2.3259165337229804
2018-09-06,2.4634645715352206
2018-09-07,0.29818988920307615
2018-09-10,0.1101237226701967
2018-09-11,0.47218215074963943
2018-09-12,0.1965511709963505
2018-09-13,0.8818454641682962
2018-09-14,0.20649844950296586
2018-09-17,5.01647153428104
2018-09-18,1.0734701548767758
2018-09-19,0.4517616186221967
2018-09-20,2.9861111105719758
2018-09-21,0.8297664839635928
2018-09-24,0.6019505551870621
2018-09-25,0.09997613797045513
2018-09-26,1.9661276116267439
2018-09-27,0.4462809677036298
2018-09-28,0.1434859218075054
2018-10-01,3.1302357188307655
2018-10-02,1.9434924556709048
2018-10-03,1.1516186528867733
2018-10-04,8.356828740990046
2018-10-05,3.4853630808641545
2018-10-08,0.6780747039476493
2018-10-09,0.412617448717417
2018-10-10,45.33352895562353
2018-10-11,12.921103271085144
2018-10-12,7.804830286988336
2018-10-15,1.6365114114693526
2018-10-16,23.759850919479497
2018-10-17,0.3041348622909289
2018-10-18,11.420544418391867
2018-10-19,2.0912147789169446
2018-10-22,0.37777552897656014
2018-10-23,1.5719025620985887
2018-10-24,46.80481859170344
2018-10-25,17.040122404018827
2018-10-26,9.093941809837807
2018-10-29,3.128724648878472
2018-10-30,9.380955148666487
2018-10-31,4.777638229945022
2018-11-01,9.00700598088659
2018-11-02,1.524421340321594
2018-11-05,0.5042005077423294
2018-11-06,1.0522769446158224
2018-11-07,13.606751668087671
2018-11-08,0.4547972317238067
2018-11-09,6.995493170554293
2018-11-12,15.094981262534727
2018-11-13,0.12058315643417764
2018-11-14,2.0951498404151563
2018-11-15,5.587060834745582
2018-11-16,0.11925813233996191
2018-11-19,14.56653973021848
2018-11-20,9.463939761692782
2018-11-21,2.4631073967925943
2018-11-23,0.6870523253860893
2018-11-26,7.177254490384076
2018-11-27,0.8654393537292131
2018-11-28,18.227267591396924
2018-11-29,0.22819375375884138
2018-11-30,1.3741467252542008
2018-12-03,3.8280603294323807
2018-12-04,39.1948212467809
2018-12-06,0.17777466704523856
2018-12-07,15.510120409427808
2018-12-10,0.47963765844650164
2018-12-11,0.04835007552244504
2018-12-12,1.9087880509624586
2018-12-13,2.2513731553632725
2018-12-14,9.160407925362708
2018-12-17,12.266791464822964
2018-12-18,0.13457395377934703
2018-12-19,8.786432424539159
2018-12-20,6.482052582248437
2018-12-21,14.833032492270704
2018-12-24,12.651559509024509
2018-12-26,60.77044415582239
2018-12-27,0.7945647673152639
2018-12-28,0.21277593834615946
2018-12-31,1.5687206950111365
2019-01-02,0.42459583556048475
2019-01-03,12.654913762564602
2019-01-04,30.33131792616635
2019-01-07,3.7118811413130173
2019-01-08,3.1433741257940917
2019-01-09,1.127069403251289
2019-01-10,0.45176298280256455
2019-01-11,0.04222256132027679
2019-01-14,1.3713601739250527
2019-01-15,3.142751834735849
2019-01-16,0.40089945302505436
2019-01-17,1.3460366373343735
2019-01-18,2.845622321354578
2019-01-22,5.473019034519689
2019-01-23,0.07726311544216465
2019-01-24,0.6563461973949913
2019-01-25,2.709753471671205
2019-01-28,1.3652419647785483
2019-01-29,0.3629207926024652
2019-01-30,5.367634701422514
2019-01-31,2.1172809315099874
2019-02-01,0.06532792324541908
2019-02-04,1.8427152417075174
2019-02-05,0.4866855447600798
2019-02-06,0.14961364665907528
2019-02-07,2.219877544440881
2019-02-08,0.009223450602109162
2019-02-11,0.5360960747579984
2019-02-12,3.86279452483715
2019-02-13,0.14674256401753588
2019-02-14,0.085654999771481
2019-02-15,3.1459115799749324
2019-02-19,0.11112387081292163
2019-02-20,0.17340223647776803
2019-02-21,0.3527451933140042
2019-02-22,1.4708764910088346
2019-02-25,0.08740910505945136
2019-02-26,0.43247762905569553
2019-02-27,0.038501743746040394
2019-02-28,0.2574451209725285
2019-03-01,1.4198092454840712
2019-03-04,0.8523137854135254
2019-03-05,0.18750513150003958
2019-03-06,4.126476798008701
2019-03-07,1.9701867437253378
2019-03-08,0.07081439324327014
2019-03-11,6.937008489158578
2019-03-12,0.18751997535599457
2019-03-13,0.8321633086712852
2019-03-14,0.1555738685095598
2019-03-15,0.5920616092962482
2019-03-18,0.5233136586222163
2019-03-19,0.2674714744813258
2019-03-20,0.5514631478976537
2019-03-21,3.4445288704883747
2019-03-22,17.79172533127322
2019-03-25,0.1873263351987321
2019-03-26,1.5548753145852805
2019-03-27,0.6643341851572989
2019-03-28,0.7279174677845873
2019-03-29,0.8276086148270226
2019-04-01,3.173851707594344
2019-04-02,0.0563751821692879
2019-04-03,0.41329250956885766
2019-04-04,0.17069479196996656
2019-04-05,1.1044814224271107
2019-04-08,0.06560332280833647
2019-04-09,1.9735104190237664
2019-04-10,1.983264644535774
2019-04-11,0.07025945356266547
2019-04-12,0.6411600214913845
2019-04-15,0.1332388237770455
2019-04-16,0.08679872684944467
2019-04-17,0.8572272327879664
2019-04-18,0.029396919114316116
2019-04-22,0.13597886223101527
2019-04-23,3.9335738814860033
2019-04-24,0.1638229074008582
2019-04-25,0.5490836004215662
2019-04-26,0.9134219419309153
2019-04-29,0.23103358571662214
2019-04-30,0.6966198053635049
2019-05-01,1.711483068476225
2019-05-02,0.22800056822330583
2019-05-03,5.692006706376763
2019-05-06,0.47741355133157154
2019-05-07,9.211410808353435
2019-05-08,0.27470218410038916
2019-05-09,0.3322851672885314
2019-05-10,0.16459866711875654
2019-05-13,22.00399114877567
2019-05-14,2.847894781356888
2019-05-15,1.2312037222832062
2019-05-16,1.651658439885047
2019-05-17,2.587687836816497
2019-05-20,2.3007665296299717
2019-05-21,2.852040922641148
2019-05-22,0.821394509887335
2019-05-23,6.11781536871531
2019-05-24,0.5977474320582666
2019-05-28,1.217919730270956
2019-05-29,1.5722118903075235
2019-05-30,0.13639476301044762
2019-05-31,4.690754149099568
2019-06-03,1.814955184168654
2019-06-04,14.500876342982158
2019-06-05,0.9499063723937319
2019-06-06,0.7116045563137136
2019-06-07,3.625699555514632
2019-06-10,1.17203602447048
2019-06-11,0.053122681830611
2019-06-12,0.15375202772490262
2019-06-13,1.2304496625733097
2019-06-14,0.7228887242919068
2019-06-17,0.6049575824703937
2019-06-18,3.1099433007807997
2019-06-19,0.28215151592440657
2019-06-20,1.463284354207521
2019-06-21,0.6197591284148711
2019-06-24,1.2651515971714713
2019-06-25,2.7187787835336428
2019-06-26,0.0832287883815589
2019-06-27,2.435598522733324
2019-06-28,1.7023692294918888
2019-07-01,1.2194305377108443
2019-07-02,0.1879153720638535
2019-07-03,1.3131954412598423
2019-07-05,0.10654436948446118
2019-07-08,1.257539836589903
2019-07-09,0.179257081993683
2019-07-10,0.5293679888420766
2019-07-11,0.18615812312906738
2019-07-12,0.8668614262274055
2019-07-15,0.19830266381887243
2019-07-16,0.27930876042363606
2019-07-17,0.9969862922442254
2019-07-18,0.2382989050149833
2019-07-19,0.9759106141858274
2019-07-22,0.38232884512135096
2019-07-23,0.9940678729564458
2019-07-24,2.6665529056683734
2019-07-25,2.0060929326331687
2019-07-26,2.221373101359406
2019-07-29,0.47129156766690794
2019-07-30,0.9901797262045118
2019-07-31,2.6036558169269544
2019-08-01,2.956589635539794
2019-08-02,2.5680885504374933
2019-08-05,22.829310041505916
2019-08-06,3.6180615929856685
2019-08-07,0.0903588167241866
2019-08-08,9.649845939677084
2019-08-09,2.1056986804786053
2019-08-12,3.2683556822258018
2019-08-13,5.155397167150727
2019-08-14,19.07357429492645
2019-08-15,0.14628515840163595
2019-08-16,6.944215958036748
2019-08-19,3.1488663000185957
2019-08-20,1.1913449548576491
2019-08-21,1.549290077247688
2019-08-22,0.11453840860916292
2019-08-23,17.39990665195878
2019-08-26,3.0131106255870512
2019-08-27,1.2629372646359434
2019-08-28,1.4288294975485056
2019-08-29,4.530154169791886
2019-08-30,0.01623471852977411
2019-09-03,2.5087376398729777
2019-09-04,2.5128781354595073
2019-09-05,5.24096640111452
2019-09-06,0.09266001990985862
2019-09-09,1.121871677248459
2019-09-10,0.887255587712468
2019-09-11,4.212039931525042
2019-09-12,0.11049969866755531
2019-09-13,0.06925067995224654
2019-09-16,0.2702861391504007
2019-09-17,0.22031824085656027
2019-09-18,0.24129985636579127
2019-09-19,0.1069232766020576
2019-09-20,0.6039061527598415
2019-09-23,0.007059306809883989
2019-09-24,3.383620814421625
2019-09-25,1.740333284960825
2019-09-26,0.9937237012339332
2019-09-27,1.3897258112560533
2019-09-30,0.5567904686208086
2019-10-01,4.421453279432684
2019-10-02,4.666637994751895
2019-10-03,1.3836714102088807
2019-10-04,3.4163147355649555
2019-10-07,0.271880732981852
2019-10-08,5.388886496725373
2019-10-09,1.4156700359743648
2019-10-10,0.6195574123555769
2019-10-11,4.048356490082764
2019-10-14,0.15450412230056756
2019-10-15,2.658770775123444
2019-10-16,0.12492022240617016
2019-10-17,0.9172905420563133
2019-10-18,0.7308999874571949
2019-10-21,1.6129208025268857
2019-10-22,0.49952761067897117
2019-10-23,0.06887642056514506
2019-10-24,0.44814238837951104
2019-10-25,0.6587597680185107
2019-10-28,1.2631335686824587
2019-10-29,0.3598262205598071
2019-10-30,0.1821365377194626
2019-10-31,0.4672354701072152
2019-11-01,3.636430705010121
2019-11-04,0.4302435097175129
2019-11-05,0.039918433796246426
2019-11-06,0.3630646092023643
2019-11-07,0.14181632670262215
2019-11-08,0.2236473852442889
2019-11-11,0.15204513802829947
2019-11-12,0.034279036646069
2019-11-13,0.12701000527730644
2019-11-14,0.010307556504758796
2019-11-15,0.9913450641689862
2019-11-18,0.06182797975800242
2019-11-19,0.11692687587385799
2019-11-20,0.6271821015345588
2019-11-21,0.33055645562072616
2019-11-22,0.0915669646426652
2019-11-25,4.684574650053159
2019-11-26,0.04704744946491421
2019-11-27,0.6441494202683449
2019-11-29,0.732116349514154
2019-12-02,2.843543863799024
2019-12-03,1.0247616884963933
2019-12-04,0.9037183949581595
2019-12-05,0.008971629785010758
2019-12-06,2.537009573228194
2019-12-09,0.45581768172665066
2019-12-10,0.06233588135766244
2019-12-11,0.15983712864339203
2019-12-12,1.4965228548154061
2019-12-13,0.21690571297290343
2019-12-16,1.3708701337441234
2019-12-17,0.12410843391993652
2019-12-18,0.05501737398119857
2019-12-19,0.43583598800108836
2019-12-20,0.278864699023387
2019-12-23,0.012924220437100764
2019-12-24,0.04521869125970307
2019-12-26,0.7001387091611473
2019-12-27,0.4667253489225137
2019-12-30,1.5316623815430952
2019-12-31,0.10907062041960555
2020-01-02,2.6735732887714936
2020-01-03,2.2855461691484593
2020-01-06,0.3568856852904551
2020-01-07,0.4131423709708487
2020-01-08,0.7134088353493389
2020-01-09,1.1444685968773256
2020-01-10,0.7077620709382408
2020-01-13,2.1089064661832566
2020-01-14,0.35790012116386105
2020-01-15,0.1407984435096185
2020-01-16,3.8770012503572833
2020-01-17,0.38155366069778895
2020-01-21,1.1808465766317482
2020-01-22,0.031618131133381105
2020-01-23,0.01045755975656746
2020-01-24,5.29586704391018
2020-01-27,11.116087380669997
2020-01-28,4.366687832631889
2020-01-29,0.43074294243542793
2020-01-30,0.14079823339601225
2020-01-31,14.240613526161859
2020-02-03,3.8717403163222377
2020-02-04,10.487345228336586
2020-02-05,4.301400564956502
2020-02-06,0.5698180770952288
2020-02-07,2.872066888108331
2020-02-10,2.390199451089394
2020-02-11,0.3311481006450241
2020-02-12,1.757325171282578
2020-02-13,0.23454152713252518
2020-02-14,0.1934633223257669
2020-02-18,0.33543381612270323
2020-02-19,1.2022302235051117
2020-02-20,1.1297618181314912
2020-02-21,7.533232916920397
2020-02-24,44.01564284097911
2020-02-25,34.66133582644618
2020-02-26,1.7141535707983915
2020-02-27,59.551417421667466
2020-02-28,2.821340652292063
2020-03-02,50.3488091354609
2020-03-03,21.760041233151053
2020-03-04,38.74824837525616
2020-03-05,30.09810290047065
2020-03-06,9.349255737271793
2020-03-09,140.61232782600734
2020-03-10,39.58190558779113
2020-03-11,53.6984884594486
2020-03-12,150.17208727606956
2020-03-13,103.01376535234427
2020-03-16,164.9196599038907
2020-03-17,38.56409550718489
2020-03-18,42.87496435445466
2020-03-19,13.665135670491118
2020-03-20,14.588336504144733
2020-03-23,2.9652739641650334
2020-03-24,65.32038702691897
2020-03-25,0.8961510706616578
2020-03-26,28.423862065387127
2020-03-27,10.406370342619306
2020-03-30,7.862521753222424
2020-03-31,0.9613579984594135
2020-04-01,19.95098305287528
2020-04-02,2.631376948750386
2020-04-03,2.9629487682609863
2020-04-06,39.125002303858345
2020-04-07,0.03852295140139194
2020-04-08,8.671096946355231
2020-04-09,4.737462717004172
2020-04-13,1.6530666834019483
2020-04-14,6.835843393287734
2020-04-15,4.97632680491887
2020-04-16,0.7365311771570203
2020-04-17,5.6266772039349
2020-04-20,1.3260313734588913
2020-04-21,6.085617499686003
2020-04-22,3.457337714551482
2020-04-23,0.2258335277281974
2020-04-24,1.5438380688890896
2020-04-27,3.6134905497371914
2020-04-28,0.8651760803169608
2020-04-29,8.58668820574994
2020-04-30,2.4980192696036796
2020-05-01,6.708359367389093
2020-05-04,0.37554565340156887
2020-05-05,0.5600316044639684
2020-05-06,0.268381447286769
2020-05-07,1.1688837222133355
2020-05-08,3.4404076025607684
2020-05-11,0.17099580450319585
2020-05-12,4.046285992476216
2020-05-13,3.1084199389545146
2020-05-14,0.4917540718178859
2020-05-15,0.5857343000162683
2020-05-18,9.6976900958869
2020-05-19,0.9624956177071162
2020-05-20,2.9855716902238054
2020-05-21,0.4197936585729089
2020-05-22,0.09177173268953112
2020-05-26,1.563668985564989
2020-05-27,2.1130805503728745
2020-05-28,1.094307518680968
2020-05-29,0.39212939165918786
2020-06-01,0.1967842126102884
2020-06-02,0.32193258541379666
2020-06-03,1.4022305484768767
2020-06-04,0.18522763297825623
2020-06-05,4.669031855595963
2020-06-08,1.1338530360740817
2020-06-09,0.7878428958179623
2020-06-10,1.255396850738234
2020-06-11,23.158588611935215
2020-06-12,1.3676831563040666
2020-06-15,1.3411449146036305
2020-06-16,2.165956297290776
2020-06-17,0.5083911529097853
2020-06-18,0.01144680132732318
2020-06-19,0.14108110139143637
2020-06-22,0.46542177187255795
2020-06-23,0.1434370898430522
2020-06-24,4.503051962148731
2020-06-25,0.896960733487743
2020-06-26,3.830542767595896
2020-06-29,2.1342503838079345
2020-06-30,1.4921132748478865
2020-07-01,0.3449187827240935
2020-07-02,0.08935283074779744
2020-07-06,1.5809146975508308
2020-07-07,1.0005534203244952
2020-07-08,0.598515716669368
2020-07-09,0.6979034395317703
2020-07-10,0.7118347804862749
2020-07-13,1.5882810152785078
2020-07-14,0.9680635133666199
2020-07-15,1.9838576465718352
2020-07-16,0.2726518185006018
2020-07-17,0.037990607172607396
2020-07-20,1.4000988479705054
2020-07-21,0.4467166550857506
2020-07-22,0.06548683990332688
2020-07-23,1.618027004136018
2020-07-24,0.679852636537515
2020-07-27,0.8223985041032698
2020-07-28,0.6792599970078851
2020-07-29,1.26347058859916
2020-07-30,0.08325394051799644
2020-07-31,0.6462978154418564
2020-08-03,0.9154749324328258
2020-08-04,0.08859992467721711
2020-08-05,0.618471534518435
2020-08-06,0.2304522601553238
2020-08-07,0.581177325636947
2020-08-10,0.1997628634373247
2020-08-11,0.9999736785851457
2020-08-12,1.272621232775603
2020-08-13,0.033098710205585184
2020-08-14,0.03554062831529866
2020-08-17,0.19352297406104957
2020-08-18,0.23779053337302564
2020-08-19,0.18113410404559052
2020-08-20,0.23578022089190936
2020-08-21,0.12611834738176586
2020-08-24,0.36819207580461505
2020-08-25,0.09606867185946838
2020-08-26,0.82489558400755
2020-08-27,0.06848372133504897
2020-08-28,0.2157294956358082
2020-08-31,0.25883735553955833
2020-09-01,0.5886906794169025
2020-09-02,0.7127870410484165
2020-09-03,10.045235563525441
2020-09-04,0.6839358539318879
2020-09-08,6.311864177840149
2020-09-09,2.5565318576695826
2020-09-10,1.93893042582816
2020-09-11,0.19233233855693688
2020-09-14,1.9782209207950288
2020-09-15,0.28500692958722373
2020-09-16,0.5936371280040189
2020-09-17,0.6705344056962376
2020-09-18,0.64462742522661
2020-09-21,2.0174673889507377
2020-09-22,0.8253815889100372
2020-09-23,4.7537747921938465
2020-09-24,0.023463230090897125
2020-09-25,1.8149085791927504
2020-09-28,1.945299182112483
2020-09-29,0.13797519103362266
2020-09-30,0.195782292635785
2020-10-01,0.7154703474271955
2020-10-02,1.4553533518446367
2020-10-05,2.6801396887798394
2020-10-06,1.1245891664309877
2020-10-07,1.8381700982231128
2020-10-08,0.2878824256383681
2020-10-09,0.483616455884525
2020-10-12,1.76822932965916
2020-10-13,0.22261826715773814
2020-10-14,0.4591318009577423
2020-10-15,0.2428712543228787
2020-10-16,0.07852492198549865
2020-10-19,1.56088772692414
2020-10-20,0.045445170298774575
2020-10-21,0.17873495003213535
2020-10-22,0.4132919405733575
2020-10-23,0.07332819828569881
2020-10-26,2.167233503814729
2020-10-27,0.20683827639367725
2020-10-28,7.125672180571693
2020-10-29,0.9341066177183659
2020-10-30,2.0165797628883864
2020-11-02,0.8488899646909975
2020-11-03,2.4067999107261047
2020-11-04,3.725363078342693
2020-11-05,2.9851003264822564
2020-11-06,0.08734848898865508
2020-11-09,2.43069407712766
2020-11-10,0.9253014778706441
2020-11-11,0.7839530356980883
2020-11-12,0.7792281329206555
2020-11-13,1.0635412994308138
2020-11-16,1.0617700512277612
2020-11-17,0.10486782736478782
2020-11-18,0.7634620638885625
2020-11-19,0.2016194526935146
2020-11-20,0.18430165328492484
2020-11-23,0.4868298393633652
2020-11-24,1.2409048391755322
2020-11-25,0.07412955704801268
2020-11-27,0.14774702680463325
2020-11-30,0.6301317283915522
2020-12-01,0.5612749392422802
2020-12-02,0.011190981774483954
2020-12-03,0.03938146944014294
2020-12-04,0.905717551921327
2020-12-07,0.03508692539031584
2020-12-08,0.2642797948574372
2020-12-09,1.1513703883815394
2020-12-10,0.17069168492340347
2020-12-11,0.10038756311249236
2020-12-14,0.07823455839378639
2020-12-15,1.267588099617699
2020-12-16,0.05321246021706608
2020-12-17,0.337922824045809
2020-12-18,0.08624367544834358
2020-12-21,0.06159000423120325
2020-12-22,0.14961277097090883
2020-12-23,0.11932663379442349
2020-12-24,0.027471627465955897
2020-12-28,0.22872878814047543
2020-12-29,0.60245549170262
2020-12-30,0.12406703732407505
2020-12-31,0.08477495849287844
2021-01-04,1.371384682783571
2021-01-05,0.5579880653881293
2021-01-06,2.2005013426392224
2021-01-07,1.9635862223721359
2021-01-08,0.2108124777070632
2021-01-11,0.5116010051142045
2021-01-12,0.3670043364062935
2021-01-13,0.12312576273076027
2021-01-14,0.5603733547779972
2021-01-15,0.6958767729227349
2021-01-19,0.6684034162860194
2021-01-20,1.006088660045627
2021-01-21,0.1710280265634325
2021-01-22,0.20694972239499423
2021-01-25,0.08730236966781259
2021-01-26,0.10350644532460744
2021-01-27,3.5352025790381405
2021-01-28,0.19346054325169523
2021-01-29,2.144407402341887
2021-02-01,2.3677202440948535
2021-02-02,0.8855912982497287
2021-02-03,0.01479719886152257
2021-02-04,0.8765286480925142
2021-02-05,0.2615233553490547
2021-02-08,0.9594746405932475
2021-02-09,0.01592865469560229
2021-02-10,0.14143588803121732
2021-02-11,0.0100783365375246
2021-02-12,0.05118375171943422
2021-02-16,0.1579462919192225
2021-02-17,0.22021360973347845
2021-02-18,0.6598883139467895
2021-02-19,0.5643594537967602
2021-02-22,1.6587793913450766
2021-02-23,0.24684217250898893
2021-02-24,0.9828041510717334
2021-02-25,6.22029796241977
2021-02-26,0.10540029377058983
2021-03-01,4.062708166206897
2021-03-02,1.5123231832172723
2021-03-03,2.3754546695142733
2021-03-04,2.7439363664953813
2021-03-05,1.640817383889813
2021-03-08,1.5787495194121823
2021-03-09,3.418918113320421
2021-03-10,0.42280575252325125
2021-03-11,2.2581142160926495
2021-03-12,0.24919679996896177
2021-03-15,0.2815549092440898
2021-03-16,1.018788108204172
2021-03-17,0.042014407933059335
2021-03-18,7.340686174449947
2021-03-19,0.1779014540236976
2021-03-22,0.8420003787262473
2021-03-23,4.79984804893864
2021-03-24,3.86642169560639
2021-03-25,1.0978533547412266
2021-03-26,2.1899681807630005
2021-03-29,2.746955528380047
2021-03-30,0.7393823058239167
2021-03-31,0.8965193052987604
2021-04-01,1.8812019836924936
2021-04-05,1.9997999461456837
2021-04-06,0.17293294265677833
2021-04-07,1.0684429626937524
2021-04-08,0.45732382017087714
2021-04-09,0.30306586540520775
2021-04-12,0.3143537432515865
2021-04-13,0.42094658467857915
2021-04-14,0.9959449352904381
2021-04-15,1.2296571408461747
2021-04-16,0.03421205172858791
2021-04-19,1.9181080425935981
2021-04-20,2.746349010828962
2021-04-21,2.3123380636408957
2021-04-22,1.6205632560519807
2021-04-23,2.1564880278149916
2021-04-26,0.48117072185090626
2021-04-27,0.16718953591254482
2021-04-28,0.15799352888651247
2021-04-29,0.3506677511471998
2021-04-30,1.9810841752333554
2021-05-03,0.26232254994857607
2021-05-04,3.505458837713974
2021-05-05,0.26242453829206
2021-05-06,0.3977476908941664
2021-05-07,0.9719509398001513
2021-05-10,7.768899312490029
2021-05-11,1.0039389821484515
2021-05-12,12.655004644808663
2021-05-13,1.8273576476382059
2021-05-14,5.752546070007326
2021-05-17,0.284371819436564
2021-05-18,1.4150641550035137
2021-05-19,0.547530088555642
2021-05-20,2.0771229323649263
2021-05-21,0.24861601052118595
2021-05-24,1.4511334502813746
2021-05-25,0.6540944305628305
2021-05-26,1.3238800697578719
2021-05-27,0.29954722968431835
2021-05-28,0.061422330875970904
2021-06-01,0.40311889705201503
2021-06-02,0.0018238727728581915
2021-06-03,1.2825350533661661
2021-06-04,1.4109132806481137
2021-06-07,0.7263926453800436
2021-06-08,0.32773194788861537
2021-06-09,0.5407860067126207
2021-06-10,0.6777577968687153
2021-06-11,0.35427147534409636
2021-06-14,0.36668938066606016
2021-06-15,0.6164654177005328
2021-06-16,0.6210565434140788
2021-06-17,1.1955072599697842
2021-06-18,5.288300231324097
2021-06-21,3.6454549242114873
2021-06-22,0.3891605397769294
2021-06-23,0.06773427464428086
2021-06-24,0.9230658821472959
2021-06-25,0.08313043687971017
2021-06-28,0.6371915477174084
2021-06-29,0.313332456044522
2021-06-30,0.06426189950300887
2021-07-01,0.35487142393751536
2021-07-02,1.392591337348958
2021-07-06,1.3022968339341747
2021-07-07,0.7096256167953164
2021-07-08,2.1135052954050084
2021-07-09,3.3794840076582826
2021-07-12,0.060799051157886704
2021-07-13,2.533580673651722
2021-07-14,1.6979938749957446
2021-07-15,0.882898558315978
2021-07-16,2.3180981682058515
2021-07-19,5.352299362407841
2021-07-20,7.218547399070742
2021-07-21,2.1926719209123067
2021-07-22,1.4656178127287738
2021-07-23,1.3743605885648706
2021-07-26,0.033428045700938366
2021-07-27,2.2927070433964576
2021-07-28,1.0824188971855377
2021-07-29,0.2205226994387554
2021-07-30,1.2043412896842225
2021-08-02,0.30784067514533914
2021-08-03,0.6731665873617386
2021-08-04,1.3016227972118306
2021-08-05,1.8530886336256827
2021-08-06,0.23794298165383806
2021-08-09,0.30992218006822586
2021-08-10,0.22776396115623299
2021-08-11,0.10385970775882739
2021-08-12,0.21962020067825264
2021-08-13,0.5774384472312937
2021-08-16,0.3681240159426946
2021-08-17,2.6745068679595634
2021-08-18,2.636185503686587
2021-08-19,0.8990577543810407
2021-08-20,2.364856796493987
2021-08-23,3.2992041819655085
2021-08-24,0.46808136463070915
2021-08-25,0.039213403800285304
2021-08-26,1.640751208147556
2021-08-27,4.877695783999629
2021-08-30,0.6993305316567662
2021-08-31,0.09114192260807469
2021-09-01,0.11959094023093189
2021-09-02,0.19130490605955838
2021-09-03,0.2743308136022702
2021-09-07,0.6559888050215135
2021-09-08,1.2820861890742796
2021-09-09,0.56817743605276
2021-09-10,2.3513400616308395
2021-09-13,0.1366714394121098
2021-09-14,2.004554738395466
2021-09-15,1.4691144883930953
2021-09-16,0.12729329154673988
2021-09-17,2.19557762216507
2021-09-20,11.472391450570324
2021-09-21,0.06060503076759748
2021-09-22,2.341409344963311
2021-09-23,3.5776976884464746
2021-09-24,0.23986268296442628
2021-09-27,1.3722743664530856
2021-09-28,15.32899385399706
2021-09-29,0.15439986145238313
2021-09-30,3.060134489688127
2021-10-01,3.0625270606426245
2021-10-04,7.142105399468006
2021-10-05,2.282190866274442
2021-10-06,0.512123057680373
2021-10-07,2.4798536404249543
2021-10-08,0.7844281212212987
2021-10-11,1.476079475501009
2021-10-12,0.3098299765846386
2021-10-13,0.3928297704986549
2021-10-14,6.368680782933394
2021-10-15,0.8119122000707831
2021-10-18,0.47235460598355056
2021-10-19,0.8339657288472395
2021-10-20,0.22060009897994415
2021-10-21,0.2524611362757767
2021-10-22,0.8294473546915765
2021-10-25,0.9597768117256811
2021-10-26,0.42599827921894795
2021-10-27,2.8732368375533324
2021-10-28,4.194333011717731
2021-10-29,0.05301076793484106
2021-11-01,3.526284639466869
2021-11-02,0.14008511183829492
2021-11-03,2.6600274491227083
2021-11-04,0.6036400422011343
2021-11-05,1.0341283488545148
2021-11-08,0.009592311872413028
2021-11-09,1.1685629640585355
2021-11-10,5.934287621969428
2021-11-11,0.4110544745098948
2021-11-12,1.3459432028394567
2021-11-15,0.23213325156740386
2021-11-16,0.49023240619745934
2021-11-17,1.360170170996605
2021-11-18,0.4502558655457351
2021-11-19,0.7170995428325224
2021-11-22,2.249068892234463
2021-11-23,0.38471070812625224
2021-11-24,0.1303427497148325
2021-11-26,22.278842326490093
2021-11-29,5.34846165717853
2021-11-30,11.101478678143799
2021-12-01,8.977897261448208
2021-12-02,7.24289864877213
2021-12-03,7.421924408815867
2021-12-06,4.590836912117896
2021-12-07,15.872606495738827
2021-12-08,0.5831870866401243
2021-12-09,6.629994310433245
2021-12-10,1.556141444149238
2021-12-13,4.5400992976496095
2021-12-14,2.8567982552667965
2021-12-15,8.438607632204254
2021-12-16,8.700313744593553
2021-12-17,2.391705674911625
2021-12-20,4.975330798424916
2021-12-21,12.71207867990114
2021-12-22,2.509008241675434
2021-12-23,1.210653676351214
2021-12-27,4.042678118974473
2021-12-28,0.6579086711906399
2021-12-29,0.030609621098884657
2021-12-30,0.29437130713706117
2021-12-31,0.6019229912055097
2022-01-03,2.1064077959775833
2022-01-04,1.6124132740293071
2022-01-05,20.689376259153875
2022-01-06,0.228648152459488
2022-01-07,1.9426751846897816
2022-01-10,0.16966157006502205
2022-01-11,2.9435532712767127
2022-01-12,0.44735543458530913
2022-01-13,8.56750365616749
2022-01-14,0.23023049281883137
2022-01-18,15.347969362789481
2022-01-19,3.8923116874543977
2022-01-20,5.0298833326802175
2022-01-21,12.265705002818533
2022-01-24,3.06871190112897
2022-01-25,7.216367438428171
2022-01-26,1.0336291279521352
2022-01-27,4.631381448562192
2022-01-28,17.210556008675244
2022-01-31,17.50540856705602
2022-02-01,1.5508309143008563
2022-02-02,1.7608563408415028
2022-02-03,19.86784281807119
2022-02-04,2.1432119231715867
2022-02-07,0.6463826404151479
2022-02-08,3.317006894538397
2022-02-09,7.265922490806649
2022-02-10,8.768381468936612
2022-02-11,10.448089163887312
2022-02-14,0.3426141982495783
2022-02-15,10.889398750534744
2022-02-16,0.025576646407779687
2022-02-17,14.228934890214656
2022-02-18,2.093450952819916
2022-02-22,3.5225154372702177
2022-02-23,10.415991578770019
2022-02-24,13.646570974775642
2022-02-25,10.430606364386541
2022-02-28,0.28452801493679314
2022-03-01,6.933261546791439
2022-03-02,9.146042663677926
2022-03-03,2.924468651037351
2022-03-04,3.9933781774455457
2022-03-07,22.627342881483976
2022-03-08,0.9717758849924473
2022-03-09,19.90372571394074
2022-03-10,0.8450351135299681
2022-03-11,6.285500069602357
2022-03-14,5.021891110238436
2022-03-15,11.643847189872275
2022-03-16,19.20486644633224
2022-03-17,4.145629110704956
2022-03-18,4.421826583977847
2022-03-21,0.613259565029732
2022-03-22,4.137895020053631
2022-03-23,4.510160441296304
2022-03-24,4.992503353232088
2022-03-25,0.26087044789918196
2022-03-28,1.4495389915063923
2022-03-29,7.2723402187638175
2022-03-30,3.471381995163455
2022-03-31,4.884650160832577
