Date,MSI
2013-04-29,4.157656674343518
2013-04-30,4.1504535749819285
2013-05-01,4.262424117038194
2013-05-02,4.490786189705577
2013-05-03,4.683388745317608
2013-05-06,4.627010747424762
2013-05-07,4.645898001792402
2013-05-08,4.23686573509795
2013-05-09,4.259503159629792
2013-05-10,4.3080435236871555
2013-05-13,2.8631239000373485
2013-05-14,2.614030184503255
2013-05-15,2.113856938311451
2013-05-16,2.0133300214545256
2013-05-17,1.9750269656353308
2013-05-20,1.9271670159400245
2013-05-21,1.6852378785080973
2013-05-22,1.9775284552547632
2013-05-23,1.9467422605714717
2013-05-24,1.9213397609970015
2013-05-28,1.9564040435310823
2013-05-29,2.0626308086570178
2013-05-30,1.6986604735074493
2013-05-31,1.7537014546857965
2013-06-03,1.5491779235819028
2013-06-04,1.6416642212847008
2013-06-05,2.005017082070246
2013-06-06,2.112257968502708
2013-06-07,2.324008960353954
2013-06-10,2.261108395551333
2013-06-11,2.525078296676913
2013-06-12,2.5857321480084754
2013-06-13,2.97239425473669
2013-06-14,3.0496334595200207
2013-06-17,2.9810684609173888
2013-06-18,3.1228903092389726
2013-06-19,3.4975985805518794
2013-06-20,4.434161663006253
2013-06-21,4.430819496703313
2013-06-24,4.747656287981508
2013-06-25,4.766902571279447
2013-06-26,4.729951511273237
2013-06-27,4.8661386623803935
2013-06-28,4.574676695334944
2013-07-01,4.68184759980789
2013-07-02,4.572640605693882
2013-07-03,4.171859313863715
2013-07-05,4.283321832856784
2013-07-08,4.06416192283129
2013-07-09,4.137849317021923
2013-07-10,3.8829979905920995
2013-07-11,4.044048244699542
2013-07-12,3.6652811164050108
2013-07-15,3.565892612171143
2013-07-16,3.5175264599525007
2013-07-17,3.3818753238941306
2013-07-18,3.0433846708961796
2013-07-19,1.844290159170681
2013-07-22,1.8409049107030089
2013-07-23,1.5642495466410724
2013-07-24,1.4839709988986718
2013-07-25,1.4514696436893688
2013-07-26,1.2932673737300355
2013-07-29,1.3439524022929255
2013-07-30,1.2145326563308534
2013-07-31,1.2153786260422348
2013-08-01,1.548354686531735
2013-08-02,1.3162272482542383
2013-08-05,1.3011368560970125
2013-08-06,1.3869589175047907
2013-08-07,1.4504289268168549
2013-08-08,1.105243007491977
2013-08-09,1.1090716828568183
2013-08-12,1.106927316484309
2013-08-13,1.0799482151073867
2013-08-14,1.1366334135085565
2013-08-15,1.7886347148662565
2013-08-16,1.7761201282099084
2013-08-19,1.9026013478335035
2013-08-20,2.01446845192235
2013-08-21,2.033474208051749
2013-08-22,2.197834506886672
2013-08-23,2.1970103092929607
2013-08-26,2.1400158122401587
2013-08-27,3.082612257475984
2013-08-28,3.094232490288482
2013-08-29,2.841097505785575
2013-08-30,3.0604815067406332
2013-09-03,3.09852424395703
2013-09-04,3.0802810817232604
2013-09-05,3.0102221381376575
2013-09-06,2.9846521763541025
2013-09-09,3.2706288026976997
2013-09-10,3.3560768218846078
2013-09-11,3.3490232648017333
2013-09-12,3.3352548325741593
2013-09-13,2.6618722956169143
2013-09-16,2.6626293383169837
2013-09-17,2.6177774101094693
2013-09-18,2.695637399441109
2013-09-19,2.618069673949457
2013-09-20,2.4606182052226613
2013-09-23,2.4709347238821397
2013-09-24,2.460542833852918
2013-09-25,1.52324504915465
2013-09-26,1.5508006960919132
2013-09-27,1.5055048775723792
2013-09-30,1.330501020183336
2013-10-01,1.513126396650623
2013-10-02,1.3833788329107102
2013-10-03,1.6404332715967933
2013-10-04,1.7465142296052054
2013-10-07,1.6804438298102724
2013-10-08,2.2326367544385373
2013-10-09,2.257392130377113
2013-10-10,3.2526189601987996
2013-10-11,3.3919725002656165
2013-10-14,3.404372269596498
2013-10-15,3.462939847884017
2013-10-16,3.5324551522367806
2013-10-17,3.6081723752147594
2013-10-18,3.722152351260565
2013-10-21,3.6934029581476118
2013-10-22,3.7067819804544095
2013-10-23,3.7676749504538
2013-10-24,3.763350839623839
2013-10-25,3.741895827261163
2013-10-28,3.6946987502816837
2013-10-29,3.490633799681306
2013-10-30,3.65732579214784
2013-10-31,3.447546801346063
2013-11-01,3.3605376867103516
2013-11-04,3.1828087120209454
2013-11-05,2.5613329335947177
2013-11-06,2.566388882613456
2013-11-07,2.232171662642093
2013-11-08,2.573005364243557
2013-11-11,2.534209614033248
2013-11-12,2.4003308861574997
2013-11-13,2.2654156941577495
2013-11-14,2.195706434671626
2013-11-15,2.0212242346315503
2013-11-18,2.1753583088402504
2013-11-19,2.211756336895184
2013-11-20,2.168781764726501
2013-11-21,2.4379392496034216
2013-11-22,2.457957684135409
2013-11-25,2.4600751555762246
2013-11-26,2.4860011250915512
2013-11-27,2.3367883948260584
2013-11-29,2.292354012577725
2013-12-02,2.4080553376067275
2013-12-03,2.384172609419447
2013-12-04,2.36556905864149
2013-12-05,2.3597169489764074
2013-12-06,1.8029688340207541
2013-12-09,1.312901533883339
2013-12-10,1.3934518642606144
2013-12-11,1.8820915569961365
2013-12-12,1.7418951714354574
2013-12-13,1.7299944577776245
2013-12-16,1.8329505915065003
2013-12-17,1.6958612105738897
2013-12-18,2.0473493986258693
2013-12-19,2.067951909886877
2013-12-20,2.0298894219760046
2013-12-23,2.1188078362448293
2013-12-24,2.119470625540407
2013-12-26,2.085140816408159
2013-12-27,2.064674237221314
2013-12-30,2.062080534280815
2013-12-31,1.953158253365879
2014-01-02,2.171236410627084
2014-01-03,2.180662852434371
2014-01-06,2.2342708853621267
2014-01-07,2.2042086356989734
2014-01-08,2.203596882658741
2014-01-09,2.1326935403081473
2014-01-10,1.6515027494192285
2014-01-13,2.1653344555325758
2014-01-14,2.5594914442663206
2014-01-15,2.5106703001705393
2014-01-16,2.492380041719685
2014-01-17,2.151349992700349
2014-01-21,2.138599621252328
2014-01-22,1.8834381716465791
2014-01-23,1.9373854279553928
2014-01-24,3.16632429010779
2014-01-27,3.424869924458889
2014-01-28,3.4790664113288363
2014-01-29,3.835187784737549
2014-01-30,4.247701926023756
2014-01-31,4.100266788321287
2014-02-03,5.742153233982135
2014-02-04,5.772208230424711
2014-02-05,5.722932131653719
2014-02-06,5.971472695657281
2014-02-07,6.358789951378135
2014-02-10,6.3527356230421
2014-02-11,6.012026178156525
2014-02-12,5.618401328080796
2014-02-13,5.701916521010066
2014-02-14,5.711908826740187
2014-02-18,5.713825667305827
2014-02-19,5.859445092873156
2014-02-20,5.952765821688997
2014-02-21,5.7845617190685665
2014-02-24,4.629988598325273
2014-02-25,4.367163104878314
2014-02-26,4.311843584706867
2014-02-27,3.99554119788347
2014-02-28,3.586127541790097
2014-03-03,3.6115508591067984
2014-03-04,2.7165816852712874
2014-03-05,2.6069132537485804
2014-03-06,2.537011668437655
2014-03-07,2.30354243195418
2014-03-10,1.9148576632362189
2014-03-11,2.052855611505258
2014-03-12,1.8617992256437528
2014-03-13,2.2803006520361397
2014-03-14,2.15771358215332
2014-03-17,2.2658069979824234
2014-03-18,2.418331850839621
2014-03-19,2.3520462286031836
2014-03-20,2.2743520484326085
2014-03-21,2.380901962037881
2014-03-24,2.551766683220278
2014-03-25,2.5548654816726355
2014-03-26,2.9692271936098327
2014-03-27,2.969987402356554
2014-03-28,2.95567808381689
2014-03-31,3.080953792449366
2014-04-01,2.596954660173357
2014-04-02,2.5977326630072484
2014-04-03,2.727797455754717
2014-04-04,3.678461508615231
2014-04-07,4.030257532082553
2014-04-08,3.9447100490780924
2014-04-09,4.298845496917101
2014-04-10,5.430168414511844
2014-04-11,5.748998076650286
2014-04-14,5.699854241602426
2014-04-15,5.515970973376754
2014-04-16,5.6347944925661775
2014-04-17,5.616747816115758
2014-04-21,5.532360232831125
2014-04-22,5.403411505617877
2014-04-23,5.492117163019409
2014-04-24,5.079277630714824
2014-04-25,5.531984554441935
2014-04-28,5.542886595268384
2014-04-29,5.3210967231776465
2014-04-30,5.054773285399971
2014-05-01,5.052926884644185
2014-05-02,4.922166010656165
2014-05-05,3.9619770373240684
2014-05-06,3.987872085571701
2014-05-07,3.9555365927639428
2014-05-08,3.670108299463455
2014-05-09,2.1663133523835927
2014-05-12,2.372292441324337
2014-05-13,2.3782334777451153
2014-05-14,2.546540309960109
2014-05-15,2.4708247391540272
2014-05-16,2.5010127260165866
2014-05-19,2.570639844201284
2014-05-20,2.6562910336429812
2014-05-21,2.6614740835279234
2014-05-22,2.7000058052376614
2014-05-23,2.3023552225729285
2014-05-27,2.48646967729775
2014-05-28,2.466903155272148
2014-05-29,2.4870976966070555
2014-05-30,2.501360251490889
2014-06-02,2.512627307220476
2014-06-03,2.509993794912111
2014-06-04,2.1394405362050226
2014-06-05,2.3961253371270463
2014-06-06,2.39328952384047
2014-06-09,2.3829590149262407
2014-06-10,1.8327555892175682
2014-06-11,1.793439260838202
2014-06-12,1.7295941152016454
2014-06-13,1.5745995341662855
2014-06-16,1.5385113548480915
2014-06-17,1.4732740941245839
2014-06-18,1.3479873517860153
2014-06-19,1.2430221389224112
2014-06-20,1.1913936140238348
2014-06-23,1.0999981252248587
2014-06-24,1.036204252241899
2014-06-25,1.0830579733909413
2014-06-26,1.0533013580943078
2014-06-27,1.0678169572126874
2014-06-30,1.05433800586112
2014-07-01,1.2235635280731794
2014-07-02,1.2289491126599796
2014-07-03,1.0073133679952497
2014-07-07,1.2000033824366572
2014-07-08,1.4757237770398084
2014-07-09,1.5094521442647273
2014-07-10,1.5854538441499184
2014-07-11,1.4521572443279231
2014-07-14,1.4964627710683358
2014-07-15,1.6049620169901577
2014-07-16,1.5859973362729467
2014-07-17,1.9890762883342643
2014-07-18,2.385164393129105
2014-07-21,2.4064726541029993
2014-07-22,2.4792922956205468
2014-07-23,2.3421935605025963
2014-07-24,2.2719871690156994
2014-07-25,2.3823670791191582
2014-07-28,2.364030105937866
2014-07-29,2.392917728399242
2014-07-30,2.234600944983015
2014-07-31,3.319336239094427
2014-08-01,3.289521790305817
2014-08-04,3.1413183182799895
2014-08-05,2.9940534309548825
2014-08-06,2.9584741772136924
2014-08-07,2.9194876668679353
2014-08-08,3.136554496155971
2014-08-11,3.1553164361549646
2014-08-12,3.089664636473583
2014-08-13,3.2031834618945147
2014-08-14,2.740243960237512
2014-08-15,2.3464046727412393
2014-08-18,2.5520335223786206
2014-08-19,2.502551615920553
2014-08-20,2.51001252788781
2014-08-21,2.513926617422025
2014-08-22,2.403352227391923
2014-08-25,2.420627781229255
2014-08-26,2.423613999894765
2014-08-27,2.410314852399351
2014-08-28,1.3437097356207655
2014-08-29,1.3463556205637721
2014-09-02,1.2434699902087567
2014-09-03,1.134648554998264
2014-09-04,1.1556108362242814
2014-09-05,1.1121202531332304
2014-09-08,0.9019651242097433
2014-09-09,1.0422565908855745
2014-09-10,1.0518785466419387
2014-09-11,0.9379195799302759
2014-09-12,1.0556707866136652
2014-09-15,1.2373816435815634
2014-09-16,1.10348720572516
2014-09-17,1.0748197711846825
2014-09-18,1.1176651443496446
2014-09-19,1.189639026264849
2014-09-22,1.5151298240744262
2014-09-23,1.6013097038404216
2014-09-24,1.7316746270514105
2014-09-25,2.4934893895780528
2014-09-26,2.625160661625352
2014-09-29,2.5980516807434855
2014-09-30,2.7192149011249382
2014-10-01,3.1993851313166153
2014-10-02,3.227427662808443
2014-10-03,3.417688753014218
2014-10-06,3.473492582449132
2014-10-07,3.8962732716733512
2014-10-08,4.6180947325909685
2014-10-09,5.7932032138462795
2014-10-10,6.3035596786985675
2014-10-13,6.595472421066162
2014-10-14,6.577178498761279
2014-10-15,6.714474328465057
2014-10-16,6.741243016844377
2014-10-17,6.903407330472942
2014-10-20,6.844702781227825
2014-10-21,7.622264912010938
2014-10-22,7.6748695722221
2014-10-23,7.374977922055646
2014-10-24,7.27800573393484
2014-10-27,7.26636957944704
2014-10-28,7.849432468661999
2014-10-29,7.3272818649567295
2014-10-30,7.343693859037235
2014-10-31,7.476657128481738
2014-11-03,7.407256719194725
2014-11-04,6.80051248930166
2014-11-05,6.04906248263077
2014-11-06,4.879427027534717
2014-11-07,4.230380844069053
2014-11-10,3.7788128154650016
2014-11-11,3.6995098255473997
2014-11-12,3.5770666128609165
2014-11-13,3.53730673763692
2014-11-14,3.2981308458242893
2014-11-17,3.0718414392745284
2014-11-18,2.233111352054153
2014-11-19,2.105973066330313
2014-11-20,1.7190905078719525
2014-11-21,1.6704736284059898
2014-11-24,1.7914267271310513
2014-11-25,1.074008700739228
2014-11-26,1.0870403713721788
2014-11-28,1.1371118058651015
2014-12-01,1.1069168807593677
2014-12-02,1.2305414380448325
2014-12-03,1.254963300862236
2014-12-04,1.2451726975505293
2014-12-05,1.2537657213429168
2014-12-08,1.4552942428568048
2014-12-09,1.594957428336681
2014-12-10,2.352086955101543
2014-12-11,2.3708027935850167
2014-12-12,2.788820703310461
2014-12-15,2.968199263148281
2014-12-16,3.1107013846359686
2014-12-17,4.174200100624965
2014-12-18,5.016368402502396
2014-12-19,4.961459368116497
2014-12-22,4.961314440333446
2014-12-23,4.846865811039872
2014-12-24,4.850084685749489
2014-12-26,4.873515484655
2014-12-29,4.756688073308828
2014-12-30,4.4995861873261
2014-12-31,4.561063226969452
2015-01-02,4.522468698848353
2015-01-05,5.099690978077832
2015-01-06,5.391031909938622
2015-01-07,5.4656095468639325
2015-01-08,5.9009725407150695
2015-01-09,5.285223101200055
2015-01-12,5.372840717774031
2015-01-13,4.917375602194673
2015-01-14,4.791927929266777
2015-01-15,4.988865200461949
2015-01-16,4.293066460171378
2015-01-20,3.3821430502516185
2015-01-21,3.381460348840296
2015-01-22,3.9258846238702376
2015-01-23,3.9504661735967326
2015-01-26,3.993451466145153
2015-01-27,4.364032333349809
2015-01-28,4.723020866548351
2015-01-29,4.851101855924556
2015-01-30,5.11726103563858
2015-02-02,5.319196320816433
2015-02-03,5.11113416019107
2015-02-04,4.824575235170165
2015-02-05,4.785093364253039
2015-02-06,4.217376948660721
2015-02-09,4.140139663797394
2015-02-10,4.224697636845559
2015-02-11,4.220516255632172
2015-02-12,4.38679151339284
2015-02-13,4.052753303160614
2015-02-17,3.628652877008238
2015-02-18,3.6075941109585252
2015-02-19,3.591139877045999
2015-02-20,3.074646460698758
2015-02-23,3.039678203192442
2015-02-24,2.9960334592264295
2015-02-25,2.573262029089374
2015-02-26,2.2258821898817294
2015-02-27,2.069570123985987
2015-03-02,1.7136737310559966
2015-03-03,1.563701460695003
2015-03-04,1.2097035077692104
2015-03-05,1.1799927777725323
2015-03-06,1.316330454099921
2015-03-09,1.3083165976124065
2015-03-10,1.7799980338372747
2015-03-11,1.5956262302913644
2015-03-12,1.9055185583751613
2015-03-13,1.7444623068067588
2015-03-16,1.94393237081264
2015-03-17,1.9572990818146807
2015-03-18,2.1528129341664712
2015-03-19,2.172713971463911
2015-03-20,2.244955176297178
2015-03-23,2.259269232267785
2015-03-24,2.304509345386818
2015-03-25,3.1483737863305272
2015-03-26,3.148077060021995
2015-03-27,3.146514904728602
2015-03-30,3.3351765269361926
2015-03-31,3.4124818042156755
2015-04-01,3.41017690877245
2015-04-02,3.414351404353714
2015-04-06,3.0970487104826248
2015-04-07,3.098331848984098
2015-04-08,2.629793280423824
2015-04-09,2.6349775432011087
2015-04-10,2.356378278496883
2015-04-13,2.3241000976225052
2015-04-14,2.0779484836693496
2015-04-15,2.137301485598914
2015-04-16,1.9447563051162953
2015-04-17,2.3778193140577746
2015-04-20,2.478395218775952
2015-04-21,2.4742769584858033
2015-04-22,2.451252589415426
2015-04-23,1.62559379321906
2015-04-24,1.648008602155104
2015-04-27,1.743192141281373
2015-04-28,1.472748640815254
2015-04-29,1.4356842711574256
2015-04-30,1.9642582390446879
2015-05-01,2.1766701832423565
2015-05-04,2.1318546041848707
2015-05-05,2.544748501965412
2015-05-06,2.5187172324517135
2015-05-07,2.5228540397553205
2015-05-08,2.754170708567698
2015-05-11,2.758451575005905
2015-05-12,2.7778241827543666
2015-05-13,2.7046916757060417
2015-05-14,2.967686577405205
2015-05-15,2.508467272023946
2015-05-18,2.3640123833898223
2015-05-19,2.36102741373615
2015-05-20,2.335570121904005
2015-05-21,2.3254165256617823
2015-05-22,2.303524852159173
2015-05-26,2.4421455656302182
2015-05-27,2.71142181802046
2015-05-28,2.6101073842464673
2015-05-29,2.1357859109206148
2015-06-01,1.9177958745453005
2015-06-02,1.9093805845273046
2015-06-03,1.534981436689072
2015-06-04,1.6821983724878735
2015-06-05,1.6814663633963352
2015-06-08,1.5452289816495965
2015-06-09,1.5221409233238246
2015-06-10,1.815157219347871
2015-06-11,1.8163369798862703
2015-06-12,1.6347742563825438
2015-06-15,1.677076302335717
2015-06-16,1.6575204711012599
2015-06-17,1.6539163949264128
2015-06-18,1.932937456109838
2015-06-19,1.9606709972815008
2015-06-22,2.020321923793957
2015-06-23,1.7488697175929964
2015-06-24,1.6067007148935732
2015-06-25,1.6133986936208626
2015-06-26,1.5650208835248904
2015-06-29,2.7101940898486676
2015-06-30,2.7450435714350165
2015-07-01,2.7347817573624935
2015-07-02,2.5713103652298583
2015-07-06,2.563239016334243
2015-07-07,2.4617356317285366
2015-07-08,3.0438340907458685
2015-07-09,2.7382422388976346
2015-07-10,3.1139392477779393
2015-07-13,3.3136650708317648
2015-07-14,3.325725836974366
2015-07-15,3.296185519262424
2015-07-16,3.4589046804033883
2015-07-17,3.238830710132099
2015-07-20,3.220298702117096
2015-07-21,3.1796281839684917
2015-07-22,3.2253139514743934
2015-07-23,3.195756315251797
2015-07-24,3.5063045134894724
2015-07-27,3.616662504425969
2015-07-28,2.67604049243353
2015-07-29,2.693317111992289
2015-07-30,2.6435860962769206
2015-07-31,2.637352110573504
2015-08-03,2.646232412863882
2015-08-04,2.631329646596221
2015-08-05,2.071953050653084
2015-08-06,2.4020348030984953
2015-08-07,2.0714182792254316
2015-08-10,2.08470982462237
2015-08-11,2.2801226779652053
2015-08-12,2.2503236527698975
2015-08-13,2.097819269254258
2015-08-14,2.073975716514286
2015-08-17,2.174259717671156
2015-08-18,2.2177236559996465
2015-08-19,2.3315040544152135
2015-08-20,3.4481263878269672
2015-08-21,4.745941394422998
2015-08-24,7.250722867153729
2015-08-25,7.194521687548995
2015-08-26,9.357575368725744
2015-08-27,10.189242861271717
2015-08-28,10.205505537459306
2015-08-31,10.278473431849598
2015-09-01,11.544873435716536
2015-09-02,12.110718326240434
2015-09-03,11.77305349042338
2015-09-04,11.94242130122142
2015-09-08,12.568214992312171
2015-09-09,12.547742959613867
2015-09-10,12.598251270423159
2015-09-11,12.614505383004913
2015-09-14,12.5987163147409
2015-09-15,12.679932052922215
2015-09-16,12.68523556181368
2015-09-17,12.535917723173352
2015-09-18,11.636117256449426
2015-09-21,10.026522055384774
2015-09-22,7.673639390818268
2015-09-23,7.5247438375681
2015-09-24,5.32035264290699
2015-09-25,4.610473764033654
2015-09-28,5.715113742849587
2015-09-29,5.641258538079827
2015-09-30,4.887925554478447
2015-10-01,4.2957432395802995
2015-10-02,4.628127847020973
2015-10-05,4.952655911538071
2015-10-06,4.079338733212703
2015-10-07,4.036304384600504
2015-10-08,4.063821230952575
2015-10-09,4.039519978772197
2015-10-12,4.019254431724723
2015-10-13,3.983662061179025
2015-10-14,3.962449736368285
2015-10-15,4.435197633498579
2015-10-16,4.1153433051001125
2015-10-19,4.108199991231258
2015-10-20,3.824504083604876
2015-10-21,3.9921245343523823
2015-10-22,4.2804829605137416
2015-10-23,4.489942071356096
2015-10-26,3.367243603392251
2015-10-27,3.4093076837144585
2015-10-28,3.416607359622739
2015-10-29,3.4770854711513137
2015-10-30,3.165323008733444
2015-11-02,2.986210207797815
2015-11-03,2.9499513680068126
2015-11-04,2.7700565816941056
2015-11-05,2.6948210916659625
2015-11-06,2.7188348128159676
2015-11-09,2.8972473053146013
2015-11-10,2.7396992422603827
2015-11-11,2.7190157486914845
2015-11-12,2.587577436275714
2015-11-13,2.7779114797534463
2015-11-16,2.9798980765429066
2015-11-17,2.9673620734609214
2015-11-18,3.1846734153645455
2015-11-19,2.8892066714789215
2015-11-20,2.597616648383447
2015-11-23,2.5894210072025414
2015-11-24,2.5360704317184806
2015-11-25,2.0291433087528947
2015-11-27,1.9688971272281666
2015-11-30,1.9664407708272766
2015-12-01,1.711843513924654
2015-12-02,1.8308469303533612
2015-12-03,2.2024870391394016
2015-12-04,2.652436270889697
2015-12-07,2.7944436397806016
2015-12-08,2.64613397070045
2015-12-09,2.8336051359242638
2015-12-10,2.804521502472208
2015-12-11,3.093273462279538
2015-12-14,2.9264444140393193
2015-12-15,2.901287142433795
2015-12-16,3.2214810865835375
2015-12-17,3.0998033863162737
2015-12-18,3.4422773802225874
2015-12-21,3.4833313454978403
2015-12-22,3.569137458502174
2015-12-23,3.742793604005332
2015-12-24,3.7174805135173288
2015-12-28,3.728205796587912
2015-12-29,3.887941343687706
2015-12-30,3.879100813025629
2015-12-31,3.9174479832808173
2016-01-04,4.113781100832808
2016-01-05,3.6643497037335466
2016-01-06,3.7318801202190075
2016-01-07,4.704167775371949
2016-01-08,4.733696982491009
2016-01-11,4.7277134119152295
2016-01-12,4.166178971331864
2016-01-13,5.379136947473702
2016-01-14,5.605756471761284
2016-01-15,5.932392902810255
2016-01-19,5.728237928979617
2016-01-20,5.452120868213615
2016-01-21,5.381164776215973
2016-01-22,6.020559596188159
2016-01-25,6.243221610406513
2016-01-26,6.572885250348191
2016-01-27,6.880581975808876
2016-01-28,6.741292600853055
2016-01-29,7.588294849297293
2016-02-01,7.417124894175016
2016-02-02,7.395129848736666
2016-02-03,7.406248246839352
2016-02-04,7.178723857369507
2016-02-05,7.032774299800225
2016-02-08,7.113705970016653
2016-02-09,7.119278715266861
2016-02-10,7.0434423697450015
2016-02-11,5.896937696464162
2016-02-12,5.93680048592173
2016-02-16,5.856594415447761
2016-02-17,6.198947884711136
2016-02-18,6.179417237337885
2016-02-19,6.183165701928521
2016-02-22,5.684043903405613
2016-02-23,5.432501311317031
2016-02-24,5.180243506292244
2016-02-25,4.980896587145122
2016-02-26,4.951424820740595
2016-02-29,4.051766969733773
2016-03-01,4.751334698071055
2016-03-02,4.253648139909881
2016-03-03,4.280261964430523
2016-03-04,4.287254161620734
2016-03-07,3.4806503002425453
2016-03-08,3.4879318033519104
2016-03-09,3.5076359972249014
2016-03-10,3.525640175083205
2016-03-11,3.8482136376229277
2016-03-14,3.401650358493319
2016-03-15,2.9275442771133315
2016-03-16,2.5765624453855276
2016-03-17,2.635590365418365
2016-03-18,2.6676056896157023
2016-03-21,2.4368794314376414
2016-03-22,2.271987581977091
2016-03-23,2.3854965890338087
2016-03-24,2.2658169916395083
2016-03-28,2.2505144841813087
2016-03-29,2.5983890921092985
2016-03-30,1.9125483391013187
2016-03-31,1.8621122355240871
2016-04-01,1.8697940357941796
2016-04-04,1.8839829533775379
2016-04-05,1.9548835122955126
2016-04-06,1.8320590864157533
2016-04-07,2.0062502761849115
2016-04-08,1.9936168224739
2016-04-11,1.5762589954659956
2016-04-12,1.6793048624295448
2016-04-13,1.881609088354401
2016-04-14,1.8250049114665032
2016-04-15,1.713301778156462
2016-04-18,1.7080845938808396
2016-04-19,1.7130497360381853
2016-04-20,1.712777704803171
2016-04-21,1.5411333629749688
2016-04-22,1.5910067184322345
2016-04-25,1.610523038093848
2016-04-26,1.2633317860290074
2016-04-27,1.2603791517849856
2016-04-28,1.3892492896535473
2016-04-29,1.3847115407141535
2016-05-02,1.43519317992422
2016-05-03,1.4867436353638104
2016-05-04,1.3526519559884087
2016-05-05,1.15347907716223
2016-05-06,1.1676875192379896
2016-05-09,1.1662962795853082
2016-05-10,1.2196625178401597
2016-05-11,1.0486818544848329
2016-05-12,1.0653290634080999
2016-05-13,1.1082591551282577
2016-05-16,1.2173142795610965
2016-05-17,1.3885218052256834
2016-05-18,1.4046365556597207
2016-05-19,1.4149252722187424
2016-05-20,1.5188948300735747
2016-05-23,1.5000790683162997
2016-05-24,1.839907313231307
2016-05-25,1.8744480590017076
2016-05-26,1.7399154334100377
2016-05-27,1.7467310673179561
2016-05-31,1.6716317341698155
2016-06-01,1.5167561102590423
2016-06-02,1.4844510003439608
2016-06-03,1.5023479603988315
2016-06-06,1.538693201403122
2016-06-07,1.5349266828696355
2016-06-08,1.4031781334515017
2016-06-09,1.2941078981275207
2016-06-10,1.4433624028657381
2016-06-13,1.4982887829338978
2016-06-14,1.3460709563488913
2016-06-15,1.1680352203705258
2016-06-16,1.155472806097144
2016-06-17,1.1581867164613848
2016-06-20,1.0814732154299296
2016-06-21,1.086538760724988
2016-06-22,0.7074303497648086
2016-06-23,0.9674470598442069
2016-06-24,2.56543241091189
2016-06-27,3.190084294688721
2016-06-28,3.5541199010127658
2016-06-29,3.9266539914138185
2016-06-30,4.138991630837382
2016-07-01,4.126773544575114
2016-07-05,4.17498067500224
2016-07-06,4.216364661160411
2016-07-07,4.195097663199137
2016-07-08,4.542506647042442
2016-07-11,4.431332677617797
2016-07-12,4.420685688158224
2016-07-13,4.425366095230839
2016-07-14,4.4442892294944025
2016-07-15,4.440925743815536
2016-07-18,4.418413297477797
2016-07-19,4.352070243710338
2016-07-20,4.4073633607404625
2016-07-21,4.416604472769655
2016-07-22,4.141487902276298
2016-07-25,2.5490860157835815
2016-07-26,1.8822817646386505
2016-07-27,1.5215488131415036
2016-07-28,1.1339270228736458
2016-07-29,0.9005202312679866
2016-08-01,0.894170261388469
2016-08-02,0.8876259396418114
2016-08-03,0.8741332190182511
2016-08-04,0.8681793286472745
2016-08-05,0.6324550263414556
2016-08-08,0.57922823922786
2016-08-09,0.4904314066734467
2016-08-10,0.5076938975161096
2016-08-11,0.5072815091771834
2016-08-12,0.5050029456353496
2016-08-15,0.5333981850090701
2016-08-16,0.5703971706193665
2016-08-17,0.5120656337273826
2016-08-18,0.5135244999906863
2016-08-19,0.48275462164591004
2016-08-22,0.47816093193364717
2016-08-23,0.48424445768208246
2016-08-24,0.5469914014621549
2016-08-25,0.5465716646022083
2016-08-26,0.5474994501081099
2016-08-29,0.5636165187960587
2016-08-30,0.4657079488779897
2016-08-31,0.4502969749653743
2016-09-01,0.4520010933995319
2016-09-02,0.3672003571301231
2016-09-06,0.3778531994827087
2016-09-07,0.38812162091360636
2016-09-08,0.3802357607145602
2016-09-09,1.3343945666503632
2016-09-12,1.6257534711774955
2016-09-13,1.893706582991237
2016-09-14,1.8448215343117014
2016-09-15,2.0329478438270554
2016-09-16,2.0267519152988642
2016-09-19,2.038616818020166
2016-09-20,2.041765217444941
2016-09-21,2.185631147177665
2016-09-22,2.2256459300106646
2016-09-23,2.2874036531137634
2016-09-26,2.4207976643728744
2016-09-27,2.4564325546948824
2016-09-28,2.4824560632931867
2016-09-29,2.6420173763752794
2016-09-30,2.7422526106532006
2016-10-03,2.717239374378894
2016-10-04,2.734519435728753
2016-10-05,2.7567708717596733
2016-10-06,2.7429414491525184
2016-10-07,1.8023945441560343
2016-10-10,1.5835056127439626
2016-10-11,1.6111607085106852
2016-10-12,1.6080410320040817
2016-10-13,1.468056960396638
2016-10-14,1.4589868704910995
2016-10-17,1.4569406832944485
2016-10-18,1.5139245380200503
2016-10-19,1.3603116473535255
2016-10-20,1.2495268495571934
2016-10-21,1.1885884282589427
2016-10-24,1.123175499353387
2016-10-25,1.1146408047283494
2016-10-26,1.1384554319132179
2016-10-27,1.0467966540545295
2016-10-28,0.9642416423485889
2016-10-31,0.9474264927317145
2016-11-01,1.0176969047848605
2016-11-02,1.1147676282327141
2016-11-03,1.171366474238863
2016-11-04,1.152497537784624
2016-11-07,1.8605353276930774
2016-11-08,1.5458767283151151
2016-11-09,2.010936376932609
2016-11-10,2.0772558265617596
2016-11-11,2.2945023337532824
2016-11-14,2.340714898665075
2016-11-15,2.367631290256292
2016-11-16,2.3665119319644026
2016-11-17,2.4079914551042148
2016-11-18,2.4171693935955956
2016-11-21,2.42047126285738
2016-11-22,2.403751480113603
2016-11-23,2.35939579987098
2016-11-25,2.291634068824736
2016-11-28,2.3698568856681286
2016-11-29,2.36945034739418
2016-11-30,2.33750821863028
2016-12-01,2.3214708315452377
2016-12-02,2.261543208908382
2016-12-05,2.418753147736334
2016-12-06,1.6913330447415906
2016-12-07,1.858956491658827
2016-12-08,1.4840522058551433
2016-12-09,1.3959600919586719
2016-12-12,1.24481894915776
2016-12-13,1.2524373042100534
2016-12-14,1.2953342297553812
2016-12-15,1.3181735154597016
2016-12-16,1.2859056390053787
2016-12-19,1.2873735970975124
2016-12-20,1.2542361619205542
2016-12-21,1.2490240622893627
2016-12-22,1.2886581558740118
2016-12-23,1.2877716929006122
2016-12-27,1.2057572960717402
2016-12-28,1.364319388029775
2016-12-29,1.2983267108069843
2016-12-30,1.257634018324336
2017-01-03,1.3472314396185665
2017-01-04,1.3185145893028127
2017-01-05,1.3296175314375174
2017-01-06,1.1688415933381058
2017-01-09,1.1176415027541613
2017-01-10,1.1215066970157666
2017-01-11,1.0570537328492473
2017-01-12,1.0486046362098564
2017-01-13,0.9448650661209156
2017-01-17,1.0569157315622586
2017-01-18,1.0511646759525624
2017-01-19,1.1064539041987
2017-01-20,1.077193363289413
2017-01-23,1.068059862013088
2017-01-24,1.1749841425289316
2017-01-25,1.2863729673418418
2017-01-26,1.2893604701342212
2017-01-27,1.1397040256985898
2017-01-30,1.3331682661024975
2017-01-31,1.276084473972587
2017-02-01,1.198324169133431
2017-02-02,1.0644765429725396
2017-02-03,1.1389045767816641
2017-02-06,1.163240757118915
2017-02-07,1.1369714253502254
2017-02-08,1.107461928040694
2017-02-09,1.2229036611467703
2017-02-10,1.1946260012090322
2017-02-13,1.2029910283902456
2017-02-14,1.0771628270365328
2017-02-15,1.118116690984525
2017-02-16,1.0647408923240147
2017-02-17,1.0604284987235986
2017-02-21,1.1014390508306964
2017-02-22,0.9674631050436642
2017-02-23,0.8917728249647638
2017-02-24,0.8743139746697738
2017-02-27,0.899687790061163
2017-02-28,0.8862889832289749
2017-03-01,1.3616858025001526
2017-03-02,1.5466615344730505
2017-03-03,1.5380670473298959
2017-03-06,1.4689427776640354
2017-03-07,1.4718569015913738
2017-03-08,1.4952361944349106
2017-03-09,1.5045961594054489
2017-03-10,1.4046803608674412
2017-03-13,1.3806753710457542
2017-03-14,1.4014897662466606
2017-03-15,1.5941221039317042
2017-03-16,1.5529723084317861
2017-03-17,1.545531542580129
2017-03-20,1.566207032441055
2017-03-21,2.4094165571620807
2017-03-22,2.4025486045732887
2017-03-23,2.367925015182122
2017-03-24,2.369752795235835
2017-03-27,2.337106590106668
2017-03-28,2.254635324757218
2017-03-29,1.7727849800848934
2017-03-30,1.6102497424584836
2017-03-31,1.6206089723679287
2017-04-03,1.6489590485839287
2017-04-04,1.5949980968052846
2017-04-05,1.6933231824663673
2017-04-06,1.7177691076881687
2017-04-07,1.7010605361641484
2017-04-10,1.6962308207576284
2017-04-11,1.6736905169286485
2017-04-12,1.6163958258405937
2017-04-13,1.7722275499067268
2017-04-17,1.972796093132739
2017-04-18,1.9620008810174205
2017-04-19,1.0722577633029136
2017-04-20,1.2533181121576722
2017-04-21,1.2635428842241552
2017-04-24,1.5938063530902427
2017-04-25,1.6986048356140238
2017-04-26,1.6140067735843378
2017-04-27,1.6142396295153343
2017-04-28,1.6707015294980656
2017-05-01,1.7037266251418053
2017-05-02,1.6286762035000772
2017-05-03,1.6777260427680083
2017-05-04,1.544541237102094
2017-05-05,1.5436205486811416
2017-05-08,1.5523319376967142
2017-05-09,1.5590993865752307
2017-05-10,1.5356501267988838
2017-05-11,1.4353137187862663
2017-05-12,1.298242805060054
2017-05-15,1.150437825098121
2017-05-16,1.1395864844632426
2017-05-17,2.6815025193875726
2017-05-18,2.538280005985468
2017-05-19,2.5818509790681814
2017-05-22,2.347698759661808
2017-05-23,2.242246496516553
2017-05-24,2.2408723863338786
2017-05-25,2.283142074312509
2017-05-26,2.1936203251465285
2017-05-30,2.195956327199764
2017-05-31,2.1775824683883798
2017-06-01,2.408049933482894
2017-06-02,2.5040279783039323
2017-06-05,2.503423619221052
2017-06-06,2.5249408196834224
2017-06-07,2.525299872701035
2017-06-08,2.6070616678557874
2017-06-09,2.9051438906848537
2017-06-12,2.922461947063222
2017-06-13,2.9249304908855667
2017-06-14,2.9701852547633267
2017-06-15,1.4780175846014487
2017-06-16,1.4388391124007014
2017-06-19,1.638215049528362
2017-06-20,1.7607996506901713
2017-06-21,1.803479975364334
2017-06-22,1.7973263524383873
2017-06-23,1.7805520434758435
2017-06-26,1.7989592860967982
2017-06-27,2.3044165698491645
2017-06-28,2.7676143283198087
2017-06-29,2.950945105610822
2017-06-30,2.8577773237188695
2017-07-03,2.8984287754304714
2017-07-05,2.9229250610048956
2017-07-06,3.3733048008471824
2017-07-07,3.51836461832927
2017-07-10,3.20151811139283
2017-07-11,3.169177436960883
2017-07-12,3.345761055987333
2017-07-13,3.2985252980762922
2017-07-14,3.301022770394961
2017-07-17,3.2876809586029268
2017-07-18,3.042769822347867
2017-07-19,2.954770160102202
2017-07-20,2.9087947848084856
2017-07-21,2.9224545425474533
2017-07-24,2.899443130389531
2017-07-25,2.9306676270944036
2017-07-26,2.403251599485235
2017-07-27,2.028787354121227
2017-07-28,1.5842579121622586
2017-07-31,1.6197687870960902
2017-08-01,1.553229024464877
2017-08-02,1.5803767897099434
2017-08-03,1.182006806584302
2017-08-04,0.9614585516767968
2017-08-07,0.9531207574561629
2017-08-08,0.9765739197809917
2017-08-09,0.8162350049021929
2017-08-10,1.9949273206193563
2017-08-11,1.9677162751405124
2017-08-14,2.442268990983613
2017-08-15,2.468575430026559
2017-08-16,2.3374487836177327
2017-08-17,3.443818437409946
2017-08-18,3.4356520238383697
2017-08-21,3.425103065172105
2017-08-22,3.779211037145953
2017-08-23,3.7982596276510265
2017-08-24,3.724187768396633
2017-08-25,3.7122015136890374
2017-08-28,3.680635517661164
2017-08-29,3.675268429933754
2017-08-30,3.737403081692912
2017-08-31,3.8630550969065576
2017-09-01,3.867442895374581
2017-09-05,4.131670923743345
2017-09-06,4.114331708779778
2017-09-07,4.040804580796526
2017-09-08,2.9167920916159122
2017-09-11,3.290924025489228
2017-09-12,2.856527352556287
2017-09-13,2.807217255540698
2017-09-14,2.8503734742771956
2017-09-15,1.7627166854722234
2017-09-18,1.774391795337862
2017-09-19,1.7725178388772487
2017-09-20,1.3761870213457212
2017-09-21,1.402898862180724
2017-09-22,1.3938364823471956
2017-09-25,1.5112349449571494
2017-09-26,1.507653256156599
2017-09-27,1.8993766070033473
2017-09-28,1.7559164965639482
2017-09-29,1.632034918904505
2017-10-02,1.7346679102031284
2017-10-03,1.4543383203957116
2017-10-04,1.4467014457977267
2017-10-05,1.5546356527947296
2017-10-06,1.5044698035541568
2017-10-09,1.1344800043007743
2017-10-10,1.1016282763390566
2017-10-11,1.1068721304150553
2017-10-12,1.0870542403674837
2017-10-13,1.0738869674055709
2017-10-16,1.056256100612372
2017-10-17,1.0694154938102702
2017-10-18,1.0743871117335932
2017-10-19,1.0270232806251025
2017-10-20,1.082735805838634
2017-10-23,1.1299489876879174
2017-10-24,1.1269380184250077
2017-10-25,0.8695976743059027
2017-10-26,0.8734122299856896
2017-10-27,1.4988291955149844
2017-10-30,1.529529336248262
2017-10-31,1.567169204461071
2017-11-01,1.610354222003631
2017-11-02,1.5000115122723106
2017-11-03,1.5587754956993092
2017-11-06,1.5239305635726341
2017-11-07,1.6786318619366032
2017-11-08,1.6792712972476362
2017-11-09,1.7904017198887647
2017-11-10,1.7921624203067374
2017-11-13,1.7856928450852443
2017-11-14,1.8242691628210181
2017-11-15,1.9810753363171103
2017-11-16,2.4880134380309884
2017-11-17,2.469215977877701
2017-11-20,2.333674774836834
2017-11-21,2.624123423641071
2017-11-22,2.492410516489408
2017-11-24,2.496601768385248
2017-11-27,1.837658903105869
2017-11-28,2.104716778764293
2017-11-29,2.3260231619684144
2017-11-30,2.470658700015007
2017-12-01,2.5408340725719554
2017-12-04,2.6677308710306975
2017-12-05,2.821459662703256
2017-12-06,2.687771154231648
2017-12-07,2.767221488956671
2017-12-08,2.7071336928151797
2017-12-11,2.7431682299890543
2017-12-12,2.7629623841914235
2017-12-13,2.7372446991705868
2017-12-14,2.7728161457585108
2017-12-15,2.783312429908306
2017-12-18,2.9855202667360476
2017-12-19,3.089004441939754
2017-12-20,2.806463971401826
2017-12-21,2.817062017168303
2017-12-22,2.8213036710899777
2017-12-26,2.82841061660576
2017-12-27,2.4068443046747214
2017-12-28,2.1496786215016472
2017-12-29,2.2048509625001307
2018-01-02,2.6289282106411975
2018-01-03,2.5973196030911883
2018-01-04,2.4691831513155353
2018-01-05,2.6230750660896702
2018-01-08,2.5428632625148433
2018-01-09,2.4686415078532726
2018-01-10,2.4427333971864393
2018-01-11,2.8469163970236906
2018-01-12,2.9661980810275055
2018-01-16,3.0049854935932614
2018-01-17,2.831713492695326
2018-01-18,2.643894331514077
2018-01-19,2.702207963004143
2018-01-22,2.9438303041913847
2018-01-23,2.9833685220184583
2018-01-24,3.0749450069175923
2018-01-25,3.043941223149651
2018-01-26,3.549706394858481
2018-01-29,3.7918618553071317
2018-01-30,4.113465385082549
2018-01-31,3.642849081669538
2018-02-01,3.517287874197762
2018-02-02,5.560163778209029
2018-02-05,11.175345183319394
2018-02-06,12.170545004142399
2018-02-07,12.321783784596308
2018-02-08,16.492369514254836
2018-02-09,16.595859954190225
2018-02-12,16.949245032432334
2018-02-13,16.727177184962887
2018-02-14,17.096008533148193
2018-02-15,17.46829467310392
2018-02-16,17.288518329841967
2018-02-20,17.156231592171345
2018-02-21,17.15495658173403
2018-02-22,17.052570399519894
2018-02-23,17.703929555327313
2018-02-26,17.474546071068687
2018-02-27,17.767979011057427
2018-02-28,17.625499941085685
2018-03-01,17.996130838182815
2018-03-02,18.27479108562118
2018-03-05,16.448156474604705
2018-03-06,10.74558316467672
2018-03-07,9.78907717172654
2018-03-08,9.665373384642178
2018-03-09,6.214532051532684
2018-03-12,5.698657507925029
2018-03-13,5.38629895762736
2018-03-14,5.439857344492023
2018-03-15,4.733364585340307
2018-03-16,4.3232105622414
2018-03-19,4.950181186951772
2018-03-20,4.833286542304766
2018-03-21,4.812858282210923
2018-03-22,6.431894059456134
2018-03-23,7.099366147110591
2018-03-26,8.587194870074542
2018-03-27,9.233006388009947
2018-03-28,8.868188422174779
2018-03-29,8.878300225234202
2018-04-02,9.949851400412333
2018-04-03,10.005774661081334
2018-04-04,10.24276784011167
2018-04-05,10.275864099408134
2018-04-06,11.277421758734905
2018-04-09,10.558341187541975
2018-04-10,11.236130456167173
2018-04-11,11.093012176825125
2018-04-12,11.143136203963532
2018-04-13,11.160737321457585
2018-04-16,11.252169750203558
2018-04-17,10.91973780363811
2018-04-18,10.91878312271391
2018-04-19,10.990237013915756
2018-04-20,9.571110628239584
2018-04-23,8.256157472839893
2018-04-24,6.857804070231093
2018-04-25,5.672083865345816
2018-04-26,5.842085429471597
2018-04-27,5.434562346677294
2018-04-30,4.2094245984682015
2018-05-01,3.9648976886223517
2018-05-02,3.697446694027666
2018-05-03,3.650443971822759
2018-05-04,2.9897051843027724
2018-05-07,3.047826091676021
2018-05-08,2.3700348211556608
2018-05-09,2.4632102925014903
2018-05-10,2.448367065029161
2018-05-11,2.4024126893402817
2018-05-14,2.30122511240422
2018-05-15,2.07925806409765
2018-05-16,2.164078297093119
2018-05-17,2.078465989716847
2018-05-18,1.8933779477876478
2018-05-21,1.9614008986855265
2018-05-22,1.6566887746160728
2018-05-23,1.6760624405593187
2018-05-24,1.4448486211992464
2018-05-25,1.4514999725771855
2018-05-29,1.4328845513423185
2018-05-30,1.6768537532724461
2018-05-31,1.7229528890399812
2018-06-01,1.9408097036116705
2018-06-04,1.6076161818542782
2018-06-05,1.5624142105186978
2018-06-06,1.6484387734545138
2018-06-07,1.5695900438727732
2018-06-08,1.4664748057565946
2018-06-11,1.4646343009928455
2018-06-12,1.4750645967930003
2018-06-13,1.4145058938915063
2018-06-14,1.3742602611141421
2018-06-15,1.3590785510966403
2018-06-18,1.3580266178650187
2018-06-19,1.306925622222273
2018-06-20,1.3058181322579874
2018-06-21,1.4640519782139314
2018-06-22,1.4717989791090826
2018-06-25,2.109671713557519
2018-06-26,1.9982271933196056
2018-06-27,2.1246637123401095
2018-06-28,2.070207390978606
2018-06-29,1.822568020384487
2018-07-02,1.8470336452505947
2018-07-03,1.8955923592431116
2018-07-05,1.9935757974244435
2018-07-06,2.1196099974301474
2018-07-09,2.222089140504422
2018-07-10,2.2533159493373205
2018-07-11,2.3407948470888145
2018-07-12,2.4670186192567174
2018-07-13,2.424706915547614
2018-07-16,2.4490967305259046
2018-07-17,2.47054744222763
2018-07-18,2.451208194466468
2018-07-19,2.4349714028454064
2018-07-20,2.2625247736127587
2018-07-23,2.2522808846193776
2018-07-24,1.7111761974124229
2018-07-25,1.8051059412977906
2018-07-26,1.4720414096708911
2018-07-27,1.850388882967009
2018-07-30,2.029837561237602
2018-07-31,2.062459526173777
2018-08-01,1.993770553462382
2018-08-02,1.9188576425780717
2018-08-03,1.7709109274013624
2018-08-06,1.7045485897423898
2018-08-07,1.6803560158317734
2018-08-08,1.5709017720492506
2018-08-09,1.4183952231202723
2018-08-10,1.5007507616340445
2018-08-13,1.533128749196838
2018-08-14,1.6003254762104706
2018-08-15,1.8854476360750407
2018-08-16,1.936106793939416
2018-08-17,1.9389262641768856
2018-08-20,1.9424983824189597
2018-08-21,1.9250259207371463
2018-08-22,1.80531927092705
2018-08-23,1.7265467064978206
2018-08-24,1.3598679931237931
2018-08-27,1.254778071189405
2018-08-28,1.16017112279672
2018-08-29,1.2201921252243257
2018-08-30,1.1308551979296178
2018-08-31,1.10669040090278
2018-09-04,1.0911034306462284
2018-09-05,1.1992825530861693
2018-09-06,1.3196391357077961
2018-09-07,1.329251564291584
2018-09-10,1.247264085862129
2018-09-11,1.2065810714082552
2018-09-12,1.108344206967971
2018-09-13,0.8617327349923076
2018-09-14,0.7767189196341799
2018-09-17,1.0138491384222346
2018-09-18,1.0604198178984992
2018-09-19,0.9950490713731626
2018-09-20,1.1367754969508665
2018-09-21,1.1587807164871706
2018-09-24,1.1191896366807408
2018-09-25,1.0475401685170147
2018-09-26,1.1449629749160297
2018-09-27,1.0953807950436318
2018-09-28,1.0705938439492302
2018-10-01,1.2142245846801463
2018-10-02,1.2821951111830685
2018-10-03,1.2234802171412584
2018-10-04,1.5181484256139997
2018-10-05,1.6775070851970537
2018-10-08,1.7059046342609263
2018-10-09,1.7029263991593147
2018-10-10,3.9597752883906736
2018-10-11,4.561738178736516
2018-10-12,4.941654770610785
2018-10-15,4.7726567644702005
2018-10-16,5.9069758027003365
2018-10-17,5.899594464883773
2018-10-18,6.321316130274768
2018-10-19,6.384388545022436
2018-10-22,6.373179793711911
2018-10-23,6.446776114918317
2018-10-24,8.688710663922151
2018-10-25,9.518402735737912
2018-10-26,9.965925530139426
2018-10-29,9.965849976641811
2018-10-30,10.337723111291591
2018-10-31,10.519024090144502
2018-11-01,10.551532952139329
2018-11-02,10.453485865112203
2018-11-05,10.444792155301936
2018-11-06,10.476775130096858
2018-11-07,8.890436265720064
2018-11-08,8.267120963751996
2018-11-09,8.226654107930294
2018-11-12,8.899577600483564
2018-11-13,7.717614212331297
2018-11-14,7.8071649612375085
2018-11-15,7.515490782055194
2018-11-16,7.4168929497263445
2018-11-19,8.12633115978844
2018-11-20,8.520933019768151
2018-11-21,6.3038474600226095
2018-11-23,5.486193956090973
2018-11-26,5.390359590118286
2018-11-27,5.2771953253608235
2018-11-28,5.719510947497345
2018-11-29,5.492038723688035
2018-11-30,5.110395760906416
2018-12-03,5.225577710361955
2018-12-04,7.160108747313883
2018-12-06,7.116383633435355
2018-12-07,7.2115520705023615
2018-12-10,7.212794091838495
2018-12-11,6.865436937086903
2018-12-12,6.2061272765082895
2018-12-13,6.312666776454745
2018-12-14,6.665929680702122
2018-12-17,6.999916212205991
2018-12-18,7.000682003277961
2018-12-19,6.711676637993994
2018-12-20,6.562582279021777
2018-12-21,7.181078533795683
2018-12-24,7.779303892977604
2018-12-26,10.45896337624952
2018-12-27,10.45541964692882
2018-12-28,9.554695064276284
2018-12-31,9.6217214113389
2019-01-02,9.574243866854212
2019-01-03,10.015586538510822
2019-01-04,9.572411372480095
2019-01-07,9.749116696193486
2019-01-08,9.130779382011799
2019-01-09,9.163150969252039
2019-01-10,9.183321614616045
2019-01-11,9.089993340133937
2019-01-14,9.045992691062025
2019-01-15,8.745109886530683
2019-01-16,8.151815285940787
2019-01-17,8.212388420118538
2019-01-18,7.91534791495931
2019-01-22,7.8648962375728715
2019-01-23,7.127107768731444
2019-01-24,6.527347103149968
2019-01-25,3.624312568942409
2019-01-28,3.652846428815574
2019-01-29,3.6603536715283886
2019-01-30,3.8502993718489575
2019-01-31,3.9349336266464334
2019-02-01,3.3054543346804737
2019-02-04,1.8810242004575322
2019-02-05,1.7197644206298854
2019-02-06,1.5700763966731348
2019-02-07,1.6247168037326145
2019-02-08,1.6025898271225916
2019-02-11,1.6272835027944776
2019-02-12,1.7518552203400823
2019-02-13,1.6020547568041668
2019-02-14,1.5862925341414882
2019-02-15,1.6762862812735162
2019-02-19,1.5395613587464334
2019-02-20,1.274580518844337
2019-02-21,1.2883546227379292
2019-02-22,1.3290811374186213
2019-02-25,1.1979639190880336
2019-02-26,1.1513257023018908
2019-02-27,1.1351047498590698
2019-02-28,0.8795952708365705
2019-03-01,0.8447216865352747
2019-03-04,0.88407097964368
2019-03-05,0.8013104741333061
2019-03-06,0.9833000367957372
2019-03-07,1.0743286916490504
2019-03-08,0.9668755340891696
2019-03-11,1.3132647860169933
2019-03-12,1.2958359810468931
2019-03-13,1.1443044202386
2019-03-14,1.144745985463201
2019-03-15,1.1700663159394393
2019-03-18,1.0389364198718036
2019-03-19,1.046753800055224
2019-03-20,1.065656845626218
2019-03-21,1.2202460294849364
2019-03-22,2.036288471498156
2019-03-25,2.04128433300512
2019-03-26,2.097404217281599
2019-03-27,2.128695839352162
2019-03-28,2.152219456692765
2019-03-29,2.1226094251599124
2019-04-01,2.2386863212689536
2019-04-02,2.232129823802416
2019-04-03,2.0464706093804237
2019-04-04,1.9564960117926553
2019-04-05,2.0081793632518474
2019-04-08,1.664609104934335
2019-04-09,1.753908627117724
2019-04-10,1.811463693910948
2019-04-11,1.8071979731636034
2019-04-12,1.8096528937733602
2019-04-15,1.7901491520311015
2019-04-16,1.7811155146495075
2019-04-17,1.7964037188940236
2019-04-18,1.6256471213253203
2019-04-22,0.7428597978732101
2019-04-23,0.9301721751875738
2019-04-24,0.8606195548283526
2019-04-25,0.854857025591566
2019-04-26,0.8641322492988823
2019-04-29,0.8343034978433623
2019-04-30,0.7104419027318204
2019-05-01,0.7931972970471672
2019-05-02,0.7839326999798896
2019-05-03,1.0599982957002294
2019-05-06,1.0286449021454527
2019-05-07,1.4859352764227076
2019-05-08,1.4009948646765387
2019-05-09,1.3184458908141765
2019-05-10,1.323162851491981
2019-05-13,2.3913044078561954
2019-05-14,2.527037205735187
2019-05-15,2.5842574555068754
2019-05-16,2.6239790158617295
2019-05-17,2.7518935617468383
2019-05-20,2.8601329451167863
2019-05-21,2.8060562971745435
2019-05-22,2.8389348772988674
2019-05-23,3.1173714657135543
2019-05-24,3.101587740219922
2019-05-28,3.1509320474476388
2019-05-29,3.1947116516948397
2019-05-30,3.1159572364215506
2019-05-31,3.339094915465364
2019-06-03,3.145242339354959
2019-06-04,3.8464154789374883
2019-06-05,3.433340257139503
2019-06-06,3.455185375750169
2019-06-07,3.6198560951614738
2019-06-10,3.6702279630290606
2019-06-11,2.5726845396818074
2019-06-12,2.4379774020002083
2019-06-13,2.437939699014713
2019-06-14,2.391501213235056
2019-06-17,2.292364700517751
2019-06-18,2.3328235390752923
2019-06-19,2.2043290687394554
2019-06-20,2.2364235609554646
2019-06-21,1.9615207489404427
2019-06-24,1.9948909571961029
2019-06-25,2.069933909859237
2019-06-26,1.9954847547629389
2019-06-27,2.110444942749083
2019-06-28,1.961025696768699
2019-07-01,1.931249464445808
2019-07-02,1.2156014158998931
2019-07-03,1.2337658693431988
2019-07-05,1.203512860001736
2019-07-08,1.0851048740554996
2019-07-09,1.0354659269316597
2019-07-10,1.0592781922822332
2019-07-11,1.0608984970524413
2019-07-12,1.042719085235146
2019-07-15,1.0164897822114944
2019-07-16,1.0002073411091565
2019-07-17,0.8945594906823278
2019-07-18,0.8923668601368565
2019-07-19,0.8679981731357719
2019-07-22,0.8561266589710957
2019-07-23,0.8425724727603445
2019-07-24,0.8399611788670811
2019-07-25,0.9361043860796616
2019-07-26,0.9253931150109658
2019-07-29,0.8638392319197166
2019-07-30,0.8523766913444002
2019-07-31,0.973163713587555
2019-08-01,1.0553334233015526
2019-08-02,1.178410632349204
2019-08-05,2.256999142595005
2019-08-06,2.4289393681446043
2019-08-07,2.40698890953871
2019-08-08,2.8801733003661107
2019-08-09,2.942115163078671
2019-08-12,3.095617813999017
2019-08-13,3.339422234335372
2019-08-14,4.243251634469482
2019-08-15,4.238650947138815
2019-08-16,4.537066214331362
2019-08-19,4.675393087076224
2019-08-20,4.685256941171284
2019-08-21,4.6293937997502494
2019-08-22,4.53481607354905
2019-08-23,5.2937427510790185
2019-08-26,5.420833703975026
2019-08-27,5.434471580896597
2019-08-28,5.3757302649276735
2019-08-29,5.454408491640279
2019-08-30,5.326815800044892
2019-09-03,4.3107871799632465
2019-09-04,4.255528007086938
2019-09-05,4.513058386306454
2019-09-06,4.035199090318093
2019-09-09,3.986007740156586
2019-09-10,3.8669527354309188
2019-09-11,3.8197848736496347
2019-09-12,2.8716311438366904
2019-09-13,2.867779419914221
2019-09-16,2.534082928969904
2019-09-17,2.3876555260118018
2019-09-18,2.340153271087209
2019-09-19,2.2680349310549275
2019-09-20,2.2925033182624612
2019-09-23,1.4228609510050165
2019-09-24,1.4413864604467452
2019-09-25,1.4652562614629894
2019-09-26,1.4435009716472607
2019-09-27,1.286479553720469
2019-09-30,1.3135073412250207
2019-10-01,1.409143123203006
2019-10-02,1.5168311161676253
2019-10-03,1.3239663666223433
2019-10-04,1.4901491024050983
2019-10-07,1.4476495551917679
2019-10-08,1.672731100642413
2019-10-09,1.5329126058648792
2019-10-10,1.5583654915492804
2019-10-11,1.7573207820558063
2019-10-14,1.7515316812133146
2019-10-15,1.8734543079266586
2019-10-16,1.8676353262286778
2019-10-17,1.9081536895013909
2019-10-18,1.9145033812362584
2019-10-21,1.9947964560221085
2019-10-22,1.8505917958349756
2019-10-23,1.7670189526151916
2019-10-24,1.7397398869724703
2019-10-25,1.7031915848105936
2019-10-28,1.738508739813676
2019-10-29,1.535427386870032
2019-10-30,1.3112023140184106
2019-10-31,1.2653805170133272
2019-11-01,1.2763863154855855
2019-11-04,1.2843044543223685
2019-11-05,1.0168560511759122
2019-11-06,0.9642257798373122
2019-11-07,0.9403387255546644
2019-11-08,0.7491032703127406
2019-11-11,0.7489803210991272
2019-11-12,0.6177557341752584
2019-11-13,0.6178602233188152
2019-11-14,0.5725110740412376
2019-11-15,0.5855333278768271
2019-11-18,0.5079786867383829
2019-11-19,0.48884864999812727
2019-11-20,0.516763934046598
2019-11-21,0.5108846374086587
2019-11-22,0.4825249972398665
2019-11-25,0.6535970513084015
2019-11-26,0.6379581127536568
2019-11-27,0.6610587568811008
2019-11-29,0.6743028008514479
2019-12-02,0.634658458790893
2019-12-03,0.6643843677298371
2019-12-04,0.7075743657879328
2019-12-05,0.689869716817065
2019-12-06,0.8096293791433438
2019-12-09,0.8212378939674616
2019-12-10,0.8167524311339299
2019-12-11,0.8230303357337961
2019-12-12,0.891505978210701
2019-12-13,0.9018358860341082
2019-12-16,0.9208121395128652
2019-12-17,0.9239261622209618
2019-12-18,0.9208306871263288
2019-12-19,0.9112633814496552
2019-12-20,0.9086787936197883
2019-12-23,0.9047466564095101
2019-12-24,0.6727788584698373
2019-12-26,0.705433421454649
2019-12-27,0.6965622178873574
2019-12-30,0.7365395194888045
2019-12-31,0.5998158573198336
2020-01-02,0.6822564373335885
2020-01-03,0.7513478260431036
2020-01-06,0.7687435288183757
2020-01-07,0.6625501687055084
2020-01-08,0.6754297263866429
2020-01-09,0.7295363621626262
2020-01-10,0.7569326092773686
2020-01-13,0.7875517898457611
2020-01-14,0.794601510255309
2020-01-15,0.7330979257435837
2020-01-16,0.9207425665654512
2020-01-17,0.9370693809012804
2020-01-21,0.9743199103328134
2020-01-22,0.9619575819383132
2020-01-23,0.9618342489042865
2020-01-24,1.2243666665368105
2020-01-27,1.7451641001122529
2020-01-28,1.9401622242977214
2020-01-29,1.8851162523423384
2020-01-30,1.8867026329911585
2020-01-31,2.4650546448606767
2020-02-03,2.544364352219366
2020-02-04,3.0508873293716725
2020-02-05,3.245300239070955
2020-02-06,3.2381207011582496
2020-02-07,3.3245006157198
2020-02-10,3.4086224847273576
2020-02-11,3.319734566450446
2020-02-12,3.3897058189563816
2020-02-13,3.394392973137527
2020-02-14,3.2102160767359513
2020-02-18,3.207910084507197
2020-02-19,3.208979266850865
2020-02-20,3.263886451200771
2020-02-21,3.6400252190589626
2020-02-24,5.576014008912408
2020-02-25,6.7532764312012175
2020-02-26,6.620649718109543
2020-02-27,9.576683442071147
2020-02-28,9.710710563015947
2020-03-02,11.5161203434809
2020-03-03,12.410535389322341
2020-03-04,13.82358054666832
2020-03-05,15.113415663444027
2020-03-06,15.552387546452858
2020-03-09,22.439400593347806
2020-03-10,24.298985900182892
2020-03-11,26.967352918123073
2020-03-12,34.38809102336242
2020-03-13,39.527052214623005
2020-03-16,47.76336204370126
2020-03-17,49.67479512825436
2020-03-18,51.75843183480184
2020-03-19,52.38520052741982
2020-03-20,52.737955706781044
2020-03-23,50.68543726294034
2020-03-24,52.21838982296397
2020-03-25,52.17748969795714
2020-03-26,50.62111193014312
2020-03-27,51.00036341465948
2020-03-30,48.87604904554756
2020-03-31,47.836114883812975
2020-04-01,46.896251617693935
2020-04-02,45.52291532010792
2020-04-03,45.203599971657376
2020-04-06,40.12923369554993
2020-04-07,38.15206456373044
2020-04-08,35.90069498807577
2020-04-09,28.628963760122502
2020-04-13,23.560928826675386
2020-04-14,15.65673800114524
2020-04-15,13.977349566031938
2020-04-16,11.870427907167057
2020-04-17,11.468504983839246
2020-04-20,10.805389727304954
2020-04-21,10.961406904081002
2020-04-22,7.868254438462628
2020-04-23,7.834738561315954
2020-04-24,6.490737361491054
2020-04-27,6.151093371846947
2020-04-28,5.801226088201674
2020-04-29,6.182492598566201
2020-04-30,5.30984440940262
2020-05-01,5.513693530334556
2020-05-04,5.3843233745915855
2020-05-05,3.4560748396218663
2020-05-06,3.4675677644161356
2020-05-07,3.0924571032090404
2020-05-08,3.0276043474868706
2020-05-11,2.953500803541933
2020-05-12,2.8140229335013567
2020-05-13,2.720627590203139
2020-05-14,2.7083887349361824
2020-05-15,2.456341589740251
2020-05-18,2.874924525861651
2020-05-19,2.618768431762707
2020-05-20,2.5951801305463236
2020-05-21,2.604878137088559
2020-05-22,2.532274820278581
2020-05-26,2.429783742069971
2020-05-27,2.4921789655727666
2020-05-28,2.1175599312193176
2020-05-29,2.0122654373220934
2020-06-01,1.686686679583153
2020-06-02,1.6840060261837646
2020-06-03,1.7261159733844096
2020-06-04,1.721958282668984
2020-06-05,1.8969656893381157
2020-06-08,1.7816379610137811
2020-06-09,1.8124803155795195
2020-06-10,1.6729358584926204
2020-06-11,2.6754442921416555
2020-06-12,2.7192407463659642
2020-06-15,2.7570112770953323
2020-06-16,2.380424587165526
2020-06-17,2.3577193639256597
2020-06-18,2.2090131194808356
2020-06-19,2.1950774916217624
2020-06-22,2.2137599935809136
2020-06-23,2.1427483987948164
2020-06-24,2.2622469693836096
2020-06-25,2.252379630123948
2020-06-26,2.424300298920783
2020-06-29,2.521173607480666
2020-06-30,2.5796826419523704
2020-07-01,2.526817053664731
2020-07-02,2.522023313553208
2020-07-06,2.3676174556509513
2020-07-07,2.3609524748634723
2020-07-08,2.3514861159060425
2020-07-09,2.3236114453457195
2020-07-10,1.2012737537732723
2020-07-13,1.2123036467219943
2020-07-14,1.1936495766601438
2020-07-15,1.184544644124197
2020-07-16,1.1727576774037378
2020-07-17,1.174084867696002
2020-07-20,1.2370357550249556
2020-07-21,1.236100499185615
2020-07-22,1.2322029866886288
2020-07-23,1.0879517387879931
2020-07-24,1.077096333940482
2020-07-27,0.9266891207658505
2020-07-28,0.8539396014258479
2020-07-29,0.8425074671134116
2020-07-30,0.8294242250031069
2020-07-31,0.8572714742378098
2020-08-03,0.8239994859819095
2020-08-04,0.7784018111995455
2020-08-05,0.7793996020919989
2020-08-06,0.7560270431231766
2020-08-07,0.7494941703807102
2020-08-10,0.6800682627886511
2020-08-11,0.6816637710495773
2020-08-12,0.6461019503597657
2020-08-13,0.6341242949450149
2020-08-14,0.6340017960021495
2020-08-17,0.5736730023066767
2020-08-18,0.5632266962210404
2020-08-19,0.5690090594281536
2020-08-20,0.49989672026594817
2020-08-21,0.47221000580816075
2020-08-24,0.4494996843932279
2020-08-25,0.42034011813580713
2020-08-26,0.3984113679062266
2020-08-27,0.39767285694707927
2020-08-28,0.3761444409567768
2020-08-31,0.3433125621121135
2020-09-01,0.3683170998490978
2020-09-02,0.3730328751755968
2020-09-03,0.8637720403441026
2020-09-04,0.8689099667588496
2020-09-08,1.1745150324789908
2020-09-09,1.2523429414332126
2020-09-10,1.2856584010858405
2020-09-11,1.2936200825034079
2020-09-14,1.3907540971273946
2020-09-15,1.3953282949037034
2020-09-16,1.413120624635253
2020-09-17,1.4375906397177853
2020-09-18,1.4580329999345203
2020-09-21,1.5526004520129688
2020-09-22,1.57545992766824
2020-09-23,1.808345233684959
2020-09-24,1.7682736159891264
2020-09-25,1.8555948588820115
2020-09-28,1.9420733432058452
2020-09-29,1.9360302349805483
2020-09-30,1.9163848156414924
2020-10-01,1.9165189809604315
2020-10-02,1.4870248703763913
2020-10-05,1.5868350621187888
2020-10-06,1.3274713115483308
2020-10-07,1.2915532235760074
2020-10-08,1.2090008235665177
2020-10-09,1.2235650294328972
2020-10-12,1.2130654498761038
2020-10-13,1.2099460167546296
2020-10-14,1.2032207504023158
2020-10-15,1.1818375928336478
2020-10-16,1.153532467671592
2020-10-19,1.1307034845702622
2020-10-20,1.0917066636396993
2020-10-21,0.8629546715316134
2020-10-22,0.8824461070557366
2020-10-23,0.7953670880103838
2020-10-26,0.8064638040954961
2020-10-27,0.8099069583634989
2020-10-28,1.1564014527602944
2020-10-29,1.1673332662748528
2020-10-30,1.1953945868270404
2020-11-02,1.1038321006225982
2020-11-03,1.167942637837354
2020-11-04,1.2623022868433331
2020-11-05,1.3971631818855275
2020-11-06,1.377349783540734
2020-11-09,1.4104730209141592
2020-11-10,1.4456071814498044
2020-11-11,1.4618482431868216
2020-11-12,1.4886660871167106
2020-11-13,1.5379169059889761
2020-11-16,1.5129610222041572
2020-11-17,1.515932155057458
2020-11-18,1.5451685107502793
2020-11-19,1.5345848863562872
2020-11-20,1.5401335591062484
2020-11-23,1.4561133758836804
2020-11-24,1.507816704022773
2020-11-25,1.1552395728465892
2020-11-27,1.1159215933009023
2020-11-30,1.0465991915760606
2020-12-01,1.0322184403036248
2020-12-02,0.9124379938560437
2020-12-03,0.7281389134109162
2020-12-04,0.6241697746828698
2020-12-07,0.6215566965029528
2020-12-08,0.5132359823894417
2020-12-09,0.5245394279149864
2020-12-10,0.49387636037625215
2020-12-11,0.45993433188584404
2020-12-14,0.41066899483399266
2020-12-15,0.4209598972534896
2020-12-16,0.4183771288961034
2020-12-17,0.3971001669039657
2020-12-18,0.39133137804170726
2020-12-21,0.3851957955890211
2020-12-22,0.3683349421693983
2020-12-23,0.3122560319003429
2020-12-24,0.30992313542124006
2020-12-28,0.3139722234880321
2020-12-29,0.31258841165358553
2020-12-30,0.2907280165576753
2020-12-31,0.294407215393595
2021-01-04,0.36100737606076644
2021-01-05,0.34362090173410653
2021-01-06,0.4518916225965518
2021-01-07,0.5368569439722868
2021-01-08,0.48982904843856306
2021-01-11,0.5068745144481029
2021-01-12,0.5202053531127931
2021-01-13,0.5224499133296419
2021-01-14,0.48708917608765673
2021-01-15,0.5192223917229402
2021-01-19,0.5357464213349508
2021-01-20,0.5817386705648149
2021-01-21,0.5872105716814263
2021-01-22,0.5900774192526306
2021-01-25,0.5884762060463
2021-01-26,0.5922779469392326
2021-01-27,0.7576016364841158
2021-01-28,0.7371518890615697
2021-01-29,0.8381689073124603
2021-02-01,0.9523161715925589
2021-02-02,0.9280265023658668
2021-02-03,0.9008669590395364
2021-02-04,0.8346683243122011
2021-02-05,0.749565180961047
2021-02-08,0.7869982891053562
2021-02-09,0.7622146715844262
2021-02-10,0.7509362491656723
2021-02-11,0.7452838778560105
2021-02-12,0.7198243977030824
2021-02-16,0.6929278736529068
2021-02-17,0.6705183833252797
2021-02-18,0.6532083660203379
2021-02-19,0.6728749373820042
2021-02-22,0.7454664208295083
2021-02-23,0.7534434109715672
2021-02-24,0.7974082962589234
2021-02-25,0.931663065428005
2021-02-26,0.9272600529539498
2021-03-01,1.0231750911472002
2021-03-02,0.9804052381033213
2021-03-03,1.0548984066665485
2021-03-04,1.1913553650482414
2021-03-05,1.2295698018381063
2021-03-08,1.2954311100412625
2021-03-09,1.4184032836776213
2021-03-10,1.4387471385690038
2021-03-11,1.5445810549720753
2021-03-12,1.556536978143647
2021-03-15,1.5680555360198798
2021-03-16,1.6110976268341275
2021-03-17,1.6021876667441066
2021-03-18,1.9362275597692644
2021-03-19,1.9169046597806112
2021-03-22,1.8760657091496697
2021-03-23,2.103716002971152
2021-03-24,2.247896880197885
2021-03-25,1.9917746498139581
2021-03-26,2.096003044163578
2021-03-29,2.030215412272236
2021-03-30,1.991568368402568
2021-03-31,1.9176216001917925
2021-04-01,1.874484881051648
2021-04-05,1.8924340091644418
2021-04-06,1.8221431803266714
2021-04-07,1.704619422795338
2021-04-08,1.7063453261777195
2021-04-09,1.6085929086433475
2021-04-12,1.6118507558074786
2021-04-13,1.618820339579203
2021-04-14,1.6176781809335161
2021-04-15,1.677060317579172
2021-04-16,1.3117366114431042
2021-04-19,1.3987469408715991
2021-04-20,1.4939643724767349
2021-04-21,1.3695888732118477
2021-04-22,1.2572959512341273
2021-04-23,1.3102276848878156
2021-04-26,1.2247878119422109
2021-04-27,1.0957995123188358
2021-04-28,1.0667300734719656
2021-04-29,1.0394374957643875
2021-04-30,1.0444316053414306
2021-05-03,0.9575577355315751
2021-05-04,1.124184030284435
2021-05-05,1.0838831090643504
2021-05-06,1.080904302600515
2021-05-07,1.114348556320262
2021-05-10,1.4870758347821842
2021-05-11,1.5162254546556777
2021-05-12,2.099178440131589
2021-05-13,2.1290634654711904
2021-05-14,2.4149801663851274
2021-05-17,2.3332933552272754
2021-05-18,2.2667291124360034
2021-05-19,2.17848871368174
2021-05-20,2.2013166974973877
2021-05-21,2.105923096632698
2021-05-24,2.154421233054221
2021-05-25,2.178766477786735
2021-05-26,2.2370608048303033
2021-05-27,2.2345047787571595
2021-05-28,2.13852168653929
2021-06-01,2.145561503894462
2021-06-02,1.970379755647406
2021-06-03,2.0213852814011117
2021-06-04,2.0720435608888086
2021-06-07,2.0597656461678033
2021-06-08,1.6877072779377325
2021-06-09,1.6645496291659412
2021-06-10,1.0656872867689438
2021-06-11,0.9920329781542383
2021-06-14,0.722740143687175
2021-06-15,0.7393448236003735
2021-06-16,0.6996444430209017
2021-06-17,0.7320433015916088
2021-06-18,0.8926021665395674
2021-06-21,1.0624441122240824
2021-06-22,1.0093454666988602
2021-06-23,0.9800274589029329
2021-06-24,0.9599867495224039
2021-06-25,0.9491659098821735
2021-06-28,0.9779543707242453
2021-06-29,0.9734650486738708
2021-06-30,0.9765869500103783
2021-07-01,0.9302037685389457
2021-07-02,0.9292876713739879
2021-07-06,0.9580828808016945
2021-07-07,0.9771775642470295
2021-07-08,1.055813528681649
2021-07-09,1.1908998392211272
2021-07-12,1.1762262180118168
2021-07-13,1.2845707826611
2021-07-14,1.3386472055258607
2021-07-15,1.3517393062709553
2021-07-16,1.4078688516827589
2021-07-19,1.411068808236946
2021-07-20,1.5897234319799087
2021-07-21,1.6798990010366777
2021-07-22,1.7497931779409022
2021-07-23,1.7723579132617808
2021-07-26,1.7698727937028422
2021-07-27,1.852648568486795
2021-07-28,1.8911028905438454
2021-07-29,1.898915930540633
2021-07-30,1.9413894238279685
2021-08-02,1.8871518907177873
2021-08-03,1.8556953783891657
2021-08-04,1.885295237409991
2021-08-05,1.8722744043210249
2021-08-06,1.715197353020803
2021-08-09,1.7276535094663195
2021-08-10,1.6123626738415453
2021-08-11,1.5326559654796994
2021-08-12,1.499492047597813
2021-08-13,1.4124590615490853
2021-08-16,1.1632502942258278
2021-08-17,0.9360482676702692
2021-08-18,0.9582239468089832
2021-08-19,0.9298959438915964
2021-08-20,0.9794207542880521
2021-08-23,1.1427095611012807
2021-08-24,1.0514782771629934
2021-08-25,0.9993180024937308
2021-08-26,1.0703294279291709
2021-08-27,1.253997152644941
2021-08-30,1.2735716454705124
2021-08-31,1.2444704122328292
2021-09-01,1.1853688193837841
2021-09-02,1.102279633005478
2021-09-03,1.1040990246028994
2021-09-07,1.121402355850564
2021-09-08,1.1741184672464662
2021-09-09,1.197334353661163
2021-09-10,1.3039203467087923
2021-09-13,1.281881996317833
2021-09-14,1.3637035324404716
2021-09-15,1.3034339134621482
2021-09-16,1.1779893028551558
2021-09-17,1.2428152962443575
2021-09-20,1.6981920289481742
2021-09-21,1.5362620713882786
2021-09-22,1.6299284704049088
2021-09-23,1.806852684637218
2021-09-24,1.736808258378062
2021-09-27,1.5615371875007344
2021-09-28,2.2930203536177496
2021-09-29,2.296183250559965
2021-09-30,2.4432104280328244
2021-10-01,2.586771535761978
2021-10-04,2.9301602650552647
2021-10-05,3.0114703681179114
2021-10-06,2.972972211548216
2021-10-07,3.0685560217668253
2021-10-08,2.9902104247463486
2021-10-11,3.0571808265507934
2021-10-12,2.972444588460252
2021-10-13,2.91863035256553
2021-10-14,3.230699727134863
2021-10-15,3.1615164560301485
2021-10-18,2.61151461380081
2021-10-19,2.6501826487047917
2021-10-20,2.5441421864056233
2021-10-21,2.3778803587970883
2021-10-22,2.407359592383446
2021-10-25,2.386734714647076
2021-10-26,1.64158493590817
2021-10-27,1.7775267847132177
2021-10-28,1.8342367108146977
2021-10-29,1.6837608961793087
2021-11-01,1.5029698581792519
2021-11-02,1.3958645704574444
2021-11-03,1.5032597900295612
2021-11-04,1.4094491101183704
2021-11-05,1.421934121500031
2021-11-08,1.3486097633186012
2021-11-09,1.3915464126922958
2021-11-10,1.6686193052658347
2021-11-11,1.3707379898446597
2021-11-12,1.3974395399830934
2021-11-15,1.385428472262286
2021-11-16,1.368241806129797
2021-11-17,1.4252203097306302
2021-11-18,1.435110046194128
2021-11-19,1.4294926556011753
2021-11-22,1.4939572596266146
2021-11-23,1.4918928810719796
2021-11-24,1.3547481766800549
2021-11-26,2.258973642418673
2021-11-29,2.5237461868808575
2021-11-30,2.902505888814704
2021-12-01,3.3443964962951993
2021-12-02,3.5735400562776705
2021-12-03,3.9144542746084072
2021-12-06,4.092289702771576
2021-12-07,4.885440411964897
2021-12-08,4.856171618093977
2021-12-09,4.8909569525171674
2021-12-10,4.948211300999135
2021-12-13,5.107919105739642
2021-12-14,5.239152355924611
2021-12-15,5.6365711172249515
2021-12-16,6.0035782959047985
2021-12-17,6.100650786373094
2021-12-20,6.313562349152713
2021-12-21,6.836712838536047
2021-12-22,6.942927715213505
2021-12-23,6.996943261545326
2021-12-27,6.085135051169544
2021-12-28,5.85060740187015
2021-12-29,5.297063949017904
2021-12-30,4.862887651302346
2021-12-31,4.5308388684240155
2022-01-03,4.2650630377821015
2022-01-04,4.116141855877673
2022-01-05,4.3569803440484245
2022-01-06,4.339253397339393
2022-01-07,4.1048874410522185
2022-01-10,4.035563447348009
2022-01-11,3.9557361460293636
2022-01-12,3.835264004995289
2022-01-13,3.841708806193451
2022-01-14,3.418204643604715
2022-01-18,4.066017827998608
2022-01-19,4.011866872450082
2022-01-20,3.627757105089036
2022-01-21,4.115591943146191
2022-01-24,4.208494854385078
2022-01-25,4.367179320357764
2022-01-26,4.385965343195838
2022-01-27,4.616003934569003
2022-01-28,5.461813169645913
2022-01-31,6.306987448438438
2022-02-01,6.279208604354602
2022-02-02,6.286630757695211
2022-02-03,6.245554085641077
2022-02-04,6.341282274176682
2022-02-07,6.276467646962951
2022-02-08,6.43383491318662
2022-02-09,6.649953374163116
2022-02-10,7.06600467588068
2022-02-11,7.160033951266672
2022-02-14,7.165653136538209
2022-02-15,6.942724605925473
2022-02-16,6.749387853873142
2022-02-17,7.2093404317498635
2022-02-18,6.700727729249934
2022-02-22,6.723417906056996
2022-02-23,6.883399113074087
2022-02-24,7.514046205415262
2022-02-25,7.8040074512064805
2022-02-28,6.957706051519557
2022-03-01,6.429098700506328
2022-03-02,6.808859287975183
2022-03-03,6.867039903484974
2022-03-04,6.073316671453692
2022-03-07,7.097523219369313
2022-03-08,7.113792881598178
2022-03-09,7.943128822568293
2022-03-10,7.62208445370446
2022-03-11,7.497940383737747
2022-03-14,7.226630481055302
2022-03-15,7.791692130636437
2022-03-16,8.207465515426314
2022-03-17,8.413468138641173
2022-03-18,7.923112723329332
2022-03-21,7.849103153939822
2022-03-22,7.879872133078993
2022-03-23,7.584580576205307
2022-03-24,7.151877195128131
2022-03-25,6.643390399303762
2022-03-28,6.701640948132242
2022-03-29,6.71859488173086
2022-03-30,6.434861848305137
2022-03-31,6.532870923794898
